Price,Adj Close,Close,High,Low,Open,Volume
Ticker,SPY,SPY,SPY,SPY,SPY,SPY
Date,,,,,,
2020-01-02,298.57861328125,324.8699951171875,324.8900146484375,322.5299987792969,323.5400085449219,59151200
2020-01-03,296.3177185058594,322.4100036621094,323.6400146484375,321.1000061035156,321.1600036621094,77709700
2020-01-06,297.4482421875,323.6400146484375,323.7300109863281,320.3599853515625,320.489990234375,55653900
2020-01-07,296.6119079589844,322.7300109863281,323.5400085449219,322.239990234375,323.0199890136719,40496400
2020-01-08,298.1927490234375,324.45001220703125,325.7799987792969,322.6700134277344,322.94000244140625,68296000
2020-01-09,300.2146301269531,326.6499938964844,326.7300109863281,325.5199890136719,326.1600036621094,48473300
2020-01-10,299.3507080078125,325.7099914550781,327.4599914550781,325.20001220703125,327.2900085449219,53029300
2020-01-13,301.4093933105469,327.95001220703125,327.9599914550781,325.9200134277344,326.3900146484375,47086800
2020-01-14,300.9499206542969,327.45001220703125,328.6199951171875,326.8399963378906,327.4700012207031,62832800
2020-01-15,301.6300354003906,328.19000244140625,329.0199890136719,327.260009765625,327.3500061035156,72056600
2020-01-16,304.1390686035156,330.9200134277344,330.9200134277344,329.45001220703125,329.70001220703125,54050300
2020-01-17,305.0856018066406,331.95001220703125,332.17999267578125,330.8500061035156,331.70001220703125,95846000
2020-01-21,304.4883117675781,331.29998779296875,332.17999267578125,330.82000732421875,330.8999938964844,77742400
2020-01-22,304.5249938964844,331.3399963378906,332.95001220703125,331.1700134277344,332.239990234375,48914900
2020-01-23,304.8742980957031,331.7200012207031,332.1700134277344,329.4100036621094,330.6300048828125,51963000
2020-01-24,302.1629943847656,328.7699890136719,332.5299987792969,327.3599853515625,332.44000244140625,87578400
2020-01-27,297.3195495605469,323.5,325.1199951171875,322.6600036621094,323.0299987792969,84062500
2020-01-28,300.4352111816406,326.8900146484375,327.8500061035156,323.6000061035156,325.05999755859375,63834000
2020-01-29,300.1871032714844,326.6199951171875,328.6300048828125,326.3999938964844,328.3800048828125,53888900
2020-01-30,301.1612548828125,327.67999267578125,327.9100036621094,323.5400085449219,324.3599853515625,75491800
2020-01-31,295.6927795410156,321.7300109863281,327.1700134277344,320.7300109863281,327.0,113845600
2020-02-03,297.88934326171875,324.1199951171875,326.1600036621094,323.2200012207031,323.3500061035156,69083000
2020-02-04,302.4295654296875,329.05999755859375,330.010009765625,327.7200012207031,328.07000732421875,62573200
2020-02-05,305.9219665527344,332.8599853515625,333.0899963378906,330.6700134277344,332.2699890136719,65951100
2020-02-06,306.95147705078125,333.9800109863281,334.19000244140625,332.79998779296875,333.9100036621094,50359700
2020-02-07,305.3154602050781,332.20001220703125,333.989990234375,331.6000061035156,332.82000732421875,64139400
2020-02-10,307.5947265625,334.67999267578125,334.75,331.19000244140625,331.2300109863281,42070000
2020-02-11,308.12774658203125,335.260009765625,337.0199890136719,334.67999267578125,336.1600036621094,54864500
2020-02-12,310.1130065917969,337.4200134277344,337.6499938964844,336.42999267578125,336.8299865722656,43992700
2020-02-13,309.7821350097656,337.05999755859375,338.1199951171875,335.55999755859375,335.8599853515625,54501900
2020-02-14,310.2784423828125,337.6000061035156,337.7300109863281,336.20001220703125,337.510009765625,64582200
2020-02-18,309.4788818359375,336.7300109863281,337.6700134277344,335.2099914550781,336.510009765625,57226200
2020-02-19,310.9586181640625,338.3399963378906,339.0799865722656,337.4800109863281,337.7900085449219,48814700
2020-02-20,309.6810607910156,336.95001220703125,338.6400146484375,333.67999267578125,337.739990234375,74163400
2020-02-21,306.4918212890625,333.4800109863281,335.80999755859375,332.5799865722656,335.4700012207031,113788200
2020-02-24,296.3268737792969,322.4200134277344,333.55999755859375,321.239990234375,323.1400146484375,161088400
2020-02-25,287.34759521484375,312.6499938964844,324.6099853515625,311.69000244140625,323.94000244140625,218913200
2020-02-26,286.2906494140625,311.5,318.1099853515625,310.70001220703125,314.17999267578125,194773800
2020-02-27,273.432861328125,297.510009765625,311.55999755859375,297.510009765625,305.4599914550781,284353500
2020-02-28,272.2840270996094,296.260009765625,297.8900146484375,285.5400085449219,288.70001220703125,384975800
2020-03-02,284.07574462890625,309.0899963378906,309.1600036621094,294.4599914550781,298.2099914550781,238703600
2020-03-03,275.9419250488281,300.239990234375,313.8399963378906,297.57000732421875,309.5,300139100
2020-03-04,287.54058837890625,312.8599853515625,313.1000061035156,303.3299865722656,306.1199951171875,176613400
2020-03-05,277.98223876953125,302.4599914550781,308.4700012207031,300.010009765625,304.9800109863281,186366800
2020-03-06,273.386962890625,297.4599914550781,298.7799987792969,290.2300109863281,293.1499938964844,228667200
2020-03-09,252.03683471679688,274.2300109863281,284.19000244140625,273.45001220703125,275.29998779296875,309417300
2020-03-10,265.0784606933594,288.4200134277344,288.5199890136719,273.5,284.6400146484375,276444100
2020-03-11,252.15635681152344,274.3599853515625,281.94000244140625,270.8800048828125,280.70001220703125,255316300
2020-03-12,228.03077697753906,248.11000061035156,266.6600036621094,247.67999267578125,256.0,392220700
2020-03-13,247.5242462158203,269.32000732421875,271.4800109863281,248.52000427246094,263.0899963378906,329566100
2020-03-16,220.43922424316406,239.85000610351562,256.8999938964844,237.36000061035156,241.17999267578125,297240000
2020-03-17,232.3411865234375,252.8000030517578,256.1700134277344,237.07000732421875,245.0399932861328,262070500
2020-03-18,220.5770721435547,240.0,248.3699951171875,228.02000427246094,236.25,327597100
2020-03-19,221.04579162597656,240.50999450683594,247.3800048828125,232.22000122070312,239.25,289322000
2020-03-20,211.51998901367188,228.8000030517578,244.47000122070312,228.5,242.52999877929688,347158800
2020-03-23,206.11183166503906,222.9499969482422,229.67999267578125,218.25999450683594,228.19000244140625,326025200
2020-03-24,224.7862091064453,243.14999389648438,244.10000610351562,233.8000030517578,234.4199981689453,235494500
2020-03-25,228.15135192871094,246.7899932861328,256.3500061035156,239.75,244.8699951171875,299430300
2020-03-26,241.47305297851562,261.20001220703125,262.79998779296875,249.0500030517578,249.52000427246094,257632800
2020-03-27,234.2805938720703,253.4199981689453,260.80999755859375,251.0500030517578,253.27000427246094,224341200
2020-03-30,241.88905334472656,261.6499938964844,262.42999267578125,253.52999877929688,255.6999969482422,171369500
2020-03-31,238.28359985351562,257.75,263.3299865722656,256.2200012207031,260.55999755859375,194881100
2020-04-01,227.5596466064453,246.14999389648438,257.6600036621094,243.89999389648438,247.97999572753906,189554600
2020-04-02,232.81068420410156,251.8300018310547,252.67999267578125,244.58999633789062,245.19000244140625,177660400
2020-04-03,229.4456024169922,248.19000244140625,253.32000732421875,245.22000122070312,250.75999450683594,135561200
2020-04-06,244.85659790039062,264.8599853515625,267.0,248.1699981689453,257.8399963378906,188061200
2020-04-07,245.1062469482422,265.1300048828125,275.0299987792969,264.8900146484375,274.2099914550781,201427200
2020-04-08,253.33399963378906,274.0299987792969,276.0,265.25,267.9599914550781,153774500
2020-04-09,257.18914794921875,278.20001220703125,281.20001220703125,275.4700012207031,277.5799865722656,189999200
2020-04-13,254.84095764160156,275.6600036621094,277.510009765625,271.4100036621094,277.1400146484375,114839100
2020-04-14,262.35693359375,283.7900085449219,284.8999938964844,275.510009765625,280.9800109863281,134143400
2020-04-15,256.7823181152344,277.760009765625,283.94000244140625,275.4599914550781,277.57000732421875,121775000
2020-04-16,258.0211486816406,279.1000061035156,280.0299987792969,275.760009765625,279.1499938964844,131798300
2020-04-17,264.9917297363281,286.6400146484375,287.29998779296875,282.3999938964844,285.3800048828125,146684800
2020-04-20,260.32305908203125,281.5899963378906,286.7900085449219,281.3500061035156,282.6099853515625,100109300
2020-04-21,252.4188232421875,273.0400085449219,278.0400085449219,272.0199890136719,276.7300109863281,126385700
2020-04-22,258.0211486816406,279.1000061035156,281.0,276.9100036621094,278.3500061035156,92951600
2020-04-23,258.0026550292969,279.0799865722656,283.94000244140625,278.75,280.489990234375,104709700
2020-04-24,261.598876953125,282.9700012207031,283.70001220703125,278.5,280.7300109863281,85063200
2020-04-27,265.3707580566406,287.04998779296875,288.2699890136719,284.6199951171875,285.1199951171875,77896600
2020-04-28,264.150390625,285.7300109863281,291.3999938964844,285.3999938964844,291.0199890136719,105270000
2020-04-29,271.0654602050781,293.2099914550781,294.8800048828125,290.4100036621094,291.5299987792969,118745600
2020-04-30,268.54168701171875,290.4800109863281,293.32000732421875,288.5899963378906,291.7099914550781,122901700
2020-05-01,261.4324951171875,282.7900085449219,290.6600036621094,281.5199890136719,285.30999755859375,125180000
2020-05-04,262.1535339355469,283.57000732421875,283.8999938964844,279.1300048828125,280.739990234375,80873200
2020-05-05,264.57562255859375,286.19000244140625,289.25,283.7099914550781,286.6400146484375,79569900
2020-05-06,262.7822570800781,284.25,288.4599914550781,283.7799987792969,288.0400085449219,73632600
2020-05-07,265.953125,287.67999267578125,289.7799987792969,287.1300048828125,287.75,75250400
2020-05-08,270.3536376953125,292.44000244140625,292.95001220703125,289.8599853515625,291.0899963378906,76452400
2020-05-11,270.4090576171875,292.5,294.0,289.8800048828125,290.3399963378906,79514200
2020-05-12,265.0194396972656,286.6700134277344,294.239990234375,286.5199890136719,293.7900085449219,95870800
2020-05-13,260.3323059082031,281.6000061035156,287.19000244140625,278.9599914550781,286.05999755859375,144721100
2020-05-14,263.44775390625,284.9700012207031,285.1099853515625,272.989990234375,278.95001220703125,121977900
2020-05-15,264.65887451171875,286.2799987792969,286.3299865722656,281.3399963378906,282.3699951171875,111146300
2020-05-18,272.7203369140625,295.0,296.75,292.70001220703125,293.04998779296875,119703800
2020-05-19,269.9191589355469,291.9700012207031,296.2099914550781,291.95001220703125,294.3500061035156,95189300
2020-05-20,274.5045166015625,296.92999267578125,297.8699951171875,295.57000732421875,295.82000732421875,85861700
2020-05-21,272.6094055175781,294.8800048828125,297.6700134277344,293.69000244140625,296.7900085449219,78293900
2020-05-22,273.1270751953125,295.44000244140625,295.6300048828125,293.2200012207031,294.57000732421875,63958200
2020-05-26,276.4921875,299.0799865722656,302.19000244140625,295.4599914550781,301.92999267578125,88951400
2020-05-27,280.60614013671875,303.5299987792969,303.57000732421875,296.8699951171875,302.1199951171875,104817400
2020-05-28,280.0883483886719,302.9700012207031,306.8399963378906,302.239990234375,304.6499938964844,90405200
2020-05-29,281.33648681640625,304.32000732421875,304.9599914550781,299.4700012207031,302.4599914550781,119090800
2020-06-01,282.4735412597656,305.54998779296875,306.2099914550781,303.05999755859375,303.6199951171875,55758300
2020-06-02,284.8124084472656,308.0799865722656,308.1300048828125,305.1000061035156,306.54998779296875,74267200
2020-06-03,288.602783203125,312.17999267578125,313.2200012207031,309.94000244140625,310.239990234375,92567600
2020-06-04,287.84466552734375,311.3599853515625,313.0,309.0799865722656,311.1099853515625,75794400
2020-06-05,295.2220764160156,319.3399963378906,321.2699890136719,317.1600036621094,317.2300109863281,150524700
2020-06-08,298.7904968261719,323.20001220703125,323.4100036621094,319.6300048828125,320.2200012207031,73641200
2020-06-09,296.5625,320.7900085449219,323.2799987792969,319.3599853515625,320.29998779296875,77479200
2020-06-10,294.90777587890625,319.0,322.3900146484375,318.2200012207031,321.4200134277344,95000800
2020-06-11,277.9066162109375,300.6099853515625,312.1499938964844,300.010009765625,311.4599914550781,209243600
2020-06-12,281.2347412109375,304.2099914550781,309.0799865722656,298.6000061035156,308.239990234375,194678900
2020-06-15,283.86016845703125,307.04998779296875,308.2799987792969,296.739990234375,298.0199890136719,135782700
2020-06-16,289.3238220214844,312.9599914550781,315.6400146484375,307.6700134277344,315.4800109863281,137627500
2020-06-17,288.1220703125,311.6600036621094,314.3900146484375,310.8599853515625,314.07000732421875,83398900
2020-06-18,288.2330322265625,311.7799987792969,312.29998779296875,309.510009765625,310.010009765625,80828700
2020-06-19,286.5857849121094,308.6400146484375,314.3800048828125,306.5299987792969,314.1700134277344,135549600
2020-06-22,288.4242858886719,310.6199951171875,311.04998779296875,306.75,307.989990234375,74649400
2020-06-23,289.75213623046875,312.04998779296875,314.5,311.6099853515625,313.489990234375,68471200
2020-06-24,282.3608703613281,304.0899963378906,310.510009765625,302.1000061035156,309.8399963378906,132813500
2020-06-25,285.38787841796875,307.3500061035156,307.6400146484375,301.2799987792969,303.4700012207031,89468000
2020-06-26,278.6095886230469,300.04998779296875,306.3900146484375,299.4200134277344,306.1600036621094,127961000
2020-06-29,282.7044372558594,304.4599914550781,304.6099853515625,298.92999267578125,301.4100036621094,79773300
2020-06-30,286.32568359375,308.3599853515625,310.20001220703125,303.82000732421875,303.989990234375,113394800
2020-07-01,288.33135986328125,310.5199890136719,311.8900146484375,309.07000732421875,309.57000732421875,72396500
2020-07-02,289.919189453125,312.2300109863281,315.70001220703125,311.510009765625,314.239990234375,69344200
2020-07-06,294.3948059082031,317.04998779296875,317.67999267578125,315.55999755859375,316.3699951171875,61713800
2020-07-07,291.3585205078125,313.7799987792969,317.5199890136719,313.3699951171875,315.3800048828125,82910000
2020-07-08,293.5870056152344,316.17999267578125,316.29998779296875,312.70001220703125,314.6099853515625,54638600
2020-07-09,291.9156799316406,314.3800048828125,317.1000061035156,310.67999267578125,316.8399963378906,83354200
2020-07-10,294.896240234375,317.5899963378906,317.8800048828125,312.760009765625,314.30999755859375,57550400
2020-07-13,292.3427429199219,314.8399963378906,322.7099914550781,314.1300048828125,320.1300048828125,102997500
2020-07-14,296.1311950683594,318.9200134277344,319.760009765625,312.0,313.29998779296875,93657000
2020-07-15,298.85186767578125,321.8500061035156,323.0400085449219,319.2699890136719,322.4100036621094,87196500
2020-07-16,297.86761474609375,320.7900085449219,321.2799987792969,319.0899963378906,319.7900085449219,54622500
2020-07-17,298.7311096191406,321.7200012207031,322.57000732421875,319.739990234375,321.8800048828125,62774900
2020-07-20,301.14532470703125,324.32000732421875,325.1300048828125,320.6199951171875,321.42999267578125,56308800
2020-07-21,301.78607177734375,325.010009765625,326.92999267578125,323.94000244140625,326.45001220703125,57292200
2020-07-22,303.5037841796875,326.8599853515625,327.20001220703125,324.5,324.6199951171875,57792900
2020-07-23,299.8825378417969,322.9599914550781,327.2300109863281,321.4800109863281,326.4700012207031,75738000
2020-07-24,297.95111083984375,320.8800048828125,321.989990234375,319.25,320.95001220703125,73766600
2020-07-27,300.1239318847656,323.2200012207031,323.4100036621094,320.7699890136719,321.6300048828125,48293000
2020-07-28,298.2204284667969,321.1700134277344,323.6400146484375,320.8500061035156,322.42999267578125,57495000
2020-07-29,301.8881530761719,325.1199951171875,325.7300109863281,322.0799865722656,322.1199951171875,48454200
2020-07-30,300.81109619140625,323.9599914550781,324.4100036621094,319.6400146484375,321.8999938964844,61861700
2020-07-31,303.1881408691406,326.5199890136719,326.6300048828125,321.3299865722656,325.8999938964844,84986800
2020-08-03,305.2958679199219,328.7900085449219,329.6199951171875,327.7300109863281,328.32000732421875,53077900
2020-08-04,306.4751281738281,330.05999755859375,330.05999755859375,327.8599853515625,327.8599853515625,41917900
2020-08-05,308.37860107421875,332.1099853515625,332.3900146484375,331.17999267578125,331.4700012207031,42697700
2020-08-06,310.4400329589844,334.3299865722656,334.4599914550781,331.1300048828125,331.4800109863281,43679400
2020-08-07,310.6628723144531,334.57000732421875,334.8800048828125,332.29998779296875,333.2799987792969,57308300
2020-08-10,311.5914611816406,335.57000732421875,335.7699890136719,332.9599914550781,335.05999755859375,44282100
2020-08-11,309.0194091796875,332.79998779296875,337.5400085449219,332.010009765625,336.8500061035156,69601100
2020-08-12,313.32781982421875,337.44000244140625,338.2799987792969,335.4100036621094,335.44000244140625,53774400
2020-08-13,312.7613830566406,336.8299865722656,338.25,335.8299865722656,336.6099853515625,41816100
2020-08-14,312.7706298828125,336.8399963378906,337.4200134277344,335.6199951171875,336.4100036621094,47260400
2020-08-17,313.76416015625,337.9100036621094,338.3399963378906,336.8500061035156,337.94000244140625,35481000
2020-08-18,314.44207763671875,338.6400146484375,339.1000061035156,336.6099853515625,338.3399963378906,38733900
2020-08-19,313.1329345703125,337.2300109863281,339.6099853515625,336.6199951171875,339.04998779296875,68054200
2020-08-20,314.1077880859375,338.2799987792969,338.79998779296875,335.2200012207031,335.3599853515625,42207800
2020-08-21,315.22216796875,339.4800109863281,339.7200012207031,337.54998779296875,337.9200134277344,55106600
2020-08-24,318.4162292480469,342.9200134277344,343.0,339.45001220703125,342.1199951171875,48588700
2020-08-25,319.5304870605469,344.1199951171875,344.2099914550781,342.2699890136719,343.5299987792969,38463400
2020-08-26,322.7340087890625,347.57000732421875,347.8599853515625,344.1700134277344,344.760009765625,50790200
2020-08-27,323.43963623046875,348.3299865722656,349.8999938964844,346.5299987792969,348.510009765625,58034100
2020-08-28,325.5288391113281,350.5799865722656,350.7200012207031,348.1499938964844,349.44000244140625,48588900
2020-08-31,324.3495788574219,349.30999755859375,351.29998779296875,349.05999755859375,350.3500061035156,66099200
2020-09-01,327.4045715332031,352.6000061035156,352.7099914550781,349.239990234375,350.2099914550781,54908700
2020-09-02,332.1401062011719,357.70001220703125,358.75,353.42999267578125,354.6700134277344,69540000
2020-09-03,320.7097473144531,345.3900146484375,356.3800048828125,342.5899963378906,355.8699951171875,148011100
2020-09-04,318.09124755859375,342.57000732421875,347.8299865722656,334.8699951171875,346.1300048828125,139156300
2020-09-08,309.4000549316406,333.2099914550781,342.6400146484375,332.8800048828125,336.7099914550781,114465300
2020-09-09,315.50994873046875,339.7900085449219,342.4599914550781,336.6099853515625,337.54998779296875,91462300
2020-09-10,310.0314636230469,333.8900146484375,342.5299987792969,332.8500061035156,341.82000732421875,90569500
2020-09-11,310.1893615722656,334.05999755859375,336.9700012207031,331.0,335.82000732421875,84680200
2020-09-14,314.2749328613281,338.4599914550781,340.3800048828125,334.2200012207031,337.489990234375,65605700
2020-09-15,315.86273193359375,340.1700134277344,342.0199890136719,338.4700012207031,341.1199951171875,52920900
2020-09-16,314.6091613769531,338.82000732421875,343.05999755859375,338.5199890136719,341.510009765625,82096000
2020-09-17,311.8421936035156,335.8399963378906,337.70001220703125,332.989990234375,333.55999755859375,91523300
2020-09-18,308.2519836425781,330.6499938964844,335.489990234375,327.9700012207031,335.3699951171875,105877900
2020-09-21,304.8212585449219,326.9700012207031,327.1300048828125,321.7300109863281,325.70001220703125,99450800
2020-09-22,307.9256896972656,330.29998779296875,330.8999938964844,325.8599853515625,328.57000732421875,63612100
2020-09-23,300.7846374511719,322.6400146484375,331.20001220703125,322.1000061035156,330.8999938964844,93112200
2020-09-24,301.58636474609375,323.5,326.79998779296875,319.79998779296875,321.2200012207031,76681300
2020-09-25,306.4621276855469,328.7300109863281,329.5799865722656,321.6400146484375,322.5799865722656,71069400
2020-09-28,311.5521545410156,334.19000244140625,334.9599914550781,332.1499938964844,333.2200012207031,64584600
2020-09-29,309.85552978515625,332.3699951171875,334.7699890136719,331.6199951171875,333.9700012207031,51304000
2020-09-30,312.2048034667969,334.8900146484375,338.2900085449219,332.8800048828125,333.0899963378906,104081100
2020-10-01,314.20916748046875,337.0400085449219,338.739990234375,335.010009765625,337.69000244140625,88698700
2020-10-02,311.2259521484375,333.8399963378906,337.010009765625,331.19000244140625,331.70001220703125,89431100
2020-10-05,316.744873046875,339.760009765625,339.9599914550781,336.010009765625,336.05999755859375,45713100
2020-10-06,312.24212646484375,334.92999267578125,342.1700134277344,334.3800048828125,339.9100036621094,90128900
2020-10-07,317.67724609375,340.760009765625,341.6300048828125,338.0899963378906,338.1199951171875,56999600
2020-10-08,320.49261474609375,343.7799987792969,343.8500061035156,341.8599853515625,342.8500061035156,45242500
2020-10-09,323.3547058105469,346.8500061035156,347.3500061035156,344.8900146484375,345.55999755859375,59528600
2020-10-12,328.556640625,352.42999267578125,354.0199890136719,349.05999755859375,349.5899963378906,80388500
2020-10-13,326.41241455078125,350.1300048828125,352.4700012207031,349.0899963378906,352.2799987792969,73255500
2020-10-14,324.36151123046875,347.92999267578125,351.92999267578125,347.1400146484375,350.75,57727900
2020-10-15,323.9606018066406,347.5,348.0199890136719,343.1300048828125,343.7099914550781,60357700
2020-10-16,323.76483154296875,347.2900085449219,350.75,347.1000061035156,348.9599914550781,89501900
2020-10-19,318.84246826171875,342.010009765625,349.3299865722656,341.0400085449219,348.6499938964844,68425600
2020-10-20,320.1196594238281,343.3800048828125,346.8800048828125,342.6400146484375,343.4599914550781,60051900
2020-10-21,319.5137023925781,342.7300109863281,345.6700134277344,342.3999938964844,343.3299865722656,63575000
2020-10-22,321.2663879394531,344.6099853515625,345.239990234375,340.6499938964844,342.9599914550781,55399300
2020-10-23,322.3570251464844,345.7799987792969,345.989990234375,343.1300048828125,345.92999267578125,49143900
2020-10-26,316.4000549316406,339.3900146484375,342.9800109863281,335.6199951171875,342.1300048828125,91473000
2020-10-27,315.3091735839844,338.2200012207031,340.1199951171875,337.989990234375,339.760009765625,65994100
2020-10-28,304.5322265625,326.6600036621094,338.25,326.1300048828125,332.1000061035156,127094300
2020-10-29,307.62738037109375,329.9800109863281,333.3999938964844,325.0899963378906,326.9100036621094,90597700
2020-10-30,304.4204406738281,326.5400085449219,329.69000244140625,322.6000061035156,328.2799987792969,120287300
2020-11-02,307.8324890136719,330.20001220703125,332.3599853515625,327.239990234375,330.20001220703125,86068300
2020-11-03,313.2676086425781,336.0299987792969,338.25,330.2900085449219,333.69000244140625,93294200
2020-11-04,320.26885986328125,343.5400085449219,347.94000244140625,339.5899963378906,340.8599853515625,126959700
2020-11-05,326.5149841308594,350.239990234375,352.19000244140625,348.8599853515625,349.239990234375,82039700
2020-11-06,326.44049072265625,350.1600036621094,351.510009765625,347.6499938964844,349.92999267578125,74973000
2020-11-09,330.54241943359375,354.55999755859375,364.3800048828125,354.05999755859375,363.9700012207031,172304200
2020-11-10,330.0575256347656,354.0400085449219,355.17999267578125,350.510009765625,353.489990234375,85552000
2020-11-11,332.5094909667969,356.6700134277344,357.55999755859375,355.05999755859375,356.3999938964844,58649000
2020-11-12,329.2838439941406,353.2099914550781,356.7200012207031,351.260009765625,355.5799865722656,67546200
2020-11-13,333.8425598144531,358.1000061035156,358.8999938964844,354.7099914550781,355.2699890136719,62892200
2020-11-16,338.009765625,362.57000732421875,362.7799987792969,359.5899963378906,360.9800109863281,74541100
2020-11-17,336.19195556640625,360.6199951171875,361.9200134277344,358.3399963378906,359.9700012207031,66111000
2020-11-18,332.1458435058594,356.2799987792969,361.5,356.239990234375,360.9100036621094,70591300
2020-11-19,333.5442199707031,357.7799987792969,358.17999267578125,354.1499938964844,355.6000061035156,59940900
2020-11-20,331.26019287109375,355.3299865722656,357.7200012207031,355.25,357.5,70417300
2020-11-23,333.2459411621094,357.4599914550781,358.82000732421875,354.8699951171875,357.2799987792969,63230600
2020-11-24,338.6156921386719,363.2200012207031,363.80999755859375,359.2900085449219,360.2099914550781,62415900
2020-11-25,338.0936584472656,362.6600036621094,363.1600036621094,361.4800109863281,363.1300048828125,45330900
2020-11-27,339.0352783203125,363.6700134277344,364.17999267578125,362.5799865722656,363.8399963378906,28514100
2020-11-30,337.5343322753906,362.05999755859375,363.1199951171875,359.1700134277344,362.8299865722656,83872700
2020-12-01,341.22607421875,366.0199890136719,367.67999267578125,364.92999267578125,365.57000732421875,74231400
2020-12-02,341.94390869140625,366.7900085449219,366.9599914550781,364.20001220703125,364.82000732421875,45927000
2020-12-03,341.8507080078125,366.69000244140625,368.19000244140625,365.5,366.67999267578125,62882000
2020-12-04,344.796630859375,369.8500061035156,369.8500061035156,367.2200012207031,367.32000732421875,50749900
2020-12-07,344.0880432128906,369.0899963378906,369.6199951171875,367.7200012207031,369.0199890136719,48944300
2020-12-08,345.094970703125,370.1700134277344,370.7799987792969,367.6700134277344,367.7200012207031,42458900
2020-12-09,341.9998779296875,366.8500061035156,371.04998779296875,365.95001220703125,370.8800048828125,74098300
2020-12-10,341.8880310058594,366.7300109863281,367.8599853515625,364.42999267578125,365.3699951171875,57735400
2020-12-11,341.4870910644531,366.29998779296875,366.739990234375,363.260009765625,364.8999938964844,57698600
2020-12-14,339.9581298828125,364.6600036621094,369.79998779296875,364.4700012207031,368.6400146484375,69216200
2020-12-15,344.5542907714844,369.5899963378906,369.5899963378906,365.9200134277344,367.3999938964844,63865300
2020-12-16,345.094970703125,370.1700134277344,371.1600036621094,368.8699951171875,369.82000732421875,58420500
2020-12-17,347.0247802734375,372.239990234375,372.4599914550781,371.04998779296875,371.94000244140625,64119500
2020-12-18,345.6391296386719,369.17999267578125,371.1499938964844,367.0199890136719,370.9700012207031,136542300
2020-12-21,344.4033203125,367.8599853515625,378.4599914550781,362.0299987792969,364.9700012207031,96386700
2020-12-22,343.82281494140625,367.239990234375,368.3299865722656,366.0299987792969,368.2099914550781,47949000
2020-12-23,344.1318054199219,367.57000732421875,369.6199951171875,367.2200012207031,368.2799987792969,46201400
2020-12-24,345.4706115722656,369.0,369.0299987792969,367.45001220703125,368.0799865722656,26457900
2020-12-28,348.4384765625,372.1700134277344,372.5899963378906,371.07000732421875,371.739990234375,39000400
2020-12-29,347.773681640625,371.4599914550781,374.0,370.8299865722656,373.80999755859375,53680500
2020-12-30,348.2698669433594,371.989990234375,373.1000061035156,371.57000732421875,372.3399963378906,49455300
2020-12-31,350.0393981933594,373.8800048828125,374.6600036621094,371.2300109863281,371.7799987792969,78520700
2021-01-04,345.27398681640625,368.7900085449219,375.45001220703125,364.82000732421875,375.30999755859375,110210800
2021-01-05,347.6520690917969,371.3299865722656,372.5,368.04998779296875,368.1000061035156,66426200
2021-01-06,349.73046875,373.54998779296875,376.9800109863281,369.1199951171875,369.7099914550781,107997700
2021-01-07,354.9265441894531,379.1000061035156,379.8999938964844,375.9100036621094,376.1000061035156,68766800
2021-01-08,356.9488220214844,381.260009765625,381.489990234375,377.1000061035156,380.5899963378906,71677200
2021-01-11,354.542724609375,378.69000244140625,380.5799865722656,377.7200012207031,377.8500061035156,51034700
2021-01-12,354.6175842285156,378.7699890136719,379.8599853515625,376.3599853515625,378.8900146484375,52547700
2021-01-13,355.5725402832031,379.7900085449219,380.8599853515625,377.8500061035156,378.69000244140625,45303600
2021-01-14,354.32733154296875,378.4599914550781,381.1300048828125,378.1000061035156,380.5899963378906,49989100
2021-01-15,351.7434387207031,375.70001220703125,377.5799865722656,373.70001220703125,376.7200012207031,107160000
2021-01-19,354.5052795410156,378.6499938964844,379.2300109863281,376.75,378.3399963378906,51233300
2021-01-20,359.41119384765625,383.8900146484375,384.7900085449219,380.69000244140625,381.1099853515625,61836100
2021-01-21,359.7388000488281,384.239990234375,384.95001220703125,383.25,384.489990234375,47840100
2021-01-22,358.4655456542969,382.8800048828125,384.1300048828125,381.8399963378906,382.25,52860500
2021-01-25,359.87921142578125,384.3900146484375,384.7699890136719,378.4599914550781,383.6700134277344,70402000
2021-01-26,359.3175354003906,383.7900085449219,385.8500061035156,383.5400085449219,385.4100036621094,42665300
2021-01-27,350.5356750488281,374.4100036621094,380.32000732421875,372.010009765625,380.2200012207031,123351100
2021-01-28,353.5502624511719,377.6300048828125,381.92999267578125,375.8900146484375,376.3599853515625,94198100
2021-01-29,346.4723205566406,370.07000732421875,376.6700134277344,368.2699890136719,375.6300048828125,126765100
2021-02-01,352.2395935058594,376.2300109863281,377.3399963378906,370.3800048828125,373.7200012207031,75817600
2021-02-02,357.2204284667969,381.54998779296875,383.2200012207031,376.32000732421875,379.6499938964844,64450700
2021-02-03,357.50115966796875,381.8500061035156,383.70001220703125,380.4800109863281,382.44000244140625,52427100
2021-02-04,361.5645446777344,386.19000244140625,386.239990234375,381.9700012207031,382.9599914550781,47142600
2021-02-05,362.9875183105469,387.7099914550781,388.4700012207031,386.1400146484375,388.20001220703125,48669800
2021-02-08,365.6090087890625,390.510009765625,390.55999755859375,388.3500061035156,389.2699890136719,38365200
2021-02-09,365.3655700683594,390.25,390.8900146484375,389.1700134277344,389.6099853515625,35551100
2021-02-10,365.2063293457031,390.0799865722656,392.2799987792969,387.5,392.1199951171875,59154400
2021-02-11,365.7962341308594,390.7099914550781,391.69000244140625,388.1000061035156,391.239990234375,42913300
2021-02-12,367.6031799316406,392.6400146484375,392.8999938964844,389.7699890136719,389.8500061035156,50593300
2021-02-16,367.2848815917969,392.29998779296875,394.1700134277344,391.5299987792969,393.9599914550781,50972400
2021-02-17,367.3691101074219,392.3900146484375,392.6600036621094,389.3299865722656,390.4200134277344,52290600
2021-02-18,365.8055725097656,390.7200012207031,391.5199890136719,387.739990234375,389.5899963378906,59712800
2021-02-19,365.15960693359375,390.0299987792969,392.3800048828125,389.54998779296875,392.07000732421875,83241000
2021-02-22,362.35089111328125,387.0299987792969,389.6199951171875,386.739990234375,387.05999755859375,67414200
2021-02-23,362.7909240722656,387.5,388.95001220703125,380.20001220703125,384.6600036621094,107284100
2021-02-24,366.7887268066406,391.7699890136719,392.2300109863281,385.2699890136719,386.3299865722656,72433900
2021-02-25,357.95062255859375,382.3299865722656,391.8800048828125,380.7799987792969,390.4100036621094,146670500
2021-02-26,356.1062316894531,380.3599853515625,385.5799865722656,378.2300109863281,384.3500061035156,152701600
2021-03-01,364.7383117675781,389.5799865722656,390.9200134277344,380.57000732421875,385.5899963378906,105348800
2021-03-02,361.8920593261719,386.5400085449219,390.07000732421875,386.0,389.82000732421875,79595300
2021-03-03,357.0986328125,381.4200134277344,386.8299865722656,381.30999755859375,385.7900085449219,119940200
2021-03-04,352.6796569824219,376.70001220703125,384.0,371.8800048828125,381.2200012207031,183433000
2021-03-05,359.167724609375,383.6300048828125,384.760009765625,372.6400146484375,380.4599914550781,152039600
2021-03-08,357.3795471191406,381.7200012207031,387.67999267578125,381.4200134277344,384.6600036621094,123149200
2021-03-09,362.4820251464844,387.1700134277344,389.9100036621094,385.30999755859375,385.8500061035156,113633600
2021-03-10,364.7383117675781,389.5799865722656,391.3999938964844,388.1700134277344,389.69000244140625,109899400
2021-03-11,368.43646240234375,393.5299987792969,395.6499938964844,391.739990234375,392.2300109863281,86245000
2021-03-12,368.93255615234375,394.05999755859375,394.2099914550781,391.20001220703125,392.07000732421875,64653600
2021-03-15,371.1327819824219,396.4100036621094,396.69000244140625,392.0299987792969,394.3299865722656,73427200
2021-03-16,370.6645812988281,395.9100036621094,397.8299865722656,395.0799865722656,397.07000732421875,73722500
2021-03-17,371.9285583496094,397.260009765625,398.1199951171875,393.29998779296875,394.5299987792969,97959300
2021-03-18,366.51715087890625,391.4800109863281,396.7200012207031,390.75,394.4800109863281,115349100
2021-03-19,365.8389587402344,389.4800109863281,391.57000732421875,387.1499938964844,389.8800048828125,113624500
2021-03-22,368.76019287109375,392.5899963378906,394.07000732421875,389.9700012207031,390.0299987792969,73778600
2021-03-23,365.8577575683594,389.5,393.4599914550781,388.6600036621094,391.9100036621094,90686600
2021-03-24,363.9979553222656,387.5199890136719,392.75,387.4700012207031,391.0,97588600
2021-03-25,366.04571533203125,389.70001220703125,390.54998779296875,383.8999938964844,385.9800109863281,116128600
2021-03-26,371.94439697265625,395.9800109863281,396.4100036621094,390.2900085449219,390.92999267578125,114409100
2021-03-29,371.75653076171875,395.7799987792969,396.75,392.80999755859375,394.3999938964844,108107600
2021-03-30,370.77032470703125,394.7300109863281,395.45001220703125,393.0199890136719,394.4200134277344,76262200
2021-03-31,372.2731628417969,396.3299865722656,398.0,395.30999755859375,395.3399963378906,112734200
2021-04-01,376.29339599609375,400.6099853515625,400.6700134277344,398.17999267578125,398.3999938964844,99682900
2021-04-05,381.6943664550781,406.3599853515625,406.94000244140625,403.3800048828125,403.4599914550781,91684800
2021-04-06,381.4689636230469,406.1199951171875,407.239990234375,405.3999938964844,405.760009765625,62021000
2021-04-07,381.910400390625,406.5899963378906,406.9599914550781,405.45001220703125,405.94000244140625,55836300
2021-04-08,383.7232666015625,408.5199890136719,408.5799865722656,406.92999267578125,407.92999267578125,57863100
2021-04-09,386.5129699707031,411.489990234375,411.6700134277344,408.260009765625,408.3900146484375,61104600
2021-04-12,386.6538391113281,411.6400146484375,411.92999267578125,410.20001220703125,410.8500061035156,56704900
2021-04-13,387.7998046875,412.8599853515625,413.5299987792969,411.1199951171875,411.5299987792969,56551000
2021-04-14,386.4754333496094,411.45001220703125,413.9599914550781,410.8699951171875,412.8299865722656,61659900
2021-04-15,390.6272277832031,415.8699951171875,416.1600036621094,413.69000244140625,413.739990234375,60229800
2021-04-16,391.9327392578125,417.260009765625,417.9100036621094,415.7300109863281,417.25,82037300
2021-04-19,390.0072021484375,415.2099914550781,416.739990234375,413.7900085449219,416.260009765625,78498500
2021-04-20,387.1517028808594,412.1700134277344,415.0899963378906,410.5899963378906,413.9100036621094,81851800
2021-04-21,390.8149719238281,416.07000732421875,416.2900085449219,411.3599853515625,411.510009765625,66793000
2021-04-22,387.2456359863281,412.2699890136719,416.7799987792969,411.1300048828125,415.8900146484375,97582800
2021-04-23,391.4443664550781,416.739990234375,418.25,412.7900085449219,412.8699951171875,73209200
2021-04-26,392.2615051269531,417.6099853515625,418.2200012207031,416.80999755859375,417.44000244140625,52182400
2021-04-27,392.177001953125,417.5199890136719,418.1400146484375,416.29998779296875,417.92999267578125,51303100
2021-04-28,392.06427001953125,417.3999938964844,419.010009765625,416.8999938964844,417.80999755859375,51238900
2021-04-29,394.5627136230469,420.05999755859375,420.7200012207031,416.44000244140625,420.32000732421875,78544300
2021-04-30,391.97027587890625,417.29998779296875,418.5400085449219,416.3399963378906,417.6300048828125,85527000
2021-05-03,392.8157043457031,418.20001220703125,419.8399963378906,417.6700134277344,419.42999267578125,68128300
2021-05-04,390.3923645019531,415.6199951171875,416.6000061035156,411.6700134277344,416.07000732421875,101591200
2021-05-05,390.5144348144531,415.75,417.6300048828125,415.1499938964844,417.3800048828125,60162200
2021-05-06,393.63287353515625,419.07000732421875,419.2099914550781,413.67999267578125,415.8299865722656,74321400
2021-05-07,396.4977722167969,422.1199951171875,422.82000732421875,419.1600036621094,419.8900146484375,67733800
2021-05-10,392.571533203125,417.94000244140625,422.739990234375,417.80999755859375,422.5,81852400
2021-05-11,389.06787109375,414.2099914550781,415.2699890136719,410.05999755859375,413.1000061035156,116888000
2021-05-12,380.8020324707031,405.4100036621094,412.5899963378906,404.0,411.2300109863281,134811000
2021-05-13,385.37640380859375,410.2799987792969,412.3500061035156,407.0199890136719,407.07000732421875,106394000
2021-05-14,391.2940368652344,416.5799865722656,417.489990234375,413.17999267578125,413.2099914550781,82201600
2021-05-17,390.2983703613281,415.5199890136719,416.3900146484375,413.3599853515625,415.3900146484375,65129200
2021-05-18,386.9356994628906,411.94000244140625,416.05999755859375,411.7699890136719,415.79998779296875,59810200
2021-05-19,385.9212951660156,410.8599853515625,411.04998779296875,405.3299865722656,406.9200134277344,106467100
2021-05-20,390.0729675292969,415.2799987792969,416.6300048828125,411.6700134277344,411.79998779296875,78022200
2021-05-21,389.7536315917969,414.94000244140625,418.20001220703125,414.45001220703125,416.8699951171875,76578700
2021-05-24,393.726806640625,419.1700134277344,420.32000732421875,417.0799865722656,417.3399963378906,51376700
2021-05-25,392.8532409667969,418.239990234375,420.7099914550781,417.6199951171875,420.3299865722656,57451400
2021-05-26,393.63287353515625,419.07000732421875,419.6099853515625,417.760009765625,418.8699951171875,43088600
2021-05-27,393.8395080566406,419.2900085449219,420.7200012207031,418.989990234375,420.1700134277344,56707700
2021-05-28,394.5439758300781,420.0400085449219,421.25,419.7900085449219,420.9700012207031,58520200
2021-06-01,394.1965026855469,419.6700134277344,422.7200012207031,419.20001220703125,422.57000732421875,54216600
2021-06-02,394.8164978027344,420.3299865722656,421.2300109863281,419.2900085449219,420.3699951171875,49097100
2021-06-03,393.35113525390625,418.7699890136719,419.989990234375,416.2799987792969,417.8500061035156,58138800
2021-06-04,396.9486999511719,422.6000061035156,422.9200134277344,418.8399963378906,420.75,55938800
2021-06-07,396.5635070800781,422.19000244140625,422.7799987792969,421.19000244140625,422.5899963378906,51555000
2021-06-08,396.6480712890625,422.2799987792969,423.2099914550781,420.32000732421875,423.1099853515625,47134300
2021-06-09,396.0563049316406,421.6499938964844,423.260009765625,421.4100036621094,423.17999267578125,48436300
2021-06-10,397.8973388671875,423.6099853515625,424.6300048828125,421.54998779296875,422.9599914550781,51020100
2021-06-11,398.5548095703125,424.30999755859375,424.42999267578125,422.82000732421875,424.20001220703125,45570800
2021-06-14,399.44720458984375,425.260009765625,425.3699951171875,423.1000061035156,424.42999267578125,42358500
2021-06-15,398.7145690917969,424.4800109863281,425.4599914550781,423.5400085449219,425.4200134277344,51508500
2021-06-16,396.4883728027344,422.1099853515625,424.8699951171875,419.9200134277344,424.6300048828125,80386100
2021-06-17,396.35687255859375,421.9700012207031,423.0199890136719,419.32000732421875,421.6700134277344,90949700
2021-06-18,391.00982666015625,414.9200134277344,417.8299865722656,414.70001220703125,417.0899963378906,118676300
2021-06-21,396.6075439453125,420.8599853515625,421.05999755859375,415.92999267578125,416.79998779296875,72822000
2021-06-22,398.7278747558594,423.1099853515625,424.0,420.0799865722656,420.8500061035156,57700300
2021-06-23,398.2473449707031,422.6000061035156,424.04998779296875,422.510009765625,423.19000244140625,49445400
2021-06-24,400.60321044921875,425.1000061035156,425.54998779296875,424.6199951171875,424.8900146484375,45110300
2021-06-25,402.0261535644531,426.6099853515625,427.0899963378906,425.54998779296875,425.8999938964844,58129500
2021-06-28,402.8367004394531,427.4700012207031,427.6499938964844,425.8900146484375,427.1700134277344,53159600
2021-06-29,403.0533752441406,427.70001220703125,428.55999755859375,427.1300048828125,427.8800048828125,35970500
2021-06-30,403.3926086425781,428.05999755859375,428.7799987792969,427.17999267578125,427.2099914550781,64827900
2021-07-01,405.6260986328125,430.42999267578125,430.6000061035156,428.79998779296875,428.8699951171875,53441000
2021-07-02,408.7264709472656,433.7200012207031,434.1000061035156,430.5199890136719,431.6700134277344,57697700
2021-07-06,407.98193359375,432.92999267578125,434.010009765625,430.010009765625,433.7799987792969,68710400
2021-07-07,409.4237976074219,434.4599914550781,434.760009765625,431.510009765625,433.6600036621094,63549500
2021-07-08,406.087890625,430.9200134277344,431.7300109863281,427.5199890136719,428.7799987792969,97595200
2021-07-09,410.42266845703125,435.5199890136719,435.8399963378906,430.7099914550781,432.5299987792969,76238600
2021-07-12,411.8929138183594,437.0799865722656,437.3500061035156,434.9700012207031,435.42999267578125,52889600
2021-07-13,410.4886779785156,435.5899963378906,437.8399963378906,435.30999755859375,436.239990234375,52911300
2021-07-14,411.1012878417969,436.239990234375,437.9200134277344,434.9100036621094,437.3999938964844,64130400
2021-07-15,409.6971740722656,434.75,435.5299987792969,432.7200012207031,434.80999755859375,55126400
2021-07-16,406.48358154296875,431.3399963378906,436.05999755859375,430.9200134277344,436.010009765625,75874700
2021-07-19,400.4806823730469,424.9700012207031,431.4100036621094,421.9700012207031,426.19000244140625,147987000
2021-07-20,406.21978759765625,431.05999755859375,432.4200134277344,424.8299865722656,425.67999267578125,99608200
2021-07-21,409.50860595703125,434.54998779296875,434.70001220703125,431.010009765625,432.3399963378906,64724400
2021-07-22,410.3662109375,435.4599914550781,435.7200012207031,433.69000244140625,434.739990234375,47878500
2021-07-23,414.58807373046875,439.94000244140625,440.29998779296875,436.7900085449219,437.5199890136719,63766600
2021-07-26,415.60577392578125,441.0199890136719,441.0299987792969,439.260009765625,439.30999755859375,43719200
2021-07-27,413.71160888671875,439.010009765625,439.94000244140625,435.989990234375,439.9100036621094,67397100
2021-07-28,413.5419616699219,438.8299865722656,440.29998779296875,437.30999755859375,439.67999267578125,52472400
2021-07-29,415.25714111328125,440.6499938964844,441.79998779296875,439.80999755859375,439.82000732421875,47435300
2021-07-30,413.2405090332031,438.510009765625,440.05999755859375,437.7699890136719,437.9100036621094,68951200
2021-08-02,412.37347412109375,437.5899963378906,440.92999267578125,437.2099914550781,440.3399963378906,58783300
2021-08-03,415.7282409667969,441.1499938964844,441.2799987792969,436.1000061035156,438.44000244140625,58053900
2021-08-04,413.6833190917969,438.9800109863281,441.1199951171875,438.7300109863281,439.7799987792969,46732200
2021-08-05,416.30316162109375,441.760009765625,441.8500061035156,439.8800048828125,440.2200012207031,38969700
2021-08-06,416.9910583496094,442.489990234375,442.94000244140625,441.79998779296875,442.1000061035156,46930000
2021-08-09,416.6518249511719,442.1300048828125,442.79998779296875,441.30999755859375,442.4599914550781,41222600
2021-08-10,417.1701354980469,442.67999267578125,443.44000244140625,441.8800048828125,442.6099853515625,43339300
2021-08-11,418.2066955566406,443.7799987792969,443.8800048828125,442.6199951171875,443.82000732421875,44034300
2021-08-12,419.4601135253906,445.1099853515625,445.260009765625,442.6600036621094,443.6199951171875,38909400
2021-08-13,420.2234802246094,445.9200134277344,445.94000244140625,445.07000732421875,445.5899963378906,39470300
2021-08-16,421.2129821777344,446.9700012207031,447.1099853515625,442.8699951171875,444.5299987792969,73740000
2021-08-17,418.4517822265625,444.0400085449219,444.9599914550781,440.8500061035156,444.239990234375,92673900
2021-08-18,413.8717956542969,439.17999267578125,444.6300048828125,438.9200134277344,442.9599914550781,89351900
2021-08-19,414.51263427734375,439.8599853515625,441.1400146484375,436.1199951171875,436.2699890136719,92812200
2021-08-20,417.8109130859375,443.3599853515625,443.7099914550781,439.7099914550781,440.2300109863281,72008700
2021-08-23,421.4862060546875,447.260009765625,448.2300109863281,443.44000244140625,445.1600036621094,54973000
2021-08-24,422.15533447265625,447.9700012207031,448.5400085449219,447.4200134277344,447.9700012207031,38744700
2021-08-25,423.04119873046875,448.9100036621094,449.4599914550781,447.7699890136719,448.1700134277344,40529700
2021-08-26,420.5438537597656,446.260009765625,448.8599853515625,446.1600036621094,448.6099853515625,57829600
2021-08-27,424.30389404296875,450.25,450.6499938964844,447.05999755859375,447.1199951171875,77235100
2021-08-30,426.16986083984375,452.2300109863281,453.07000732421875,450.7099914550781,450.9700012207031,48357400
2021-08-31,425.5384521484375,451.55999755859375,452.489990234375,450.9200134277344,452.1300048828125,59300200
2021-09-01,425.7645263671875,451.79998779296875,453.1099853515625,451.54998779296875,452.55999755859375,48721400
2021-09-02,427.0744934082031,453.19000244140625,454.04998779296875,451.9100036621094,453.32000732421875,42501000
2021-09-03,426.9708251953125,453.0799865722656,453.6300048828125,451.54998779296875,451.9800109863281,47170500
2021-09-07,425.4442138671875,451.4599914550781,452.80999755859375,450.739990234375,452.7099914550781,51671500
2021-09-08,424.92584228515625,450.9100036621094,451.6700134277344,448.8599853515625,450.8900146484375,56181900
2021-09-09,423.1070556640625,448.9800109863281,452.57000732421875,448.7200012207031,450.70001220703125,57970400
2021-09-10,419.7711181640625,445.44000244140625,451.489990234375,445.30999755859375,451.0400085449219,89948200
2021-09-13,420.8454284667969,446.5799865722656,448.9200134277344,444.1099853515625,448.6400146484375,83738600
2021-09-14,418.5743713378906,444.1700134277344,448.3399963378906,443.2200012207031,448.1199951171875,78197100
2021-09-15,422.0704345703125,447.8800048828125,448.4100036621094,443.44000244140625,444.6199951171875,78792200
2021-09-16,421.40142822265625,447.1700134277344,448.3599853515625,444.0199890136719,447.32000732421875,77786700
2021-09-17,417.2964782714844,441.3999938964844,445.3699951171875,441.0199890136719,444.9200134277344,118425000
2021-09-20,410.3384094238281,434.0400085449219,436.55999755859375,428.8599853515625,434.8800048828125,166445500
2021-09-21,409.9508056640625,433.6300048828125,437.9100036621094,433.07000732421875,436.5299987792969,92526100
2021-09-22,413.9498596191406,437.8599853515625,440.0299987792969,433.75,436.04998779296875,102350100
2021-09-23,418.97930908203125,443.17999267578125,444.8900146484375,439.6000061035156,439.8500061035156,76396000
2021-09-24,419.6695251464844,443.9100036621094,444.6700134277344,441.2099914550781,441.44000244140625,62094800
2021-09-27,418.4688415527344,442.6400146484375,444.04998779296875,441.8999938964844,442.80999755859375,61371100
2021-09-28,410.03582763671875,433.7200012207031,440.0400085449219,432.94000244140625,439.69000244140625,130436300
2021-09-29,410.7260437011719,434.45001220703125,437.0400085449219,433.8500061035156,435.19000244140625,82329200
2021-09-30,405.7060241699219,429.1400146484375,436.7699890136719,428.7799987792969,436.0199890136719,140506000
2021-10-01,410.5274658203125,434.239990234375,436.0299987792969,427.2300109863281,430.9800109863281,129240100
2021-10-04,405.2333068847656,428.6400146484375,433.9599914550781,426.3599853515625,433.0,128570000
2021-10-05,409.4497985839844,433.1000061035156,435.489990234375,429.3900146484375,430.239990234375,90682500
2021-10-06,411.1514892578125,434.8999938964844,435.1199951171875,427.5400085449219,429.2699890136719,113032200
2021-10-07,414.70611572265625,438.6600036621094,441.67999267578125,438.20001220703125,438.3900146484375,72437500
2021-10-08,413.9498596191406,437.8599853515625,439.8900146484375,437.19000244140625,439.4800109863281,74557400
2021-10-11,410.95294189453125,434.69000244140625,440.260009765625,434.6199951171875,437.1600036621094,65233300
2021-10-12,409.9413146972656,433.6199951171875,436.1000061035156,432.7799987792969,435.6700134277344,71181200
2021-10-13,411.41619873046875,435.17999267578125,436.04998779296875,431.5400085449219,434.7099914550781,72974000
2021-10-14,418.33642578125,442.5,442.6600036621094,438.5799865722656,439.0799865722656,70236800
2021-10-15,421.5224304199219,445.8699951171875,446.260009765625,444.0899963378906,444.75,66260200
2021-10-18,422.77032470703125,447.19000244140625,447.54998779296875,443.2699890136719,443.9700012207031,62213200
2021-10-19,426.0319519042969,450.6400146484375,450.7099914550781,448.2699890136719,448.9200134277344,46996800
2021-10-20,427.705322265625,452.4100036621094,452.7300109863281,451.010009765625,451.1300048828125,49571600
2021-10-21,428.82086181640625,453.5899963378906,453.8299865722656,451.30999755859375,451.7699890136719,41305400
2021-10-22,428.3765869140625,453.1199951171875,454.6700134277344,451.04998779296875,453.1300048828125,58845100
2021-10-25,430.6737976074219,455.54998779296875,455.8999938964844,452.3900146484375,454.2799987792969,45214500
2021-10-26,431.0614013671875,455.9599914550781,458.489990234375,455.55999755859375,457.20001220703125,56075100
2021-10-27,429.1517639160156,453.94000244140625,457.1600036621094,453.8599853515625,456.45001220703125,72438000
2021-10-28,433.2925720214844,458.32000732421875,458.3999938964844,455.45001220703125,455.4599914550781,51437900
2021-10-29,434.1717834472656,459.25,459.55999755859375,455.55999755859375,455.8699951171875,70162400
2021-11-01,434.9185791015625,460.0400085449219,460.70001220703125,458.20001220703125,460.29998779296875,48433600
2021-11-02,436.6770935058594,461.8999938964844,462.2300109863281,460.0799865722656,460.2200012207031,48908400
2021-11-03,439.34307861328125,464.7200012207031,465.1499938964844,460.8299865722656,461.29998779296875,52509800
2021-11-04,441.41351318359375,466.9100036621094,467.0,464.989990234375,465.3599853515625,52847100
2021-11-05,442.9450988769531,468.5299987792969,470.6499938964844,466.9200134277344,469.2799987792969,66390600
2021-11-08,443.3231506347656,468.92999267578125,470.2300109863281,468.20001220703125,469.70001220703125,50405200
2021-11-09,441.85784912109375,467.3800048828125,469.57000732421875,465.8800048828125,469.32000732421875,51149100
2021-11-10,438.3031311035156,463.6199951171875,467.3800048828125,462.0400085449219,465.5799865722656,69429700
2021-11-11,438.4449462890625,463.7699890136719,465.2900085449219,463.75,465.2099914550781,34848500
2021-11-12,441.75384521484375,467.2699890136719,467.8599853515625,464.1099853515625,465.1199951171875,53466700
2021-11-15,441.9051208496094,467.42999267578125,468.80999755859375,466.2300109863281,468.6400146484375,46980500
2021-11-16,443.654052734375,469.2799987792969,470.489990234375,467.07000732421875,467.1499938964844,48857500
2021-11-17,442.5763854980469,468.1400146484375,469.19000244140625,467.4800109863281,469.0,47858300
2021-11-18,444.0794677734375,469.7300109863281,470.010009765625,466.3399963378906,469.239990234375,50625600
2021-11-19,443.2854309082031,468.8900146484375,470.94000244140625,468.5,469.6099853515625,57315600
2021-11-22,442.0374450683594,467.57000732421875,473.5400085449219,467.3500061035156,470.8900146484375,72762000
2021-11-23,442.62359619140625,468.19000244140625,469.1000061035156,464.45001220703125,467.2200012207031,73206500
2021-11-24,443.80535888671875,469.44000244140625,469.57000732421875,465.19000244140625,466.05999755859375,61858800
2021-11-26,433.9071044921875,458.9700012207031,463.8999938964844,457.7699890136719,462.3399963378906,112669600
2021-11-29,439.2296447753906,464.6000061035156,466.55999755859375,461.7300109863281,464.07000732421875,86268800
2021-11-30,430.6832275390625,455.55999755859375,464.0299987792969,455.29998779296875,462.0,148559600
2021-12-01,425.8996276855469,450.5,464.6700134277344,450.2900085449219,461.6400146484375,131939200
2021-12-02,432.42279052734375,457.3999938964844,459.07000732421875,450.30999755859375,450.7300109863281,127637800
2021-12-03,428.66015625,453.4200134277344,460.29998779296875,448.9200134277344,459.1700134277344,137331600
2021-12-06,433.7369079589844,458.7900085449219,460.7900085449219,453.55999755859375,456.1300048828125,98977500
2021-12-07,442.7087097167969,468.2799987792969,468.8800048828125,458.6499938964844,464.4100036621094,95484700
2021-12-08,443.8808288574219,469.5199890136719,470.0,466.8299865722656,468.70001220703125,72238800
2021-12-09,440.88409423828125,466.3500061035156,469.6300048828125,466.1400146484375,468.1499938964844,61272600
2021-12-10,445.03436279296875,470.739990234375,470.8999938964844,466.510009765625,469.2300109863281,77159800
2021-12-13,441.09210205078125,466.57000732421875,470.55999755859375,466.2699890136719,470.19000244140625,87724700
2021-12-14,438.057373046875,463.3599853515625,465.739990234375,460.25,463.0899963378906,97264100
2021-12-15,444.9020080566406,470.6000061035156,470.8599853515625,460.739990234375,463.4200134277344,116899300
2021-12-16,440.97869873046875,466.45001220703125,472.8699951171875,464.79998779296875,472.57000732421875,116568600
2021-12-17,436.2853698730469,459.8699951171875,464.739990234375,458.05999755859375,461.54998779296875,135511600
2021-12-20,431.6461181640625,454.9800109863281,455.3999938964844,451.1400146484375,454.4800109863281,107134800
2021-12-21,439.3116760253906,463.05999755859375,463.2099914550781,456.30999755859375,458.6099853515625,69806300
2021-12-22,443.7043151855469,467.69000244140625,467.80999755859375,462.5799865722656,462.7900085449219,58890200
2021-12-23,446.465087890625,470.6000061035156,472.19000244140625,468.6400146484375,468.75,56439700
2021-12-27,452.7834167480469,477.260009765625,477.30999755859375,472.010009765625,472.05999755859375,56808600
2021-12-28,452.4134826660156,476.8699951171875,478.80999755859375,476.05999755859375,477.7200012207031,47274600
2021-12-29,452.9922180175781,477.4800109863281,478.55999755859375,475.9200134277344,476.9800109863281,54503000
2021-12-30,451.73992919921875,476.1600036621094,479.0,475.6700134277344,477.92999267578125,55329000
2021-12-31,450.6014099121094,474.9599914550781,476.8599853515625,474.6700134277344,475.6400146484375,65237400
2022-01-03,453.21044921875,477.7099914550781,477.8500061035156,473.8500061035156,476.29998779296875,72668200
2022-01-04,453.05865478515625,477.54998779296875,479.9800109863281,475.5799865722656,479.2200012207031,71178700
2022-01-05,444.3589172363281,468.3800048828125,477.9800109863281,468.2799987792969,477.1600036621094,104538900
2022-01-06,443.94146728515625,467.94000244140625,470.82000732421875,465.42999267578125,467.8900146484375,86858900
2022-01-07,442.1863098144531,466.0899963378906,469.20001220703125,464.6499938964844,467.95001220703125,85111600
2022-01-10,441.6360778808594,465.510009765625,465.739990234375,456.6000061035156,462.70001220703125,119362000
2022-01-11,445.65863037109375,469.75,469.8500061035156,462.04998779296875,465.2300109863281,74303100
2022-01-12,446.86346435546875,471.0199890136719,473.20001220703125,468.94000244140625,471.5899963378906,67605400
2022-01-13,440.706298828125,464.5299987792969,472.8800048828125,463.44000244140625,472.19000244140625,91173100
2022-01-14,440.8865966796875,464.7200012207031,465.0899963378906,459.8999938964844,461.19000244140625,95890900
2022-01-18,433.0786437988281,456.489990234375,459.9599914550781,455.30999755859375,459.739990234375,109709100
2022-01-19,428.5817565917969,451.75,459.6099853515625,451.4599914550781,458.1300048828125,109357600
2022-01-20,423.83819580078125,446.75,458.739990234375,444.5,453.75,122379700
2022-01-21,415.5179748535156,437.9800109863281,448.05999755859375,437.95001220703125,445.55999755859375,202271200
2022-01-24,417.2825927734375,439.8399963378906,440.3800048828125,420.760009765625,432.0299987792969,251783900
2022-01-25,412.18798828125,434.4700012207031,439.7200012207031,427.1499938964844,433.05999755859375,167997300
2022-01-26,411.1539306640625,433.3800048828125,444.0400085449219,428.8599853515625,440.7200012207031,186391100
2022-01-27,409.1236267089844,431.239990234375,441.5899963378906,429.45001220703125,438.260009765625,149878300
2022-01-28,419.284423828125,441.95001220703125,442.0,427.82000732421875,432.67999267578125,164457400
2022-01-31,426.8360900878906,449.9100036621094,450.2799987792969,439.80999755859375,441.239990234375,152251400
2022-02-01,429.7203063964844,452.95001220703125,453.6300048828125,446.94000244140625,450.67999267578125,123155400
2022-02-02,433.89459228515625,457.3500061035156,458.1199951171875,453.04998779296875,455.5,117361000
2022-02-03,423.6959228515625,446.6000061035156,452.9700012207031,445.7099914550781,450.95001220703125,118024400
2022-02-04,425.6882019042969,448.70001220703125,452.7799987792969,443.8299865722656,446.3500061035156,118454400
2022-02-07,424.3220520019531,447.260009765625,450.989990234375,445.8500061035156,449.510009765625,84472900
2022-02-08,427.8133239746094,450.94000244140625,451.9200134277344,445.2200012207031,446.7300109863281,81012000
2022-02-09,434.0748596191406,457.5400085449219,457.8800048828125,455.010009765625,455.2200012207031,92589900
2022-02-10,426.2764587402344,449.32000732421875,457.7099914550781,447.20001220703125,451.3399963378906,140103700
2022-02-11,417.8707580566406,440.4599914550781,451.6099853515625,438.94000244140625,449.4100036621094,153214600
2022-02-14,416.5046691894531,439.0199890136719,441.6000061035156,435.3399963378906,439.9200134277344,123006300
2022-02-15,423.22161865234375,446.1000061035156,446.2799987792969,443.17999267578125,443.7300109863281,88482700
2022-02-16,423.6959228515625,446.6000061035156,448.05999755859375,441.94000244140625,443.92999267578125,84863600
2022-02-17,414.64520263671875,437.05999755859375,446.57000732421875,436.4200134277344,443.2200012207031,102259100
2022-02-18,411.9603271484375,434.2300109863281,438.6600036621094,431.82000732421875,437.3299865722656,132642900
2022-02-22,407.53924560546875,429.57000732421875,435.5,425.8599853515625,431.8900146484375,124391800
2022-02-23,400.3101806640625,421.95001220703125,433.260009765625,421.3500061035156,432.6600036621094,132578000
2022-02-24,406.33441162109375,428.29998779296875,428.760009765625,410.6400146484375,411.0199890136719,213942900
2022-02-25,415.2997741699219,437.75,437.8399963378906,427.8599853515625,429.6099853515625,121804500
2022-02-28,414.2371826171875,436.6300048828125,438.20001220703125,430.70001220703125,432.0299987792969,145615000
2022-03-01,407.92822265625,429.9800109863281,437.1700134277344,427.1099853515625,435.0400085449219,137785900
2022-03-02,415.43255615234375,437.8900146484375,439.7200012207031,431.57000732421875,432.3699951171875,117726500
2022-03-03,413.3643798828125,435.7099914550781,441.1099853515625,433.79998779296875,440.4700012207031,105501700
2022-03-04,410.00592041015625,432.1700134277344,433.3699951171875,427.8800048828125,431.75,113978200
2022-03-07,397.91937255859375,419.42999267578125,432.29998779296875,419.3599853515625,431.54998779296875,137896600
2022-03-08,394.9023742675781,416.25,427.2099914550781,415.1199951171875,419.6199951171875,164772700
2022-03-09,405.4900817871094,427.4100036621094,429.510009765625,422.82000732421875,425.1400146484375,116990800
2022-03-10,403.6590576171875,425.4800109863281,426.42999267578125,420.44000244140625,422.5199890136719,93972700
2022-03-11,398.5264892578125,420.07000732421875,428.7699890136719,419.5299987792969,428.1199951171875,95636300
2022-03-14,395.6139221191406,417.0,424.54998779296875,415.7900085449219,420.8900146484375,95729200
2022-03-15,404.3136901855469,426.1700134277344,426.8399963378906,418.4200134277344,419.7699890136719,106219100
2022-03-16,413.27899169921875,435.6199951171875,435.67999267578125,424.79998779296875,429.8900146484375,144954800
2022-03-17,418.4495544433594,441.07000732421875,441.07000732421875,433.19000244140625,433.5899963378906,102676900
2022-03-18,423.0326843261719,444.5199890136719,444.8599853515625,437.2200012207031,438.0,106345500
2022-03-21,422.90899658203125,444.3900146484375,446.4599914550781,440.67999267578125,444.3399963378906,88349800
2022-03-22,427.85760498046875,449.5899963378906,450.5799865722656,445.8599853515625,445.8599853515625,74650400
2022-03-23,422.3475341796875,443.79998779296875,448.489990234375,443.7099914550781,446.9100036621094,79426100
2022-03-24,428.714111328125,450.489990234375,450.5,444.760009765625,445.94000244140625,64736900
2022-03-25,430.8077697753906,452.69000244140625,452.9800109863281,448.42999267578125,451.1600036621094,77101300
2022-03-28,433.87213134765625,455.9100036621094,455.9100036621094,450.05999755859375,452.05999755859375,68529800
2022-03-29,439.239501953125,461.54998779296875,462.07000732421875,457.17999267578125,460.0199890136719,86581500
2022-03-30,436.5272216796875,458.70001220703125,461.20001220703125,456.4700012207031,460.3399963378906,79666900
2022-03-31,429.80853271484375,451.6400146484375,458.760009765625,451.1600036621094,457.8900146484375,121699900
2022-04-01,431.0266418457031,452.9200134277344,453.4599914550781,449.1400146484375,453.30999755859375,89048800
2022-04-04,434.7190856933594,456.79998779296875,456.9100036621094,452.260009765625,453.1300048828125,59601000
2022-04-05,429.2280578613281,451.0299987792969,457.8299865722656,449.82000732421875,455.2200012207031,74214500
2022-04-06,424.9360046386719,446.5199890136719,448.92999267578125,443.4700012207031,446.8900146484375,106898000
2022-04-07,427.0772399902344,448.7699890136719,450.69000244140625,443.5299987792969,445.5899963378906,78097200
2022-04-08,425.935302734375,447.57000732421875,450.6300048828125,445.94000244140625,447.9700012207031,79272700
2022-04-11,418.6550598144531,439.9200134277344,445.0,439.3900146484375,444.1099853515625,89770500
2022-04-12,417.1038818359375,438.2900085449219,445.75,436.6499938964844,443.0799865722656,84363600
2022-04-13,421.8812255859375,443.30999755859375,444.1099853515625,437.8399963378906,438.0299987792969,74070400
2022-04-14,416.62799072265625,437.7900085449219,444.7300109863281,437.67999267578125,443.54998779296875,97869500
2022-04-18,416.79925537109375,437.9700012207031,439.75,435.6099853515625,436.80999755859375,66002500
2022-04-19,423.52752685546875,445.0400085449219,445.79998779296875,437.67999267578125,437.8599853515625,77821000
2022-04-20,423.2134704589844,444.7099914550781,447.57000732421875,443.4800109863281,446.9200134277344,65224400
2022-04-21,416.8849182128906,438.05999755859375,450.010009765625,437.1000061035156,448.5400085449219,85417300
2022-04-22,405.4459533691406,426.0400085449219,438.0799865722656,425.44000244140625,436.9100036621094,132471800
2022-04-25,407.796630859375,428.510009765625,428.69000244140625,418.8399963378906,423.6700134277344,119647700
2022-04-26,395.9864807128906,416.1000061035156,426.0400085449219,416.07000732421875,425.8299865722656,103996300
2022-04-27,397.0999755859375,417.2699890136719,422.9200134277344,415.010009765625,417.239990234375,122030000
2022-04-28,407.13043212890625,427.80999755859375,429.6400146484375,417.6000061035156,422.2900085449219,105449100
2022-04-29,392.08465576171875,412.0,425.8699951171875,411.2099914550781,423.5899963378906,145491100
2022-05-02,394.4447937011719,414.4800109863281,415.9200134277344,405.0199890136719,412.07000732421875,158312500
2022-05-03,396.2529602050781,416.3800048828125,418.92999267578125,413.3599853515625,415.010009765625,100028200
2022-05-04,408.3200378417969,429.05999755859375,429.6600036621094,413.7099914550781,417.0799865722656,144247900
2022-05-05,393.8071594238281,413.80999755859375,425.0,409.44000244140625,424.54998779296875,172929100
2022-05-06,391.4565734863281,411.3399963378906,414.79998779296875,405.7300109863281,411.1000061035156,151770800
2022-05-09,378.9231262207031,398.1700134277344,406.4100036621094,396.5,405.1000061035156,155586100
2022-05-10,379.7987060546875,399.0899963378906,406.0799865722656,394.82000732421875,404.489990234375,132497200
2022-05-11,373.76519775390625,392.75,404.0400085449219,391.9599914550781,398.07000732421875,142361000
2022-05-12,373.375,392.3399963378906,395.79998779296875,385.1499938964844,389.3699951171875,125090800
2022-05-13,382.3016052246094,401.7200012207031,403.17999267578125,395.6099853515625,396.7099914550781,104174400
2022-05-16,380.7503356933594,400.0899963378906,403.9700012207031,397.6000061035156,399.9800109863281,78622400
2022-05-17,388.5825500488281,408.32000732421875,408.57000732421875,402.5799865722656,406.5299987792969,83029700
2022-05-18,372.9181823730469,391.8599853515625,403.79998779296875,390.54998779296875,403.5,117674500
2022-05-19,370.6341857910156,389.4599914550781,394.1400146484375,387.1099853515625,388.6199951171875,98510700
2022-05-20,370.7960205078125,389.6300048828125,397.0299987792969,380.5400085449219,393.25,131432200
2022-05-23,377.7336120605469,396.9200134277344,397.7300109863281,390.3800048828125,392.8299865722656,76414900
2022-05-24,374.85009765625,393.8900146484375,395.1499938964844,386.9599914550781,392.55999755859375,91448800
2022-05-25,378.16180419921875,397.3699951171875,399.45001220703125,391.8900146484375,392.30999755859375,91472900
2022-05-26,385.7180480957031,405.30999755859375,407.0400085449219,398.45001220703125,398.6700134277344,82168300
2022-05-27,395.18707275390625,415.260009765625,415.3800048828125,407.70001220703125,407.9100036621094,84768700
2022-05-31,392.9696960449219,412.92999267578125,416.4599914550781,410.0299987792969,413.54998779296875,95937000
2022-06-01,389.7911376953125,409.5899963378906,416.239990234375,406.92999267578125,415.1700134277344,86585800
2022-06-02,397.214111328125,417.3900146484375,417.44000244140625,407.0400085449219,409.4200134277344,79609600
2022-06-03,390.69525146484375,410.5400085449219,414.0400085449219,409.510009765625,412.3999938964844,71874300
2022-06-06,391.8848876953125,411.7900085449219,416.6099853515625,410.54998779296875,414.7799987792969,57508900
2022-06-07,395.6438293457031,415.739990234375,416.2200012207031,407.6099853515625,408.1000061035156,59272400
2022-06-08,391.3423767089844,411.2200012207031,415.82000732421875,410.3800048828125,413.92999267578125,64350000
2022-06-09,382.0351257324219,401.44000244140625,411.739990234375,401.44000244140625,409.3399963378906,86289800
2022-06-10,370.957763671875,389.79998779296875,395.7799987792969,389.75,394.8800048828125,132893900
2022-06-13,356.8731689453125,375.0,381.80999755859375,373.29998779296875,379.8500061035156,170004900
2022-06-14,355.79779052734375,373.8699951171875,377.94000244140625,370.5899963378906,376.8500061035156,104011800
2022-06-15,360.8701477050781,379.20001220703125,383.8999938964844,372.1199951171875,377.3599853515625,125666800
2022-06-16,348.9267883300781,366.6499938964844,370.94000244140625,364.0799865722656,370.510009765625,134473300
2022-06-17,349.6789855957031,365.8599853515625,369.3800048828125,362.1700134277344,365.510009765625,111113900
2022-06-21,358.481689453125,375.07000732421875,376.5299987792969,371.80999755859375,371.8900146484375,76811900
2022-06-22,357.8317565917969,374.3900146484375,378.7200012207031,370.17999267578125,370.6199951171875,90059400
2022-06-23,361.33941650390625,378.05999755859375,378.8299865722656,372.8900146484375,376.6400146484375,79292100
2022-06-24,372.8277893066406,390.0799865722656,390.0899963378906,381.3699951171875,381.3999938964844,98050300
2022-06-27,371.4036865234375,388.5899963378906,391.3599853515625,387.44000244140625,391.04998779296875,66009600
2022-06-28,363.81488037109375,380.6499938964844,393.1600036621094,380.5299987792969,390.2300109863281,86548900
2022-06-29,363.5185852050781,380.3399963378906,382.2699890136719,378.4200134277344,381.2300109863281,65676000
2022-06-30,360.56524658203125,377.25,380.6600036621094,372.55999755859375,376.239990234375,112508300
2022-07-01,364.3787841796875,381.239990234375,381.70001220703125,373.79998779296875,376.55999755859375,74839700
2022-07-05,365.0669250488281,381.9599914550781,381.9800109863281,372.8999938964844,375.8800048828125,81438000
2022-07-06,366.29986572265625,383.25,385.8699951171875,379.6000061035156,382.1099853515625,70426200
2022-07-07,371.7859802246094,388.989990234375,389.8299865722656,383.2699890136719,385.1199951171875,64525900
2022-07-08,371.48016357421875,388.6700134277344,390.6400146484375,385.6600036621094,387.2699890136719,72397800
2022-07-11,367.2365417480469,384.2300109863281,386.8699951171875,383.5,385.8500061035156,58366900
2022-07-12,363.9869384765625,380.8299865722656,386.1600036621094,378.989990234375,383.6499938964844,62219200
2022-07-13,362.07537841796875,378.8299865722656,381.9200134277344,374.6600036621094,375.1000061035156,84224600
2022-07-14,361.196044921875,377.9100036621094,379.04998779296875,371.0400085449219,373.6099853515625,89704800
2022-07-15,368.0967102050781,385.1300048828125,385.25,380.5400085449219,382.54998779296875,79060400
2022-07-18,365.0574035644531,381.95001220703125,389.0899963378906,380.6600036621094,388.3800048828125,63203600
2022-07-19,374.9209289550781,392.2699890136719,392.8699951171875,385.3900146484375,386.0799865722656,78506000
2022-07-20,377.3103332519531,394.7699890136719,396.260009765625,391.0299987792969,392.4700012207031,71843800
2022-07-21,381.15264892578125,398.7900085449219,398.8399963378906,391.6300048828125,394.1600036621094,64903900
2022-07-22,377.6162109375,395.0899963378906,400.17999267578125,392.75,398.9200134277344,72197300
2022-07-25,378.0749816894531,395.57000732421875,396.4700012207031,393.2099914550781,395.75,53631500
2022-07-26,373.6019287109375,390.8900146484375,394.05999755859375,389.95001220703125,393.8399963378906,52946400
2022-07-27,383.3031311035156,401.0400085449219,402.8800048828125,394.04998779296875,394.3599853515625,82342100
2022-07-28,388.1106262207031,406.07000732421875,406.79998779296875,398.1499938964844,401.8900146484375,73966600
2022-07-29,393.7687683105469,411.989990234375,413.0299987792969,406.7699890136719,407.5799865722656,87003700
2022-08-01,392.6028137207031,410.7699890136719,413.4100036621094,408.3999938964844,409.1499938964844,69997500
2022-08-02,390.0126037597656,408.05999755859375,413.0,406.82000732421875,409.1199951171875,63435400
2022-08-03,396.1200256347656,414.45001220703125,415.67999267578125,410.0,410.29998779296875,67820600
2022-08-04,395.8524169921875,414.1700134277344,415.0899963378906,412.44000244140625,414.3699951171875,45656600
2022-08-05,395.183349609375,413.4700012207031,414.1499938964844,409.6000061035156,409.6600036621094,56814900
2022-08-08,394.724609375,412.989990234375,417.6199951171875,411.8299865722656,415.25,53886100
2022-08-09,393.1571044921875,411.3500061035156,412.75,410.2200012207031,412.2200012207031,44931800
2022-08-10,401.4149475097656,419.989990234375,420.1400146484375,416.7200012207031,418.7799987792969,68665700
2022-08-11,401.4149475097656,419.989990234375,424.95001220703125,419.2099914550781,422.989990234375,59489700
2022-08-12,408.2105407714844,427.1000061035156,427.2099914550781,421.0299987792969,422.0299987792969,61694500
2022-08-15,409.8927307128906,428.8599853515625,429.4100036621094,424.7099914550781,424.7699890136719,54048300
2022-08-16,410.695556640625,429.70001220703125,431.7300109863281,426.8800048828125,427.7300109863281,59289000
2022-08-17,407.7803649902344,426.6499938964844,429.5,424.5400085449219,425.9100036621094,63563400
2022-08-18,408.965576171875,427.8900146484375,428.6099853515625,425.5,426.8599853515625,49023200
2022-08-19,403.46990966796875,422.1400146484375,425.260009765625,421.2200012207031,424.9800109863281,68016900
2022-08-22,395.0686340332031,413.3500061035156,417.2300109863281,412.3999938964844,417.04998779296875,77695600
2022-08-23,394.11285400390625,412.3500061035156,415.4200134277344,411.7699890136719,412.8999938964844,49105200
2022-08-24,395.3745422363281,413.6700134277344,415.1099853515625,411.3900146484375,412.1099853515625,49177800
2022-08-25,400.95623779296875,419.510009765625,419.55999755859375,414.0899963378906,415.239990234375,50942300
2022-08-26,387.38421630859375,405.30999755859375,419.9599914550781,405.25,419.3900146484375,103087000
2022-08-29,384.8227233886719,402.6300048828125,405.8399963378906,401.20001220703125,402.20001220703125,65370800
2022-08-30,380.5981750488281,398.2099914550781,404.1000061035156,396.0,403.8500061035156,85652400
2022-08-31,377.7022399902344,395.17999267578125,401.239990234375,395.0400085449219,399.92999267578125,76029700
2022-09-01,378.88739013671875,396.4200134277344,396.7799987792969,390.0400085449219,392.8900146484375,78740100
2022-09-02,374.8923034667969,392.239990234375,401.55999755859375,390.3299865722656,400.2799987792969,99632100
2022-09-06,373.47772216796875,390.760009765625,394.1199951171875,388.4200134277344,393.1300048828125,76637400
2022-09-07,380.187255859375,397.7799987792969,398.5899963378906,390.20001220703125,390.42999267578125,70964200
2022-09-08,382.6722412109375,400.3800048828125,400.8599853515625,394.1199951171875,395.3900146484375,80821700
2022-09-09,388.6171875,406.6000061035156,407.510009765625,402.4599914550781,402.739990234375,76706900
2022-09-12,392.7938537597656,410.9700012207031,411.7300109863281,408.4599914550781,408.7799987792969,69256300
2022-09-13,375.7142028808594,393.1000061035156,403.1000061035156,391.9200134277344,401.8299865722656,122947100
2022-09-14,377.14788818359375,394.6000061035156,396.20001220703125,391.1199951171875,394.4700012207031,85023700
2022-09-15,372.86602783203125,390.1199951171875,395.9599914550781,388.7799987792969,392.9599914550781,87633800
2022-09-16,370.0215148925781,385.55999755859375,386.25,382.1099853515625,384.1400146484375,103084800
2022-09-19,372.8909606933594,388.54998779296875,388.54998779296875,382.17999267578125,382.260009765625,73278500
2022-09-20,368.61077880859375,384.0899963378906,386.1199951171875,381.20001220703125,385.05999755859375,77274900
2022-09-21,362.18072509765625,377.3900146484375,389.30999755859375,377.3800048828125,386.1099853515625,106746600
2022-09-22,359.1385192871094,374.2200012207031,378.29998779296875,373.44000244140625,376.5799865722656,89472600
2022-09-23,353.1211853027344,367.95001220703125,370.6199951171875,363.2900085449219,370.5799865722656,122346900
2022-09-26,349.62786865234375,364.30999755859375,370.2099914550781,363.0299987792969,366.4100036621094,92581200
2022-09-27,348.73541259765625,363.3800048828125,370.3999938964844,360.8699951171875,368.0199890136719,108294100
2022-09-28,355.5971984863281,370.5299987792969,372.29998779296875,362.6000061035156,364.3800048828125,110802200
2022-09-29,348.169189453125,362.7900085449219,367.1099853515625,359.70001220703125,366.80999755859375,112952300
2022-09-30,342.7851867675781,357.17999267578125,365.9100036621094,357.0400085449219,361.79998779296875,153711200
2022-10-03,351.835205078125,366.6099853515625,368.54998779296875,359.2099914550781,361.0799865722656,89756500
2022-10-04,362.7374267578125,377.9700012207031,378.0,366.57000732421875,372.3999938964844,103602800
2022-10-05,361.89288330078125,377.0899963378906,379.4599914550781,370.95001220703125,373.3900146484375,88065700
2022-10-06,358.15960693359375,373.20001220703125,378.7200012207031,372.67999267578125,375.6199951171875,82333500
2022-10-07,348.169189453125,362.7900085449219,373.2900085449219,360.94000244140625,368.9700012207031,107789500
2022-10-10,345.5107421875,360.0199890136719,364.2099914550781,357.6700134277344,363.9599914550781,76042800
2022-10-11,343.3226318359375,357.739990234375,363.0299987792969,355.7099914550781,358.239990234375,92482800
2022-10-12,342.1902160644531,356.55999755859375,359.82000732421875,356.29998779296875,358.1700134277344,76991800
2022-10-13,351.2210388183594,365.9700012207031,367.510009765625,348.1099853515625,349.2099914550781,147254500
2022-10-14,343.2171325683594,357.6300048828125,370.260009765625,356.9599914550781,368.54998779296875,123737000
2022-10-17,352.0367126464844,366.82000732421875,367.9800109863281,357.2799987792969,364.010009765625,93168200
2022-10-18,356.17303466796875,371.1300048828125,375.45001220703125,367.5199890136719,375.1300048828125,97162900
2022-10-19,353.6490173339844,368.5,371.8500061035156,365.54998779296875,368.989990234375,79746900
2022-10-20,350.6835632324219,365.4100036621094,372.6700134277344,364.6099853515625,368.0299987792969,88283100
2022-10-21,359.2057189941406,374.2900085449219,374.79998779296875,363.5400085449219,365.1199951171875,131038400
2022-10-24,363.6011047363281,378.8699951171875,380.05999755859375,373.1099853515625,375.8900146484375,85436900
2022-10-25,369.4072570800781,384.9200134277344,385.25,378.6700134277344,378.7900085449219,78846300
2022-10-26,366.62408447265625,382.0199890136719,387.5799865722656,381.3500061035156,381.6199951171875,104087300
2022-10-27,364.6664123535156,379.9800109863281,385.0,379.3299865722656,383.07000732421875,81971800
2022-10-28,373.342041015625,389.0199890136719,389.5199890136719,379.67999267578125,379.8699951171875,100302000
2022-10-31,370.6452331542969,386.2099914550781,388.3999938964844,385.260009765625,386.44000244140625,96631300
2022-11-01,369.0234069824219,384.5199890136719,390.3900146484375,383.2900085449219,390.1400146484375,85407600
2022-11-02,359.7623291015625,374.8699951171875,388.6300048828125,374.760009765625,383.8999938964844,126990400
2022-11-03,356.057861328125,371.010009765625,374.20001220703125,368.7900085449219,371.4700012207031,87100100
2022-11-04,361.1827087402344,376.3500061035156,378.8699951171875,370.0,377.0,103505200
2022-11-07,364.63763427734375,379.95001220703125,380.57000732421875,375.5299987792969,377.7099914550781,68286900
2022-11-08,366.60491943359375,382.0,385.1199951171875,377.7200012207031,381.1099853515625,84641100
2022-11-09,359.0521240234375,374.1300048828125,381.1400146484375,373.6099853515625,379.92999267578125,78495500
2022-11-10,378.78350830078125,394.69000244140625,395.0400085449219,385.6400146484375,388.04998779296875,141455800
2022-11-11,382.4495849609375,398.510009765625,399.3500061035156,393.6099853515625,395.5899963378906,93839900
2022-11-14,379.1961975097656,395.1199951171875,400.17999267578125,394.8299865722656,396.6600036621094,71903500
2022-11-15,382.4303894042969,398.489990234375,402.30999755859375,394.489990234375,401.1499938964844,93194500
2022-11-16,379.512939453125,395.45001220703125,397.7799987792969,394.7900085449219,396.7799987792969,68508500
2022-11-17,378.3516540527344,394.239990234375,394.95001220703125,390.1400146484375,390.4599914550781,74496300
2022-11-18,380.06951904296875,396.0299987792969,397.80999755859375,393.0400085449219,397.739990234375,92922500
2022-11-21,378.68756103515625,394.5899963378906,395.82000732421875,392.6600036621094,394.6400146484375,51243200
2022-11-22,383.7835388183594,399.8999938964844,400.07000732421875,395.1499938964844,396.6300048828125,60429000
2022-11-23,386.2020263671875,402.4200134277344,402.92999267578125,399.30999755859375,399.54998779296875,68261600
2022-11-25,386.1156005859375,402.3299865722656,402.9100036621094,401.5400085449219,401.8299865722656,30545400
2022-11-28,379.954345703125,395.9100036621094,400.80999755859375,395.1099853515625,399.0899963378906,67881600
2022-11-29,379.3017883300781,395.2300109863281,397.29998779296875,393.29998779296875,396.04998779296875,52310000
2022-11-30,391.25006103515625,407.67999267578125,407.67999267578125,393.4800109863281,395.489990234375,144566700
2022-12-01,390.9621276855469,407.3800048828125,410.0,404.75,408.7699890136719,76398200
2022-12-02,390.5110778808594,406.9100036621094,407.8599853515625,402.1400146484375,402.25,85342700
2022-12-05,383.486083984375,399.5899963378906,404.92999267578125,398.1700134277344,403.95001220703125,77289800
2022-12-06,377.9582214355469,393.8299865722656,399.989990234375,391.6400146484375,399.4200134277344,77972200
2022-12-07,377.31524658203125,393.1600036621094,395.6400146484375,391.9700012207031,392.94000244140625,65927900
2022-12-08,380.27105712890625,396.239990234375,397.3599853515625,393.2699890136719,395.1400146484375,60737900
2022-12-09,377.43035888671875,393.2799987792969,397.6199951171875,393.1499938964844,394.94000244140625,81447700
2022-12-12,382.87188720703125,398.95001220703125,398.95001220703125,393.4100036621094,394.1099853515625,75405800
2022-12-13,385.7701416015625,401.9700012207031,410.489990234375,399.07000732421875,410.2200012207031,123782500
2022-12-14,383.3037414550781,399.3999938964844,405.5,396.30999755859375,401.6099853515625,108111300
2022-12-15,373.927490234375,389.6300048828125,395.25,387.8900146484375,394.29998779296875,117705900
2022-12-16,369.5128479003906,383.2699890136719,386.5799865722656,381.0400085449219,385.17999267578125,119858000
2022-12-19,366.3794860839844,380.0199890136719,383.82000732421875,378.2799987792969,383.4700012207031,79878100
2022-12-20,366.880859375,380.5400085449219,382.2300109863281,377.8500061035156,379.2300109863281,74427200
2022-12-21,372.3665771484375,386.2300109863281,387.4100036621094,382.69000244140625,383.25,78167400
2022-12-22,367.0543212890625,380.7200012207031,386.2099914550781,374.7699890136719,383.04998779296875,100120900
2022-12-23,369.1657409667969,382.9100036621094,383.05999755859375,378.0299987792969,379.6499938964844,59857300
2022-12-27,367.7099914550781,381.3999938964844,383.1499938964844,379.6499938964844,382.7900085449219,51638200
2022-12-28,363.14007568359375,376.6600036621094,383.3900146484375,376.4200134277344,381.3299865722656,70911500
2022-12-29,369.6767272949219,383.44000244140625,384.3500061035156,379.0799865722656,379.6300048828125,66970900
2022-12-30,368.70294189453125,382.42999267578125,382.5799865722656,378.42999267578125,380.6400146484375,84022200
2023-01-03,367.15081787109375,380.82000732421875,386.42999267578125,377.8299865722656,384.3699951171875,74850700
2023-01-04,369.9852600097656,383.760009765625,385.8800048828125,380.0,383.17999267578125,85934100
2023-01-05,365.762451171875,379.3800048828125,381.8399963378906,378.760009765625,381.7200012207031,76970500
2023-01-06,374.1501770019531,388.0799865722656,389.25,379.4100036621094,382.6099853515625,104189600
2023-01-09,373.9380798339844,387.8599853515625,393.70001220703125,387.6700134277344,390.3699951171875,73978100
2023-01-10,376.5604248046875,390.5799865722656,390.6499938964844,386.2699890136719,387.25,65358100
2023-01-11,381.3231201171875,395.5199890136719,395.6000061035156,391.3800048828125,392.2300109863281,68881100
2023-01-12,382.71142578125,396.9599914550781,398.489990234375,392.4200134277344,396.6700134277344,90157700
2023-01-13,384.1961364746094,398.5,399.1000061035156,393.3399963378906,393.6199951171875,63903900
2023-01-17,383.4923095703125,397.7699890136719,400.2300109863281,397.05999755859375,398.4800109863281,62677300
2023-01-18,377.4378356933594,391.489990234375,400.1199951171875,391.2799987792969,399.010009765625,99632300
2023-01-19,374.69012451171875,388.6400146484375,391.0799865722656,387.260009765625,389.3599853515625,86958900
2023-01-20,381.6701965332031,395.8800048828125,396.0400085449219,388.3800048828125,390.1000061035156,91806400
2023-01-23,386.24969482421875,400.6300048828125,402.6499938964844,395.7200012207031,396.7200012207031,84178800
2023-01-24,385.8351135253906,400.20001220703125,401.1499938964844,397.6400146484375,398.8800048828125,59524900
2023-01-25,385.9797058105469,400.3500061035156,400.70001220703125,393.55999755859375,395.95001220703125,84800300
2023-01-26,390.2218322753906,404.75,404.9200134277344,400.0299987792969,403.1300048828125,72287400
2023-01-27,391.1184387207031,405.67999267578125,408.1600036621094,403.44000244140625,403.6600036621094,68346200
2023-01-30,386.211181640625,400.5899963378906,405.1300048828125,400.2799987792969,402.79998779296875,74202000
2023-01-31,391.8897399902344,406.4800109863281,406.5299987792969,400.7699890136719,401.1300048828125,86811800
2023-02-01,396.05462646484375,410.79998779296875,413.6700134277344,402.3500061035156,405.2099914550781,101459200
2023-02-02,401.8199768066406,416.7799987792969,418.30999755859375,412.8800048828125,414.8599853515625,101654500
2023-02-03,397.5490417480469,412.3500061035156,416.9700012207031,411.0899963378906,411.5899963378906,94736800
2023-02-06,395.11944580078125,409.8299865722656,411.2900085449219,408.1000061035156,409.7900085449219,60295300
2023-02-07,400.287109375,415.19000244140625,416.489990234375,407.57000732421875,408.8699951171875,90990700
2023-02-08,395.91009521484375,410.6499938964844,414.5299987792969,409.92999267578125,413.1300048828125,76227500
2023-02-09,392.4778747558594,407.0899963378906,414.57000732421875,405.80999755859375,414.4100036621094,78694900
2023-02-10,393.393798828125,408.0400085449219,408.44000244140625,405.010009765625,405.8599853515625,70769700
2023-02-13,398.01177978515625,412.8299865722656,412.9700012207031,408.239990234375,408.7200012207031,64913500
2023-02-14,397.8287048339844,412.6400146484375,415.04998779296875,408.510009765625,411.239990234375,88389300
2023-02-15,399.1205139160156,413.9800109863281,414.05999755859375,409.4700012207031,410.3500061035156,61555700
2023-02-16,393.6250915527344,408.2799987792969,412.9100036621094,408.1400146484375,408.7900085449219,76431500
2023-02-17,392.6417541503906,407.260009765625,407.510009765625,404.04998779296875,406.05999755859375,89257800
2023-02-21,384.7650146484375,399.0899963378906,404.1600036621094,398.82000732421875,403.05999755859375,82655900
2023-02-22,384.2347412109375,398.5400085449219,401.1300048828125,397.0199890136719,399.5199890136719,83742300
2023-02-23,386.27862548828125,400.6600036621094,402.20001220703125,396.25,401.55999755859375,96242400
2023-02-24,382.1522521972656,396.3800048828125,397.25,393.6400146484375,395.4200134277344,108194400
2023-02-27,383.4538269042969,397.7300109863281,401.2900085449219,396.75,399.8699951171875,80444700
2023-02-28,382.03656005859375,396.260009765625,399.2799987792969,396.1499938964844,397.2300109863281,96438600
2023-03-01,380.5711364746094,394.739990234375,396.69000244140625,393.3800048828125,395.4100036621094,99706800
2023-03-02,383.5308837890625,397.80999755859375,398.69000244140625,392.3299865722656,392.67999267578125,85127800
2023-03-03,389.6818542480469,404.19000244140625,404.45001220703125,399.0299987792969,399.7099914550781,90120000
2023-03-06,389.9518737792969,404.4700012207031,407.45001220703125,404.010009765625,405.04998779296875,72795900
2023-03-07,383.9743957519531,398.2699890136719,404.6700134277344,397.6300048828125,404.4200134277344,108310600
2023-03-08,384.6011657714844,398.9200134277344,399.7099914550781,396.5899963378906,398.3900146484375,74746600
2023-03-09,377.5052795410156,391.55999755859375,401.4800109863281,390.5299987792969,399.739990234375,111945300
2023-03-10,372.05810546875,385.9100036621094,393.1600036621094,384.32000732421875,390.989990234375,189253000
2023-03-13,371.52777099609375,385.3599853515625,390.3900146484375,380.6499938964844,381.80999755859375,157790000
2023-03-14,377.6692199707031,391.7300109863281,393.45001220703125,387.04998779296875,390.5,149752400
2023-03-15,375.30712890625,389.2799987792969,389.489990234375,383.7099914550781,385.8900146484375,172996900
2023-03-16,381.8918762207031,396.1099853515625,396.4700012207031,386.2900085449219,386.82000732421875,143254200
2023-03-17,377.4266052246094,389.989990234375,394.3999938964844,388.54998779296875,393.2200012207031,140553400
2023-03-20,381.0557556152344,393.739990234375,394.1700134277344,390.07000732421875,390.79998779296875,93055800
2023-03-21,386.05926513671875,398.9100036621094,399.4100036621094,395.5799865722656,397.239990234375,91524200
2023-03-22,379.47833251953125,392.1099853515625,402.489990234375,392.07000732421875,398.7300109863281,111746600
2023-03-23,380.50421142578125,393.1700134277344,399.2900085449219,390.3500061035156,395.0899963378906,119351300
2023-03-24,383.00103759765625,395.75,395.8399963378906,389.3999938964844,391.8399963378906,107682400
2023-03-27,383.7171630859375,396.489990234375,398.9200134277344,395.55999755859375,398.1199951171875,74010400
2023-03-28,382.8559265136719,395.6000061035156,396.489990234375,393.69000244140625,395.7699890136719,62871700
2023-03-29,388.4206237792969,401.3500061035156,401.6000061035156,398.67999267578125,399.92999267578125,77497900
2023-03-30,390.6949768066406,403.70001220703125,404.3500061035156,401.760009765625,404.0899963378906,69840000
2023-03-31,396.20159912109375,409.3900146484375,409.70001220703125,404.54998779296875,404.6600036621094,112062600
2023-04-03,397.7113952636719,410.95001220703125,411.3699951171875,408.44000244140625,408.8500061035156,67391100
2023-04-04,395.5048522949219,408.6700134277344,411.9200134277344,407.239990234375,411.6199951171875,66601500
2023-04-05,394.4693603515625,407.6000061035156,408.70001220703125,405.8800048828125,407.9100036621094,65200200
2023-04-06,396.008056640625,409.19000244140625,409.4800109863281,405.67999267578125,406.7699890136719,63743300
2023-04-10,396.4145202636719,409.6099853515625,409.69000244140625,405.9700012207031,406.6099853515625,63681000
2023-04-11,396.52099609375,409.7200012207031,411.17999267578125,408.9200134277344,410.260009765625,59297900
2023-04-12,394.9048156738281,408.04998779296875,412.1700134277344,407.44000244140625,411.8699951171875,86420400
2023-04-13,400.15020751953125,413.4700012207031,413.8399963378906,407.989990234375,409.17999267578125,85814800
2023-04-14,399.1727294921875,412.4599914550781,415.0899963378906,410.05999755859375,412.80999755859375,78161500
2023-04-17,400.60504150390625,413.94000244140625,413.9599914550781,411.0899963378906,412.3699951171875,66436400
2023-04-18,400.8663635253906,414.2099914550781,415.7200012207031,412.7799987792969,415.5799865722656,63560000
2023-04-19,400.7986145019531,414.1400146484375,415.0799865722656,412.1600036621094,412.2200012207031,55227300
2023-04-20,398.6114501953125,411.8800048828125,413.70001220703125,410.2699890136719,411.2099914550781,75840400
2023-04-21,398.9211120605469,412.20001220703125,412.67999267578125,410.1700134277344,412.19000244140625,73457400
2023-04-24,399.33721923828125,412.6300048828125,413.07000732421875,410.6000061035156,411.989990234375,64332100
2023-04-25,392.9982604980469,406.0799865722656,411.1600036621094,406.0199890136719,410.5799865722656,97766700
2023-04-26,391.3336486816406,404.3599853515625,407.8399963378906,403.7799987792969,406.7200012207031,80447000
2023-04-27,399.1243896484375,412.4100036621094,412.69000244140625,406.739990234375,407.0,92968400
2023-04-28,402.53094482421875,415.92999267578125,415.94000244140625,411.42999267578125,411.489990234375,89433100
2023-05-01,402.12445068359375,415.510009765625,417.6199951171875,415.2699890136719,415.4700012207031,62122300
2023-05-02,397.6048889160156,410.8399963378906,414.82000732421875,407.82000732421875,414.7699890136719,103998500
2023-05-03,394.875732421875,408.0199890136719,413.8699951171875,407.7699890136719,411.3599853515625,91531800
2023-05-04,392.0788879394531,405.1300048828125,407.2699890136719,403.739990234375,406.92999267578125,94901900
2023-05-05,399.33721923828125,412.6300048828125,413.7200012207031,408.6400146484375,408.9100036621094,87891800
2023-05-08,399.4436340332031,412.739990234375,413.239990234375,411.2799987792969,412.9700012207031,50046800
2023-05-09,397.6920166015625,410.92999267578125,412.0899963378906,410.69000244140625,411.1300048828125,49220100
2023-05-10,399.5501403808594,412.8500061035156,414.5400085449219,408.8699951171875,413.8800048828125,96142900
2023-05-11,398.8533935546875,412.1300048828125,412.42999267578125,409.9700012207031,411.95001220703125,70157100
2023-05-12,398.3307189941406,411.5899963378906,413.6400146484375,409.07000732421875,413.4200134277344,70481500
2023-05-15,399.7049865722656,413.010009765625,413.42999267578125,410.2300109863281,412.2200012207031,54289400
2023-05-16,397.033935546875,410.25,412.82000732421875,410.239990234375,411.8599853515625,57705500
2023-05-17,401.853515625,415.2300109863281,415.8599853515625,410.6400146484375,412.3500061035156,87287000
2023-05-18,405.72467041015625,419.2300109863281,419.6700134277344,414.6700134277344,414.8999938964844,97177200
2023-05-19,405.1343078613281,418.6199951171875,420.7200012207031,417.3500061035156,420.1700134277344,103793300
2023-05-22,405.298828125,418.7900085449219,420.3900146484375,417.3500061035156,418.6400146484375,60745400
2023-05-23,400.7502136230469,414.0899963378906,418.7200012207031,413.67999267578125,417.0799865722656,86383500
2023-05-24,397.8468933105469,411.0899963378906,412.82000732421875,409.8800048828125,412.4200134277344,89213700
2023-05-25,401.2922058105469,414.6499938964844,416.1600036621094,412.4100036621094,414.739990234375,90961600
2023-05-26,406.4891357421875,420.0199890136719,420.7699890136719,415.25,415.3299865722656,93830000
2023-05-30,406.6440124511719,420.17999267578125,422.5799865722656,418.739990234375,422.0299987792969,72216000
2023-05-31,404.38909912109375,417.8500061035156,419.2200012207031,416.2200012207031,418.2799987792969,110811800
2023-06-01,408.2312316894531,421.82000732421875,422.9200134277344,416.7900085449219,418.0899963378906,88865000
2023-06-02,414.1347351074219,427.9200134277344,428.739990234375,423.95001220703125,424.5,91426200
2023-06-05,413.3411560058594,427.1000061035156,429.6199951171875,426.3699951171875,428.2799987792969,65460200
2023-06-06,414.24114990234375,428.0299987792969,428.5799865722656,425.989990234375,426.6700134277344,64022200
2023-06-07,412.8088073730469,426.54998779296875,429.6199951171875,426.1099853515625,428.44000244140625,85373300
2023-06-08,415.3057556152344,429.1300048828125,429.6000061035156,425.82000732421875,426.6199951171875,61952800
2023-06-09,416.0509033203125,429.8999938964844,431.989990234375,428.8699951171875,429.9599914550781,85742800
2023-06-12,419.8252868652344,433.79998779296875,433.8800048828125,430.1700134277344,430.9200134277344,76104300
2023-06-13,422.5931396484375,436.6600036621094,437.3299865722656,434.6300048828125,435.32000732421875,95899700
2023-06-14,423.09637451171875,437.17999267578125,439.05999755859375,433.5899963378906,437.010009765625,100612100
2023-06-15,428.341796875,442.6000061035156,443.8999938964844,436.2300109863281,436.3299865722656,110303100
2023-06-16,426.8827209472656,439.4599914550781,443.6099853515625,438.9700012207031,443.0199890136719,114165800
2023-06-20,424.6679992675781,437.17999267578125,438.3699951171875,435.0299987792969,437.45001220703125,76160400
2023-06-21,422.4921569824219,434.94000244140625,436.989990234375,434.3299865722656,436.1600036621094,76982300
2023-06-22,424.0171813964844,436.510009765625,436.6199951171875,433.6000061035156,433.95001220703125,70637200
2023-06-23,420.8116149902344,433.2099914550781,435.05999755859375,432.4700012207031,432.92999267578125,92074500
2023-06-26,419.0923156738281,431.44000244140625,434.6099853515625,431.19000244140625,432.6199951171875,72823600
2023-06-27,423.68695068359375,436.1700134277344,436.80999755859375,431.8800048828125,432.3500061035156,72813700
2023-06-28,423.900634765625,436.3900146484375,437.44000244140625,434.4100036621094,435.04998779296875,75636000
2023-06-29,425.57135009765625,438.1099853515625,438.2799987792969,435.5400085449219,435.9599914550781,67882300
2023-06-30,430.5934143066406,443.2799987792969,444.29998779296875,441.1099853515625,441.44000244140625,104964000
2023-07-03,431.0888366699219,443.7900085449219,444.0799865722656,442.6300048828125,442.9200134277344,32793400
2023-07-05,430.4477233886719,443.1300048828125,443.8900146484375,441.8999938964844,441.9100036621094,58418400
2023-07-06,427.07708740234375,439.6600036621094,440.1000061035156,437.05999755859375,439.4200134277344,80658300
2023-07-07,425.998779296875,438.54998779296875,442.6400146484375,438.29998779296875,438.6300048828125,86134200
2023-07-10,427.07708740234375,439.6600036621094,439.8399963378906,437.5899963378906,438.17999267578125,62443500
2023-07-11,429.79693603515625,442.4599914550781,442.9700012207031,439.44000244140625,440.45001220703125,64463800
2023-07-12,433.2549743652344,446.0199890136719,447.4800109863281,444.9100036621094,446.3900146484375,91924500
2023-07-13,436.6937255859375,449.55999755859375,450.3800048828125,447.45001220703125,447.8999938964844,72425200
2023-07-14,436.4217224121094,449.2799987792969,451.3599853515625,448.489990234375,450.4800109863281,69815800
2023-07-17,437.93707275390625,450.8399963378906,451.92999267578125,449.0799865722656,449.1300048828125,52680200
2023-07-18,441.191162109375,454.19000244140625,454.8599853515625,450.04998779296875,450.5,80668200
2023-07-19,442.17230224609375,455.20001220703125,456.42999267578125,454.1099853515625,455.010009765625,65891700
2023-07-20,439.23870849609375,452.17999267578125,455.1000061035156,451.44000244140625,454.1700134277344,70591600
2023-07-21,439.23870849609375,452.17999267578125,454.1700134277344,452.1700134277344,453.9599914550781,71275600
2023-07-24,441.2008972167969,454.20001220703125,455.0400085449219,452.29998779296875,453.3699951171875,54023400
2023-07-25,442.4053955078125,455.44000244140625,456.739990234375,453.8699951171875,453.9200134277344,55191200
2023-07-26,442.47344970703125,455.510009765625,456.989990234375,453.3800048828125,454.4700012207031,71052900
2023-07-27,439.539794921875,452.489990234375,459.44000244140625,451.54998779296875,459.0199890136719,92194400
2023-07-28,443.8431091308594,456.9200134277344,457.7799987792969,452.489990234375,455.8800048828125,80011800
2023-07-31,444.6882019042969,457.7900085449219,458.1600036621094,456.04998779296875,457.4100036621094,62040400
2023-08-01,443.4156799316406,456.4800109863281,457.25,455.489990234375,456.2699890136719,55291500
2023-08-02,437.2474060058594,450.1300048828125,453.5199890136719,449.3500061035156,453.25,93933400
2023-08-03,435.9942932128906,448.8399963378906,450.7900085449219,447.3699951171875,448.0400085449219,64276100
2023-08-04,434.0223693847656,446.80999755859375,452.8999938964844,446.2699890136719,450.7200012207031,100128900
2023-08-07,437.810791015625,450.7099914550781,450.8699951171875,447.989990234375,448.7099914550781,58357500
2023-08-08,435.9068908691406,448.75,450.70001220703125,445.2699890136719,448.0799865722656,71361300
2023-08-09,432.9927978515625,445.75,449.20001220703125,444.9599914550781,449.0299987792969,78789600
2023-08-10,433.1481628417969,445.9100036621094,451.70001220703125,444.70001220703125,448.19000244140625,93005500
2023-08-11,432.8955993652344,445.6499938964844,446.70001220703125,443.3500061035156,443.9700012207031,68690900
2023-08-14,435.2851867675781,448.1099853515625,448.1099853515625,444.3800048828125,444.70001220703125,47867400
2023-08-15,430.214599609375,442.8900146484375,446.6400146484375,442.29998779296875,446.2699890136719,75707500
2023-08-16,427.0576171875,439.6400146484375,444.17999267578125,439.5299987792969,442.4599914550781,80107200
2023-08-17,423.8034973144531,436.2900085449219,441.42999267578125,435.75,441.1600036621094,95711300
2023-08-18,424.0074768066406,436.5,437.57000732421875,433.010009765625,433.3699951171875,98852000
2023-08-21,426.76617431640625,439.3399963378906,440.1099853515625,435.32000732421875,437.54998779296875,68719000
2023-08-22,425.6102294921875,438.1499938964844,441.17999267578125,437.57000732421875,441.17999267578125,64994200
2023-08-23,430.3505859375,443.0299987792969,443.6700134277344,439.1000061035156,439.25,68441000
2023-08-24,424.3863220214844,436.8900146484375,445.2200012207031,436.8599853515625,444.69000244140625,88517300
2023-08-25,427.37811279296875,439.9700012207031,441.29998779296875,435.0,438.67999267578125,102325100
2023-08-28,430.0882873535156,442.760009765625,443.3999938964844,439.9700012207031,442.239990234375,61595400
2023-08-29,436.30517578125,449.1600036621094,449.45001220703125,442.4599914550781,442.6499938964844,83081900
2023-08-30,438.10223388671875,451.010009765625,451.6700134277344,448.7799987792969,449.510009765625,69053900
2023-08-31,437.4610900878906,450.3500061035156,452.8299865722656,450.1600036621094,451.6499938964844,66084600
2023-09-01,438.2770690917969,451.19000244140625,453.6700134277344,449.67999267578125,453.1700134277344,58944100
2023-09-05,436.3828430175781,449.239990234375,451.05999755859375,449.1700134277344,450.7300109863281,55166200
2023-09-06,433.4493103027344,446.2200012207031,448.510009765625,443.80999755859375,448.3999938964844,70758500
2023-09-07,432.1185302734375,444.8500061035156,445.54998779296875,442.75,443.1099853515625,70355400
2023-09-08,432.769287109375,445.5199890136719,447.1099853515625,444.5299987792969,444.8999938964844,61659700
2023-09-11,435.6155090332031,448.45001220703125,448.7699890136719,446.4700012207031,448.239990234375,60180100
2023-09-12,433.2259216308594,445.989990234375,448.5299987792969,445.3900146484375,446.95001220703125,67565400
2023-09-13,433.7309875488281,446.510009765625,447.7099914550781,445.0799865722656,446.2200012207031,60199300
2023-09-14,437.4707946777344,450.3599853515625,451.0799865722656,447.7200012207031,449.07000732421875,83430800
2023-09-15,432.20001220703125,443.3699951171875,447.4800109863281,442.9200134277344,447.1400146484375,111848900
2023-09-18,432.4534606933594,443.6300048828125,444.9700012207031,442.55999755859375,443.04998779296875,55752200
2023-09-19,431.5566101074219,442.7099914550781,443.2900085449219,439.94000244140625,442.67999267578125,66514600
2023-09-20,427.5892333984375,438.6400146484375,444.44000244140625,438.42999267578125,444.010009765625,82562600
2023-09-21,420.5218505859375,431.3900146484375,435.9700012207031,431.2300109863281,435.70001220703125,104095800
2023-09-22,419.5762634277344,430.4200134277344,434.1000061035156,429.989990234375,432.45001220703125,100829700
2023-09-25,421.3406677246094,432.2300109863281,432.2699890136719,428.7200012207031,429.1700134277344,70874500
2023-09-26,415.1506652832031,425.8800048828125,429.82000732421875,425.0199890136719,429.0899963378906,96168400
2023-09-27,415.3163757324219,426.04998779296875,427.6700134277344,422.2900085449219,427.0899963378906,104705800
2023-09-28,417.72412109375,428.5199890136719,430.25,424.8699951171875,425.4800109863281,92258300
2023-09-29,416.7103271484375,427.4800109863281,431.8500061035156,425.9100036621094,431.6700134277344,115111300
2023-10-02,416.5446472167969,427.30999755859375,428.6000061035156,424.4599914550781,426.6199951171875,83798600
2023-10-03,410.96875,421.5899963378906,427.3699951171875,420.17999267578125,425.05999755859375,103760600
2023-10-04,413.96142578125,424.6600036621094,425.42999267578125,420.55999755859375,422.07000732421875,87453000
2023-10-05,413.8054504394531,424.5,425.3699951171875,421.1700134277344,424.3599853515625,70142700
2023-10-06,418.7184753417969,429.5400085449219,431.1300048828125,420.6000061035156,421.9700012207031,113273300
2023-10-09,421.399169921875,432.2900085449219,432.8800048828125,427.010009765625,427.5799865722656,80374400
2023-10-10,423.5924987792969,434.5400085449219,437.2200012207031,432.5299987792969,432.94000244140625,78607300
2023-10-11,425.3276672363281,436.32000732421875,436.5799865722656,433.17999267578125,435.6400146484375,62451700
2023-10-12,422.7346496582031,433.6600036621094,437.3399963378906,431.2300109863281,436.95001220703125,81154200
2023-10-13,420.6290283203125,431.5,436.45001220703125,429.8800048828125,435.2099914550781,95143100
2023-10-16,425.0546875,436.0400085449219,437.1400146484375,433.57000732421875,433.82000732421875,75433200
2023-10-17,425.03515625,436.0199890136719,438.1400146484375,432.45001220703125,432.80999755859375,75324700
2023-10-18,419.37152099609375,430.2099914550781,435.17999267578125,429.0899963378906,434.19000244140625,93559800
2023-10-19,415.686767578125,426.42999267578125,432.82000732421875,425.7300109863281,430.95001220703125,121323000
2023-10-20,410.5788269042969,421.19000244140625,426.5400085449219,421.0799865722656,425.9800109863281,123919900
2023-10-23,409.86712646484375,420.4599914550781,424.45001220703125,417.79998779296875,419.6099853515625,92035100
2023-10-24,412.9573669433594,423.6300048828125,424.82000732421875,420.739990234375,422.6499938964844,78564200
2023-10-25,407.0304870605469,417.54998779296875,421.9200134277344,417.0199890136719,421.8900146484375,94223200
2023-10-26,402.1564636230469,412.54998779296875,417.3299865722656,411.6000061035156,416.45001220703125,115156800
2023-10-27,400.33355712890625,410.67999267578125,414.6000061035156,409.2099914550781,414.19000244140625,107367700
2023-10-30,405.119873046875,415.5899963378906,416.67999267578125,412.2200012207031,413.55999755859375,86562700
2023-10-31,407.6641845703125,418.20001220703125,418.5299987792969,414.2099914550781,416.17999267578125,79665200
2023-11-01,412.01177978515625,422.6600036621094,423.5,418.6499938964844,419.20001220703125,98068100
2023-11-02,419.90771484375,430.760009765625,430.9200134277344,426.55999755859375,426.5799865722656,94938900
2023-11-03,423.7387390136719,434.69000244140625,436.2900085449219,433.010009765625,433.1400146484375,100167800
2023-11-06,424.7135009765625,435.69000244140625,436.1499938964844,433.67999267578125,435.4700012207031,67831700
2023-11-07,425.9222412109375,436.92999267578125,437.5899963378906,434.510009765625,435.69000244140625,64256100
2023-11-08,426.2342224121094,437.25,438.0899963378906,434.8699951171875,437.54998779296875,61746000
2023-11-09,422.9101257324219,433.8399963378906,438.4700012207031,433.3999938964844,438.42999267578125,83174400
2023-11-10,429.5095520019531,440.6099853515625,440.92999267578125,433.8299865722656,435.9800109863281,89462200
2023-11-13,429.1001281738281,440.19000244140625,441.3299865722656,438.4200134277344,439.2300109863281,52236100
2023-11-14,437.4250183105469,448.7300109863281,450.05999755859375,446.0899963378906,446.32000732421875,97176900
2023-11-15,438.35107421875,449.67999267578125,451.3800048828125,448.79998779296875,450.1099853515625,77327600
2023-11-16,438.8871765136719,450.2300109863281,450.55999755859375,448.1199951171875,449.2200012207031,66665800
2023-11-17,439.4330749511719,450.7900085449219,451.4200134277344,449.2900085449219,450.239990234375,83133200
2023-11-20,442.815673828125,454.260009765625,455.1300048828125,450.5199890136719,450.5299987792969,69936200
2023-11-21,441.8506164550781,453.2699890136719,454.1300048828125,451.9599914550781,453.17999267578125,49244600
2023-11-22,443.5564880371094,455.0199890136719,456.3800048828125,453.8900146484375,454.9800109863281,59394900
2023-11-24,443.8294372558594,455.29998779296875,455.5,454.7300109863281,455.07000732421875,29737400
2023-11-27,443.0301513671875,454.4800109863281,455.489990234375,454.0799865722656,454.6499938964844,50506000
2023-11-28,443.46875,454.92999267578125,456.2699890136719,453.5,454.0799865722656,62115000
2023-11-29,443.1568603515625,454.6099853515625,458.32000732421875,454.20001220703125,457.1499938964844,63146000
2023-11-30,444.9017333984375,456.3999938964844,456.760009765625,453.3399963378906,455.4800109863281,79752700
2023-12-01,447.53375244140625,459.1000061035156,459.6499938964844,455.1600036621094,455.7699890136719,89183400
2023-12-04,445.1844482421875,456.69000244140625,459.1199951171875,454.3399963378906,455.6000061035156,72430900
2023-12-05,445.0966796875,456.6000061035156,457.5899963378906,454.8699951171875,455.260009765625,69793500
2023-12-06,443.3031005859375,454.760009765625,458.8399963378906,454.30999755859375,458.80999755859375,69124700
2023-12-07,446.6856689453125,458.2300109863281,458.8999938964844,456.2900085449219,456.9100036621094,66995400
2023-12-08,448.6059875488281,460.20001220703125,460.75,457.2099914550781,457.4599914550781,83194400
2023-12-11,450.3509216308594,461.989990234375,462.1700134277344,459.4700012207031,459.69000244140625,65002200
2023-12-12,452.4078063964844,464.1000061035156,464.20001220703125,460.6000061035156,461.6300048828125,68327600
2023-12-13,458.64654541015625,470.5,470.760009765625,464.1199951171875,464.489990234375,93278000
2023-12-14,460.1184997558594,472.010009765625,473.7300109863281,469.25,472.5,119026000
2023-12-15,459.3609313964844,469.3299865722656,470.70001220703125,467.42999267578125,469.489990234375,141553700
2023-12-18,461.9448547363281,471.9700012207031,472.9800109863281,469.8900146484375,470.9800109863281,70375300
2023-12-19,464.7538757324219,474.8399963378906,474.9200134277344,472.45001220703125,472.5299987792969,55761800
2023-12-20,458.31365966796875,468.260009765625,475.8999938964844,467.82000732421875,473.9599914550781,102921000
2023-12-21,462.65936279296875,472.70001220703125,472.9800109863281,468.8399963378906,471.3299865722656,86667500
2023-12-22,463.58917236328125,473.6499938964844,475.3800048828125,471.70001220703125,473.8599853515625,67160400
2023-12-26,465.5466613769531,475.6499938964844,476.5799865722656,473.989990234375,474.07000732421875,55387000
2023-12-27,466.388427734375,476.510009765625,476.6600036621094,474.8900146484375,475.44000244140625,68000300
2023-12-28,466.5645751953125,476.69000244140625,477.54998779296875,476.260009765625,476.8800048828125,77158100
2023-12-29,465.2138671875,475.30999755859375,477.0299987792969,473.29998779296875,476.489990234375,122283100
2024-01-02,462.61041259765625,472.6499938964844,473.6700134277344,470.489990234375,472.1600036621094,123623700
2024-01-03,458.8323974609375,468.7900085449219,471.19000244140625,468.1700134277344,470.42999267578125,103585900
2024-01-04,457.3544616699219,467.2799987792969,470.9599914550781,467.04998779296875,468.29998779296875,84232200
2024-01-05,457.9808654785156,467.9200134277344,470.44000244140625,466.42999267578125,467.489990234375,86118900
2024-01-08,464.51898193359375,474.6000061035156,474.75,468.29998779296875,468.42999267578125,74879100
2024-01-09,463.81427001953125,473.8800048828125,474.92999267578125,471.3500061035156,471.8699951171875,65931400
2024-01-10,466.4373474121094,476.55999755859375,477.45001220703125,473.8699951171875,474.1600036621094,67310600
2024-01-11,466.2318115234375,476.3500061035156,478.1199951171875,472.260009765625,477.5899963378906,77940700
2024-01-12,466.5547790527344,476.67999267578125,478.6000061035156,475.2300109863281,477.8399963378906,58026400
2024-01-16,464.8419494628906,474.92999267578125,476.6099853515625,473.05999755859375,475.260009765625,85014900
2024-01-17,462.258056640625,472.2900085449219,472.7900085449219,469.8699951171875,471.82000732421875,68843900
2024-01-18,466.3688049316406,476.489990234375,477.05999755859375,472.4200134277344,474.010009765625,91856200
2024-01-19,472.1826477050781,482.42999267578125,482.7200012207031,476.5400085449219,477.6499938964844,110834500
2024-01-22,473.1810302734375,483.45001220703125,485.2200012207031,482.7799987792969,484.010009765625,75844900
2024-01-23,474.5610046386719,484.8599853515625,485.1099853515625,482.8900146484375,484.010009765625,49945300
2024-01-24,475.07977294921875,485.3900146484375,488.7699890136719,484.8800048828125,487.80999755859375,81765000
2024-01-25,477.6637268066406,488.0299987792969,488.30999755859375,485.3900146484375,487.5799865722656,72525000
2024-01-26,477.056884765625,487.4100036621094,489.1199951171875,486.5400085449219,487.5899963378906,76641600
2024-01-29,480.8348693847656,491.2699890136719,491.4200134277344,487.1700134277344,487.7300109863281,61322800
2024-01-30,480.46295166015625,490.8900146484375,491.6199951171875,490.1099853515625,490.55999755859375,58618400
2024-01-31,472.62310791015625,482.8800048828125,489.0799865722656,482.8599853515625,488.6199951171875,126011100
2024-02-01,478.8088684082031,489.20001220703125,489.2300109863281,483.79998779296875,484.6300048828125,91891600
2024-02-02,483.8495178222656,494.3500061035156,496.04998779296875,489.29998779296875,489.6499938964844,99228200
2024-02-05,482.0876770019531,492.54998779296875,494.3800048828125,490.2300109863281,493.70001220703125,75757100
2024-02-06,483.4873352050781,493.9800109863281,494.32000732421875,492.04998779296875,493.5199890136719,55918600
2024-02-07,487.51983642578125,498.1000061035156,498.5299987792969,495.3599853515625,496.2900085449219,70556500
2024-02-08,487.7351379394531,498.32000732421875,498.7099914550781,497.260009765625,498.1000061035156,52343600
2024-02-09,490.5539855957031,501.20001220703125,501.6499938964844,498.489990234375,498.8399963378906,63979400
2024-02-12,490.3386535644531,500.9800109863281,503.5,500.239990234375,501.1700134277344,56502300
2024-02-13,483.585205078125,494.0799865722656,497.0899963378906,490.7200012207031,494.5299987792969,113099200
2024-02-14,487.9798583984375,498.57000732421875,499.07000732421875,494.3999938964844,496.7900085449219,68387800
2024-02-15,491.3467712402344,502.010009765625,502.20001220703125,498.79998779296875,499.2900085449219,61683000
2024-02-16,488.89990234375,499.510009765625,502.8699951171875,498.75,501.70001220703125,75532900
2024-02-20,486.20831298828125,496.760009765625,498.4100036621094,494.45001220703125,497.7200012207031,71736700
2024-02-21,486.648681640625,497.2099914550781,497.3699951171875,493.55999755859375,495.4200134277344,59293400
2024-02-22,496.72015380859375,507.5,508.489990234375,503.0199890136719,504.010009765625,76402500
2024-02-23,497.0627136230469,507.8500061035156,510.1300048828125,507.1000061035156,509.2699890136719,61321800
2024-02-26,495.2421875,505.989990234375,508.75,505.8599853515625,508.29998779296875,50386700
2024-02-27,496.1622619628906,506.92999267578125,507.1600036621094,504.75,506.70001220703125,48854500
2024-02-28,495.5064697265625,506.260009765625,506.8599853515625,504.9599914550781,505.3299865722656,56506600
2024-02-29,497.287841796875,508.0799865722656,509.739990234375,505.3500061035156,508.07000732421875,83924800
2024-03-01,501.95654296875,512.8499755859375,513.2899780273438,508.55999755859375,508.9800109863281,76844800
2024-03-04,501.4181823730469,512.2999877929688,514.2000122070312,512.0,512.030029296875,49799300
2024-03-05,496.4069519042969,507.17999267578125,510.70001220703125,504.9100036621094,510.239990234375,72855600
2024-03-06,498.9223327636719,509.75,512.0700073242188,508.4200134277344,510.54998779296875,68382400
2024-03-07,503.8749084472656,514.8099975585938,515.8900146484375,509.80999755859375,513.1400146484375,58652100
2024-03-08,500.85052490234375,511.7200012207031,518.219970703125,511.1300048828125,515.4600219726562,86532500
2024-03-11,500.41986083984375,511.2799987792969,511.8800048828125,508.5,510.4800109863281,62557200
2024-03-12,505.8030700683594,516.780029296875,517.3800048828125,510.8599853515625,513.4500122070312,73114400
2024-03-13,505.0102844238281,515.969970703125,517.2899780273438,514.489990234375,517.1099853515625,55104100
2024-03-14,504.0119323730469,514.9500122070312,517.1300048828125,511.82000732421875,516.969970703125,110171800
2024-03-15,500.551025390625,509.8299865722656,511.70001220703125,508.1199951171875,510.2099914550781,107646300
2024-03-18,503.5259094238281,512.8599853515625,515.47998046875,512.4400024414062,514.0,88893300
2024-03-19,506.3240966796875,515.7100219726562,516.0,511.1199951171875,512.1500244140625,60755300
2024-03-20,511.00726318359375,520.47998046875,520.6199951171875,515.0800170898438,515.77001953125,69594600
2024-03-21,512.6958618164062,522.2000122070312,524.1099853515625,521.9099731445312,523.3900146484375,60256100
2024-03-22,511.72393798828125,521.2100219726562,522.6099853515625,520.969970703125,522.1099853515625,79070800
2024-03-25,510.3101806640625,519.77001953125,520.9500122070312,519.6099853515625,519.7999877929688,48512100
2024-03-26,509.3675842285156,518.8099975585938,521.5800170898438,518.4000244140625,521.22998046875,65463700
2024-03-27,513.6482543945312,523.1699829101562,523.2100219726562,519.489990234375,521.7100219726562,82999800
2024-03-28,513.5501708984375,523.0700073242188,524.6099853515625,522.780029296875,523.2100219726562,96294900
2024-04-01,512.6566162109375,522.1599731445312,524.3800048828125,520.969970703125,523.8300170898438,62477500
2024-04-02,509.3971862792969,518.8400268554688,518.97998046875,516.47998046875,518.239990234375,74230300
2024-04-03,509.9566650390625,519.4099731445312,520.9500122070312,517.6699829101562,517.719970703125,59155800
2024-04-04,503.73211669921875,513.0700073242188,523.8699951171875,512.760009765625,523.52001953125,96858100
2024-04-05,508.9944763183594,518.4299926757812,520.4400024414062,514.010009765625,514.4600219726562,74546500
2024-04-08,509.27923583984375,518.719970703125,520.1799926757812,517.8900146484375,519.1500244140625,48401800
2024-04-09,509.8684387207031,519.3200073242188,520.75,514.3499755859375,520.5,68049200
2024-04-10,504.762939453125,514.1199951171875,516.1599731445312,512.0900268554688,513.47998046875,82652800
2024-04-11,508.5724182128906,518.0,519.47998046875,512.0800170898438,515.6799926757812,70099000
2024-04-12,501.552490234375,510.8500061035156,515.8200073242188,509.0799865722656,514.3699951171875,92561100
2024-04-15,495.26898193359375,504.45001220703125,515.2999877929688,503.5799865722656,515.1300048828125,92101400
2024-04-16,494.3657531738281,503.5299987792969,506.5,502.2099914550781,504.94000244140625,73484000
2024-04-17,491.43994140625,500.54998779296875,506.2200012207031,499.1199951171875,506.04998779296875,75910300
2024-04-18,490.4287414550781,499.5199890136719,504.1300048828125,498.55999755859375,501.9800109863281,74548100
2024-04-19,486.1480407714844,495.1600036621094,500.4599914550781,493.8599853515625,499.44000244140625,102212600
2024-04-22,490.62506103515625,499.7200012207031,502.3800048828125,495.42999267578125,497.8299865722656,67961000
2024-04-23,496.4471130371094,505.6499938964844,506.0899963378906,499.5299987792969,501.7799987792969,64633600
2024-04-24,496.21148681640625,505.4100036621094,507.3699951171875,503.1300048828125,506.55999755859375,55928100
2024-04-25,494.32647705078125,503.489990234375,504.2699890136719,497.489990234375,499.17999267578125,69122400
2024-04-26,499.0096740722656,508.260009765625,509.8800048828125,505.70001220703125,506.3500061035156,64306100
2024-04-29,500.7768859863281,510.05999755859375,510.75,507.25,510.0899963378906,46415400
2024-04-30,492.8439636230469,501.9800109863281,509.55999755859375,501.9800109863281,508.55999755859375,77483600
2024-05-01,491.2436218261719,500.3500061035156,508.19000244140625,499.8699951171875,501.3800048828125,80242800
2024-05-02,495.8384094238281,505.0299987792969,505.8900146484375,499.54998779296875,504.1499938964844,62550200
2024-05-03,501.9845275878906,511.2900085449219,512.5499877929688,508.55999755859375,511.1600036621094,72756700
2024-05-06,507.1684265136719,516.5700073242188,516.6099853515625,513.2999877929688,513.75,47264700
2024-05-07,507.72802734375,517.1400146484375,518.5700073242188,516.4500122070312,517.5599975585938,52561300
2024-05-08,507.777099609375,517.1900024414062,517.739990234375,515.1400146484375,515.260009765625,42047200
2024-05-09,510.702880859375,520.1699829101562,520.2100219726562,516.7100219726562,517.3800048828125,43643700
2024-05-10,511.36077880859375,520.8400268554688,522.6400146484375,519.5900268554688,521.8099975585938,52233200
2024-05-13,511.4293518066406,520.9099731445312,522.6699829101562,519.739990234375,522.5599975585938,36716400
2024-05-14,513.7759399414062,523.2999877929688,523.8300170898438,520.5599975585938,521.1099853515625,57535900
2024-05-15,520.1380615234375,529.780029296875,530.0800170898438,525.1799926757812,525.8300170898438,59504900
2024-05-16,519.0678100585938,528.6900024414062,531.52001953125,528.5399780273438,529.8800048828125,50244800
2024-05-17,519.81396484375,529.4500122070312,529.52001953125,527.3200073242188,528.8099975585938,59187600
2024-05-20,520.4129028320312,530.0599975585938,531.5599975585938,529.1699829101562,529.5700073242188,37764200
2024-05-21,521.6892700195312,531.3599853515625,531.52001953125,529.0700073242188,529.280029296875,33437000
2024-05-22,520.18701171875,529.8300170898438,531.3800048828125,527.5999755859375,530.6500244140625,48390000
2024-05-23,516.3875122070312,525.9600219726562,533.0700073242188,524.719970703125,532.9600219726562,57211200
2024-05-24,519.80419921875,529.4400024414062,530.27001953125,526.8800048828125,527.8499755859375,41291100
2024-05-28,520.1674194335938,529.8099975585938,530.510009765625,527.1099853515625,530.27001953125,36269600
2024-05-29,516.52490234375,526.0999755859375,527.3099975585938,525.3699951171875,525.6799926757812,45190300
2024-05-30,513.0985107421875,522.6099853515625,525.2000122070312,521.3300170898438,524.52001953125,46377600
2024-05-31,517.7718505859375,527.3699951171875,527.5,518.3599853515625,523.5900268554688,90785800
2024-06-03,518.1940307617188,527.7999877929688,529.3099975585938,522.5999755859375,529.02001953125,46835700
2024-06-04,518.773193359375,528.3900146484375,529.1500244140625,524.9600219726562,526.4600219726562,34632700
2024-06-05,524.93896484375,534.6699829101562,534.6900024414062,528.72998046875,530.77001953125,47610400
2024-06-06,524.9291381835938,534.6599731445312,535.4199829101562,532.6799926757812,534.97998046875,30808500
2024-06-07,524.2910766601562,534.010009765625,536.8900146484375,532.5399780273438,533.6599731445312,43224500
2024-06-10,525.910888671875,535.6599731445312,535.989990234375,532.5700073242188,533.1799926757812,35686100
2024-06-11,527.1774291992188,536.9500122070312,537.010009765625,532.0499877929688,534.0700073242188,36383400
2024-06-12,531.5072631835938,541.3599853515625,544.1199951171875,540.2999877929688,541.6300048828125,63251300
2024-06-13,532.5774536132812,542.4500122070312,543.3300170898438,539.5900268554688,543.1500244140625,44760900
2024-06-14,532.9013671875,542.780029296875,542.8099975585938,539.8499755859375,540.8800048828125,40089900
2024-06-17,537.1426391601562,547.0999755859375,548.530029296875,541.6099853515625,542.0800170898438,55839500
2024-06-18,538.5074462890625,548.489990234375,548.6199951171875,546.72998046875,547.1599731445312,41376400
2024-06-20,537.0446166992188,547.0,550.1199951171875,545.1799926757812,549.4400024414062,70328200
2024-06-21,536.3245239257812,544.510009765625,545.6500244140625,543.02001953125,544.4000244140625,64338600
2024-06-24,534.5811157226562,542.739990234375,546.9500122070312,542.6199951171875,544.3300170898438,45528700
2024-06-25,536.6397705078125,544.8300170898438,545.2000122070312,542.4400024414062,543.989990234375,37936200
2024-06-26,537.3095703125,545.510009765625,546.239990234375,543.030029296875,543.6900024414062,38550600
2024-06-27,538.1566162109375,546.3699951171875,546.9600219726562,544.6099853515625,545.3699951171875,35041500
2024-06-28,536.0388793945312,544.219970703125,550.280029296875,542.9500122070312,547.1599731445312,76144500
2024-07-01,537.1420288085938,545.3400268554688,545.8800048828125,542.52001953125,545.6300048828125,40297800
2024-07-02,540.7568969726562,549.010009765625,549.010009765625,543.6500244140625,543.7000122070312,40434800
2024-07-03,543.170166015625,551.4600219726562,551.8300170898438,548.6500244140625,548.6900024414062,32789900
2024-07-05,546.3023681640625,554.6400146484375,555.0499877929688,551.1199951171875,551.77001953125,41488400
2024-07-08,546.9327392578125,555.280029296875,556.25,554.1900024414062,555.4400024414062,36110500
2024-07-09,547.4645385742188,555.8200073242188,557.1799926757812,555.52001953125,556.260009765625,27289700
2024-07-10,552.8818969726562,561.3200073242188,561.6699829101562,556.77001953125,557.0700073242188,38701200
2024-07-11,548.1145629882812,556.47998046875,562.3300170898438,555.8300170898438,561.4400024414062,53054200
2024-07-12,551.5718383789062,559.989990234375,563.6699829101562,557.1500244140625,557.6300048828125,53084400
2024-07-15,553.0886840820312,561.530029296875,564.8400268554688,559.6300048828125,562.030029296875,40584300
2024-07-16,556.36865234375,564.8599853515625,565.1599731445312,562.0999755859375,562.8699951171875,36475300
2024-07-17,548.5676879882812,556.9400024414062,560.510009765625,556.6099853515625,558.7999877929688,57119000
2024-07-18,544.35205078125,552.6599731445312,559.52001953125,550.4299926757812,558.510009765625,56270400
2024-07-19,540.7371826171875,548.989990234375,554.0800170898438,547.9099731445312,552.4199829101562,65509100
2024-07-22,546.3121337890625,554.6500244140625,555.27001953125,551.02001953125,553.0,43346700
2024-07-23,545.4551391601562,553.780029296875,556.739990234375,553.280029296875,554.5399780273438,34439600
2024-07-24,533.0938110351562,541.22998046875,549.1699829101562,540.2899780273438,548.8599853515625,74515300
2024-07-25,530.3162231445312,538.4099731445312,547.4600219726562,537.4500122070312,541.3499755859375,61158300
2024-07-26,536.255615234375,544.4400024414062,547.1900024414062,541.489990234375,542.280029296875,53763800
2024-07-29,536.57080078125,544.760009765625,547.0499877929688,542.719970703125,546.02001953125,39515800
2024-07-30,533.8522338867188,542.0,547.3400268554688,538.52001953125,546.260009765625,46853600
2024-07-31,542.5298461914062,550.8099975585938,553.5,547.5800170898438,548.97998046875,65663400
2024-08-01,534.8471069335938,543.010009765625,554.8699951171875,539.4299926757812,552.5700073242188,76428700
2024-08-02,524.8890991210938,532.9000244140625,536.989990234375,528.5999755859375,535.75,82789100
2024-08-05,509.6024169921875,517.3800048828125,523.5800170898438,510.2699890136719,511.6400146484375,146267400
2024-08-06,514.30078125,522.1500244140625,529.75,517.8699951171875,519.219970703125,84826300
2024-08-07,510.8631896972656,518.6599731445312,531.5900268554688,518.0499877929688,528.469970703125,70698300
2024-08-08,522.6729736328125,530.6500244140625,531.2899780273438,521.8400268554688,523.9099731445312,63276600
2024-08-09,524.9777221679688,532.989990234375,534.510009765625,528.5599975585938,529.8099975585938,45619600
2024-08-12,525.2536010742188,533.27001953125,535.72998046875,530.9500122070312,534.2100219726562,42542100
2024-08-13,533.8916015625,542.0399780273438,542.280029296875,536.280029296875,536.530029296875,52333100
2024-08-14,535.5759887695312,543.75,544.9600219726562,540.1199951171875,542.8499755859375,42446900
2024-08-15,544.755859375,553.0700073242188,553.3599853515625,548.8800048828125,549.5,60846800
2024-08-16,545.9773559570312,554.3099975585938,555.02001953125,551.260009765625,551.4199829101562,44430700
2024-08-19,551.197509765625,559.6099853515625,559.6099853515625,553.8599853515625,554.72998046875,39121800
2024-08-20,550.30126953125,558.7000122070312,560.8400268554688,557.3300170898438,559.1500244140625,33732300
2024-08-21,552.1923828125,560.6199951171875,562.1099853515625,554.72998046875,559.77001953125,41514600
2024-08-22,547.8585815429688,556.219970703125,563.1799926757812,554.97998046875,562.5599975585938,56121500
2024-08-23,553.6796875,562.1300048828125,563.0900268554688,557.2899780273438,559.530029296875,50639400
2024-08-26,552.35986328125,560.7899780273438,563.9099731445312,559.0499877929688,563.1799926757812,35788600
2024-08-27,553.1183471679688,561.5599975585938,562.0599975585938,558.3200073242188,559.489990234375,32693900
2024-08-28,549.9072265625,558.2999877929688,561.6500244140625,555.0399780273438,561.2100219726562,41066000
2024-08-29,549.95654296875,558.3499755859375,563.6799926757812,557.1799926757812,560.3099975585938,38715200
2024-08-30,555.2063598632812,563.6799926757812,564.2000122070312,557.1400146484375,560.77001953125,62700100
2024-09-03,543.78076171875,552.0800170898438,560.8099975585938,549.510009765625,560.469970703125,60600100
2024-09-04,542.6677856445312,550.9500122070312,554.4299926757812,549.4600219726562,550.2000122070312,47224900
2024-09-05,541.347900390625,549.6099853515625,553.7999877929688,547.0999755859375,550.8900146484375,44264300
2024-09-06,532.2369995117188,540.3599853515625,551.5999755859375,539.4400024414062,549.9400024414062,68493800
2024-09-09,538.1959838867188,546.4099731445312,547.7100219726562,542.6799926757812,544.6500244140625,40445800
2024-09-10,540.5401611328125,548.7899780273438,549.1500244140625,543.3800048828125,548.3599853515625,36394600
2024-09-11,546.0855712890625,554.4199829101562,555.3599853515625,539.9600219726562,548.7000122070312,75248600
2024-09-12,550.6853637695312,559.0900268554688,559.4000244140625,552.739990234375,555.010009765625,51819600
2024-09-13,553.5615234375,562.010009765625,563.030029296875,559.4500122070312,559.7100219726562,39310500
2024-09-16,554.3790283203125,562.8400268554688,563.1099853515625,559.9000244140625,561.739990234375,36656100
2024-09-17,554.6055297851562,563.0700073242188,566.5800170898438,560.7899780273438,565.0999755859375,49321000
2024-09-18,552.960693359375,561.4000244140625,568.6900024414062,560.8300170898438,563.739990234375,59044900
2024-09-19,562.3966064453125,570.97998046875,572.8800048828125,568.0800170898438,571.010009765625,75315500
2024-09-20,561.4244384765625,568.25,569.3099975585938,565.1699829101562,567.8400268554688,77503100
2024-09-23,562.827392578125,569.6699829101562,570.3300170898438,568.0999755859375,569.3400268554688,44116900
2024-09-24,564.4378662109375,571.2999877929688,571.3599853515625,567.5999755859375,570.47998046875,46805700
2024-09-25,563.1929321289062,570.0399780273438,571.8900146484375,568.9099731445312,571.1400146484375,38428600
2024-09-26,565.42578125,572.2999877929688,574.7100219726562,569.9000244140625,574.3800048828125,48336000
2024-09-27,564.6057739257812,571.469970703125,574.219970703125,570.4199829101562,573.3900146484375,42100900
2024-09-30,566.8682861328125,573.760009765625,574.3800048828125,568.0800170898438,570.4199829101562,63557400
2024-10-01,561.7900390625,568.6199951171875,574.0599975585938,566.0,573.4000244140625,72668800
2024-10-02,562.0271606445312,568.8599853515625,569.9000244140625,565.27001953125,567.7100219726562,38097800
2024-10-03,560.9996337890625,567.8200073242188,569.7999877929688,565.489990234375,567.3599853515625,40846500
2024-10-04,566.09765625,572.97998046875,573.3599853515625,568.0999755859375,572.3499755859375,42939100
2024-10-07,560.9798583984375,567.7999877929688,571.9600219726562,566.6300048828125,571.2999877929688,49964700
2024-10-08,566.2853393554688,573.1699829101562,573.780029296875,569.530029296875,570.4199829101562,37398700
2024-10-09,570.2076416015625,577.1400146484375,577.7100219726562,572.5499877929688,573.1599731445312,37912200
2024-10-10,569.2098388671875,576.1300048828125,577.5800170898438,574.489990234375,575.77001953125,44138100
2024-10-11,572.618408203125,579.5800170898438,580.3300170898438,575.9099731445312,576.0499877929688,42268000
2024-10-14,577.3014526367188,584.3200073242188,585.27001953125,580.72998046875,581.219970703125,36217200
2024-10-15,572.8160400390625,579.780029296875,584.9000244140625,578.5399780273438,584.5900268554688,54203600
2024-10-16,575.3056640625,582.2999877929688,582.8300170898438,578.9600219726562,579.780029296875,30725400
2024-10-17,575.3551635742188,582.3499755859375,586.1199951171875,582.1599731445312,585.9099731445312,34393700
2024-10-18,577.5681762695312,584.5900268554688,585.3900146484375,582.5800170898438,584.0700073242188,37416800
2024-10-21,576.6197509765625,583.6300048828125,584.8499755859375,580.5999755859375,583.8499755859375,36439000
2024-10-22,576.3135375976562,583.3200073242188,584.5,580.3800048828125,581.0499877929688,34183800
2024-10-23,571.0474243164062,577.989990234375,581.7100219726562,574.4199829101562,581.260009765625,49314600
2024-10-24,572.282470703125,579.239990234375,580.0599975585938,576.5700073242188,579.97998046875,34979900
2024-10-25,572.0848388671875,579.0399780273438,584.4600219726562,578.0800170898438,581.510009765625,47268200
2024-10-28,573.8533935546875,580.8300170898438,582.7100219726562,580.52001953125,582.5800170898438,30174700
2024-10-29,574.7821044921875,581.77001953125,582.9099731445312,578.4299926757812,579.8499755859375,42899700
2024-10-30,573.0432739257812,580.010009765625,583.3200073242188,579.2899780273438,581.2899780273438,41435800
2024-10-31,561.809814453125,568.6400146484375,575.6300048828125,568.4400024414062,575.5599975585938,60182500
2024-11-01,564.1809692382812,571.0399780273438,575.5499877929688,570.6199951171875,571.3200073242188,45667500
2024-11-04,562.9656982421875,569.8099975585938,572.5,567.8900146484375,571.1799926757812,38217000
2024-11-05,569.7730102539062,576.7000122070312,576.739990234375,570.52001953125,570.739990234375,39478300
2024-11-06,583.9407348632812,591.0399780273438,591.9299926757812,585.3900146484375,589.2000122070312,68182000
2024-11-07,588.455810546875,595.6099853515625,596.6500244140625,593.0,593.0800170898438,47233200
2024-11-08,591.0048217773438,598.1900024414062,599.6400146484375,596.1699829101562,596.1699829101562,46444900
2024-11-11,591.5679931640625,598.760009765625,600.1699829101562,597.0,599.8099975585938,37586800
2024-11-12,589.7303466796875,596.9000244140625,599.2899780273438,594.3699951171875,598.6799926757812,43006100
2024-11-13,590.016845703125,597.1900024414062,599.22998046875,594.9600219726562,597.3699951171875,47388600
2024-11-14,586.2229614257812,593.3499755859375,597.8099975585938,592.6500244140625,597.3200073242188,38904100
2024-11-15,578.7142333984375,585.75,590.2000122070312,583.8599853515625,589.719970703125,75988800
2024-11-18,581.08544921875,588.1500244140625,589.489990234375,585.3400268554688,586.219970703125,37001700
2024-11-19,583.2095947265625,590.2999877929688,591.0399780273438,584.030029296875,584.7100219726562,49412000
2024-11-20,583.4071655273438,590.5,590.7899780273438,584.6300048828125,590.3800048828125,50032600
2024-11-21,586.5391235351562,593.6699829101562,595.1199951171875,587.4500122070312,593.4000244140625,46750300
2024-11-22,588.3570556640625,595.510009765625,596.1500244140625,593.1500244140625,593.6599731445312,38226400
2024-11-25,590.3528442382812,597.530029296875,600.8599853515625,595.2000122070312,599.52001953125,42441400
2024-11-26,593.4353637695312,600.6500244140625,601.3300170898438,598.0700073242188,598.7999877929688,45621300
2024-11-27,591.6371459960938,598.8300170898438,600.8499755859375,597.280029296875,600.4600219726562,34000200
2024-11-29,595.3124389648438,602.5499877929688,603.3499755859375,599.3800048828125,599.6599731445312,30177400
2024-12-02,596.3795166015625,603.6300048828125,604.3200073242188,602.469970703125,602.969970703125,31746000
2024-12-03,596.6561279296875,603.9099731445312,604.1599731445312,602.3400268554688,603.3900146484375,26906600
2024-12-04,600.3610229492188,607.6599731445312,607.9099731445312,604.9500122070312,605.6300048828125,42787600
2024-12-05,599.3731079101562,606.6599731445312,608.47998046875,606.2999877929688,607.6599731445312,28762200
2024-12-06,600.5093383789062,607.8099975585938,609.0700073242188,607.02001953125,607.4400024414062,31241500
2024-12-09,597.4168701171875,604.6799926757812,607.8599853515625,604.0800170898438,607.6900024414062,34742700
2024-12-10,595.5594482421875,602.7999877929688,605.7999877929688,602.1300048828125,605.3699951171875,37234500
2024-12-11,600.1635131835938,607.4600219726562,608.4299926757812,605.5,605.780029296875,28677700
2024-12-12,597.0711059570312,604.3300170898438,607.1599731445312,604.3300170898438,606.5800170898438,31543800
2024-12-13,596.9525146484375,604.2100219726562,607.1300048828125,602.8099975585938,606.4000244140625,35904700
2024-12-16,599.5015258789062,606.7899780273438,607.780029296875,605.2100219726562,606.0,43695200
2024-12-17,597.0315551757812,604.2899780273438,605.1699829101562,602.8900146484375,604.1900024414062,55773500
2024-12-18,579.2379150390625,586.280029296875,606.4099731445312,585.8900146484375,603.97998046875,108248700
2024-12-19,579.0599975585938,586.0999755859375,593.0,585.8499755859375,591.3599853515625,85919500
2024-12-20,586.01513671875,591.1500244140625,595.75,580.9099731445312,581.77001953125,125716700
2024-12-23,589.5243530273438,594.6900024414062,595.2999877929688,587.6599731445312,590.8900146484375,57635800
2024-12-24,596.076904296875,601.2999877929688,601.3400268554688,595.469970703125,596.0599975585938,33160100
2024-12-26,596.11669921875,601.3400268554688,602.47998046875,598.0800170898438,599.5,41219100
2024-12-27,589.8416137695312,595.010009765625,597.780029296875,590.760009765625,597.5399780273438,64969300
2024-12-30,583.1105346679688,588.219970703125,591.739990234375,584.4099731445312,587.8900146484375,56578800
2024-12-31,580.9891357421875,586.0800170898438,590.6400146484375,584.4199829101562,589.9099731445312,57052700
2025-01-02,579.5616455078125,584.6400146484375,591.1300048828125,580.5,589.3900146484375,50204000
2025-01-03,586.8081665039062,591.9500122070312,592.5999755859375,586.4299926757812,587.530029296875,37888500
2025-01-06,590.1885375976562,595.3599853515625,599.7000122070312,593.5999755859375,596.27001953125,47679400
2025-01-07,583.5169677734375,588.6300048828125,597.75,586.780029296875,597.4199829101562,60393100
2025-01-08,584.3695068359375,589.489990234375,590.5800170898438,585.2000122070312,588.7000122070312,47304700
2025-01-10,575.4476928710938,580.489990234375,585.9500122070312,578.5499877929688,585.8800048828125,73105000
2025-01-13,576.3399047851562,581.3900146484375,581.75,575.3499755859375,575.77001953125,47910100
2025-01-14,577.1329345703125,582.1900024414062,585.0,578.3499755859375,584.3599853515625,48420600
2025-01-15,587.6309814453125,592.780029296875,593.9400024414062,589.2000122070312,590.3300170898438,56900200
2025-01-16,586.5008544921875,591.6400146484375,594.3499755859375,590.9299926757812,594.1699829101562,43319700
2025-01-17,592.3892822265625,597.5800170898438,599.3599853515625,595.6099853515625,596.9600219726562,58070600
2025-01-21,597.811767578125,603.0499877929688,603.0599975585938,598.6699829101562,600.6699829101562,42532900
2025-01-22,601.1723022460938,606.4400024414062,607.8200073242188,605.3599853515625,605.9199829101562,48196000
2025-01-23,604.4535522460938,609.75,609.75,605.52001953125,605.7999877929688,41152100
2025-01-24,602.68896484375,607.969970703125,610.780029296875,606.7999877929688,609.8099975585938,34604700
2025-01-27,594.1637573242188,599.3699951171875,599.6900024414062,594.6400146484375,594.8099975585938,70361100
2025-01-28,599.2689819335938,604.52001953125,605.3699951171875,597.25,600.6199951171875,44433300
2025-01-29,596.5825805664062,601.8099975585938,604.1300048828125,599.219970703125,603.719970703125,37177400
2025-01-30,599.7844848632812,605.0399780273438,606.5999755859375,600.719970703125,603.9600219726562,39281300
2025-01-31,596.5924072265625,601.8200073242188,609.9600219726562,601.0499877929688,607.5,66566900
2025-02-03,592.57763671875,597.77001953125,600.2899780273438,590.489990234375,592.6699829101562,65857200
2025-02-04,596.5527954101562,601.780029296875,602.2999877929688,597.280029296875,597.8300170898438,33457800
2025-02-05,598.9715576171875,604.219970703125,604.3699951171875,598.5800170898438,600.6400146484375,30653100
2025-02-06,601.0533447265625,606.3200073242188,606.4500122070312,602.6300048828125,605.989990234375,35771500
2025-02-07,595.5515747070312,600.77001953125,608.1300048828125,600.0499877929688,606.8900146484375,50788500
2025-02-10,599.5960693359375,604.8499755859375,605.5,602.739990234375,604.030029296875,26048700
2025-02-11,600.0521850585938,605.3099975585938,605.8599853515625,602.4299926757812,602.5499877929688,30056700
2025-02-12,598.1190795898438,603.3599853515625,604.5499877929688,598.510009765625,599.2000122070312,45076100
2025-02-13,604.4337158203125,609.72998046875,609.9400024414062,603.2000122070312,604.47998046875,40921300
2025-02-14,604.4039916992188,609.7000122070312,610.989990234375,609.0700073242188,609.9400024414062,26910400
2025-02-18,606.1784057617188,611.489990234375,611.489990234375,608.3800048828125,610.8800048828125,26749000
2025-02-19,607.6058959960938,612.9299926757812,613.22998046875,609.5599975585938,610.0800170898438,31011100
2025-02-20,605.078125,610.3800048828125,611.6799926757812,607.02001953125,611.5399780273438,36554000
2025-02-21,594.728759765625,599.9400024414062,610.2999877929688,599.469970703125,610.1599731445312,76519800
2025-02-24,592.0224609375,597.2100219726562,603.030029296875,596.489990234375,602.02001953125,50737200
2025-02-25,589.0782470703125,594.239990234375,597.8900146484375,589.5599975585938,597.1500244140625,58266500
2025-02-26,589.3756713867188,594.5399780273438,599.5800170898438,591.8599853515625,595.9299926757812,43321600
2025-02-27,579.9680786132812,585.0499877929688,598.02001953125,584.6500244140625,596.8499755859375,74196700
2025-02-28,589.0187377929688,594.1799926757812,594.719970703125,582.4400024414062,585.5599975585938,88744100
2025-03-03,578.69921875,583.77001953125,597.3400268554688,579.9000244140625,596.1799926757812,74249200
2025-03-04,571.8493041992188,576.8599853515625,585.3900146484375,572.25,579.7100219726562,109648200
2025-03-05,577.995361328125,583.0599975585938,584.8800048828125,573.0800170898438,576.6900024414062,71230500
2025-03-06,567.7352905273438,572.7100219726562,580.1699829101562,570.1199951171875,575.47998046875,80094900
2025-03-07,570.9173583984375,575.9199829101562,577.3900146484375,565.6300048828125,570.9000244140625,81158800
2025-03-10,555.710693359375,560.5800170898438,569.5399780273438,555.5900268554688,567.5900268554688,99326600
2025-03-11,551.0911254882812,555.9199829101562,564.02001953125,552.02001953125,559.4000244140625,88102100
2025-03-12,554.0155639648438,558.8699951171875,563.1099853515625,553.6900024414062,562.1699829101562,69588200
2025-03-13,546.6301879882812,551.4199829101562,559.1099853515625,549.6799926757812,558.489990234375,74079400
2025-03-14,557.9212646484375,562.8099975585938,563.8300170898438,551.489990234375,556.1099853515625,62660300
2025-03-17,562.2236328125,567.1500244140625,569.7100219726562,562.3499755859375,562.7899780273438,49008700
2025-03-18,556.1468505859375,561.02001953125,565.02001953125,559.0599975585938,564.7999877929688,66041400
2025-03-19,562.2037963867188,567.1300048828125,570.9500122070312,561.6300048828125,562.8300170898438,66556000
2025-03-20,560.5780029296875,565.489990234375,570.5700073242188,562.5999755859375,563.3300170898438,62958200
2025-03-21,560.762939453125,563.97998046875,564.8900146484375,558.030029296875,559.280029296875,83763000
2025-03-24,570.8053588867188,574.0800170898438,575.1500244140625,570.2000122070312,570.7999877929688,58766800
2025-03-25,572.177490234375,575.4600219726562,576.4099731445312,573.6900024414062,575.2999877929688,38355700
2025-03-26,565.3466796875,568.5900268554688,576.3300170898438,567.1900024414062,575.1900024414062,51848300
2025-03-27,563.8452758789062,567.0800170898438,570.9000244140625,564.9400024414062,567.1799926757812,42164200
2025-03-28,552.4904174804688,555.6599731445312,566.27001953125,555.0700073242188,565.530029296875,71662700
2025-03-31,556.1991577148438,559.3900146484375,560.7100219726562,546.8699951171875,549.8300170898438,95328200
2025-04-01,557.7700805664062,560.969970703125,562.9400024414062,553.6799926757812,557.4500122070312,54609600
2025-04-02,561.2999267578125,564.52001953125,567.4199829101562,554.8099975585938,555.0499877929688,76014500
2025-04-03,533.6385498046875,536.7000122070312,547.969970703125,536.7000122070312,545.1099853515625,125986000
2025-04-04,502.3977966308594,505.2799987792969,525.8699951171875,505.05999755859375,523.6699829101562,217965100
2025-04-07,501.5029296875,504.3800048828125,523.1699829101562,481.79998779296875,489.19000244140625,256611400
2025-04-08,493.64801025390625,496.4800109863281,524.97998046875,489.1600036621094,521.8599853515625,165816600
2025-04-09,545.4906005859375,548.6199951171875,548.6199951171875,493.04998779296875,493.44000244140625,241867300
2025-04-10,521.5877075195312,524.5800170898438,533.5,509.32000732421875,532.1699829101562,162331200
2025-04-11,530.894287109375,533.9400024414062,536.4299926757812,520.0700073242188,523.010009765625,97866300
2025-04-14,536.0447387695312,539.1199951171875,544.280029296875,533.8599853515625,544.0499877929688,68034000
2025-04-15,534.5433349609375,537.6099853515625,543.22998046875,536.8099975585938,539.6699829101562,56892900
2025-04-16,522.6614990234375,525.6599731445312,537.8900146484375,520.2899780273438,531.6799926757812,83484800
2025-04-17,523.4072265625,526.4099731445312,531.1699829101562,523.9099731445312,527.6400146484375,79868100
2025-04-21,510.94873046875,513.8800048828125,521.7000122070312,508.4599914550781,521.1599731445312,69368100
2025-04-22,524.2424926757812,527.25,529.2999877929688,519.1900024414062,520.1400146484375,75948100
2025-04-23,532.3658447265625,535.4199829101562,545.4299926757812,533.8800048828125,540.4299926757812,90590700
2025-04-24,543.5715942382812,546.6900024414062,547.4299926757812,535.4500122070312,536.719970703125,64150400
2025-04-25,547.4990844726562,550.6400146484375,551.0499877929688,543.6900024414062,546.6500244140625,61119600
2025-04-28,547.7078247070312,550.8499755859375,553.5499877929688,545.02001953125,551.3900146484375,47613800
2025-04-29,551.1580810546875,554.3200073242188,555.4500122070312,548.5499877929688,548.9099731445312,47775100
2025-04-30,551.3768310546875,554.5399780273438,556.52001953125,541.52001953125,547.5700073242188,93101500
2025-05-01,555.2843627929688,558.469970703125,564.0700073242188,557.8599853515625,560.3699951171875,63186100
2025-05-02,563.527099609375,566.760009765625,568.3800048828125,562.3800048828125,564.72998046875,60717300
2025-05-05,560.2955932617188,563.510009765625,566.6500244140625,561.7000122070312,562.5700073242188,38659200
2025-05-06,555.6124877929688,558.7999877929688,563.3499755859375,556.9600219726562,557.9299926757812,48264700
2025-05-07,557.9490966796875,561.1500244140625,563.8200073242188,556.0399780273438,560.1500244140625,55588000
2025-05-08,561.8367919921875,565.0599975585938,570.3099975585938,561.7000122070312,565.239990234375,65130800
2025-05-09,561.1209106445312,564.3400268554688,567.5,562.760009765625,566.47998046875,37603400
2025-05-12,579.66455078125,582.989990234375,583.0,577.0399780273438,581.469970703125,78993600
2025-05-13,583.4926147460938,586.8400268554688,589.0800170898438,582.8400268554688,583.4099731445312,67947200
2025-05-14,584.2383422851562,587.5900268554688,588.97998046875,585.5399780273438,587.8099975585938,66283500
2025-05-15,587.0919189453125,590.4600219726562,590.969970703125,585.0999755859375,585.5599975585938,71268100
2025-05-16,590.810546875,594.2000122070312,594.5,589.280029296875,591.25,76052100
2025-05-19,591.4568481445312,594.8499755859375,595.5399780273438,588.0999755859375,588.0999755859375,68168500
2025-05-20,589.46826171875,592.8499755859375,594.0499877929688,589.5999755859375,593.0900268554688,60614500
2025-05-21,579.5352783203125,582.8599853515625,592.5800170898438,581.8200073242188,588.4400024414062,95197700
2025-05-22,579.7639770507812,583.0900268554688,586.6199951171875,581.4099731445312,582.6599731445312,70860400
2025-05-23,575.806640625,579.1099853515625,581.8099975585938,575.5999755859375,575.97998046875,76029000
2025-05-27,587.7780151367188,591.1500244140625,591.3099975585938,578.4299926757812,586.0700073242188,72588500
2025-05-28,584.3775024414062,587.72998046875,592.77001953125,586.989990234375,591.5599975585938,68445500
2025-05-29,586.6842651367188,590.0499877929688,593.2000122070312,586.0700073242188,593.0599975585938,69973300
2025-05-30,586.028076171875,589.3900146484375,591.1300048828125,583.239990234375,588.9299926757812,90601200
2025-06-02,589.3291015625,592.7100219726562,592.7899780273438,585.0599975585938,587.760009765625,61630500
2025-06-03,592.6898193359375,596.0900268554688,597.0800170898438,591.8499755859375,592.3400268554688,63606200
2025-06-04,592.5307006835938,595.9299926757812,597.9500122070312,595.489990234375,596.9600219726562,57314200
2025-06-05,589.6671142578125,593.0499877929688,599.0,591.0499877929688,597.6300048828125,92278700
2025-06-06,595.722412109375,599.1400146484375,600.8300170898438,596.8599853515625,598.6599731445312,66588700
2025-06-09,596.2593383789062,599.6799926757812,601.25,598.489990234375,599.719970703125,53016400
2025-06-10,599.639892578125,603.0800170898438,603.469970703125,599.0900268554688,600.219970703125,66247000
2025-06-11,597.9297485351562,601.3599853515625,605.0599975585938,599.27001953125,604.1900024414062,73658200
2025-06-12,600.3060913085938,603.75,603.75,599.52001953125,600.010009765625,64129000
2025-06-13,593.5946044921875,597.0,601.8499755859375,595.47998046875,598.5,89506000
2025-06-16,599.2421875,602.6799926757812,604.4500122070312,600.219970703125,600.4000244140625,79984100
2025-06-17,594.1216430664062,597.530029296875,601.75,596.760009765625,600.2100219726562,82209400
2025-06-18,594.0321044921875,597.4400024414062,601.219970703125,596.469970703125,598.4400024414062,76605000
2025-06-20,592.636962890625,594.280029296875,599.4600219726562,592.8599853515625,598.3800048828125,94051400
2025-06-23,598.49072265625,600.1500244140625,600.5399780273438,591.8900146484375,595.0399780273438,87426000
2025-06-24,605.1024169921875,606.780029296875,607.8499755859375,603.4099731445312,604.3300170898438,67735300
2025-06-25,605.4414672851562,607.1199951171875,608.6099853515625,605.5399780273438,607.9099731445312,62114800
2025-06-26,610.1783447265625,611.8699951171875,612.3099975585938,608.3699951171875,608.989990234375,78548400
2025-06-27,613.2098999023438,614.9099731445312,616.3900146484375,610.8300170898438,612.8800048828125,86258400
2025-06-30,616.1417846679688,617.8499755859375,619.219970703125,615.0399780273438,617.3800048828125,92502500
2025-07-01,615.9423828125,617.6500244140625,618.8300170898438,615.52001953125,616.3599853515625,70030100
2025-07-02,618.734619140625,620.4500122070312,620.489990234375,616.6099853515625,617.239990234375,66510400
2025-07-03,623.611083984375,625.3400268554688,626.280029296875,622.4299926757812,622.4500122070312,51065800
2025-07-07,618.9639892578125,620.6799926757812,624.030029296875,617.8699951171875,623.3599853515625,74814500
2025-07-08,618.6249389648438,620.3400268554688,622.1099853515625,619.52001953125,621.3499755859375,59024600
2025-07-09,622.3345947265625,624.0599975585938,624.719970703125,620.9099731445312,622.77001953125,66113300
2025-07-10,624.0897827148438,625.8200073242188,626.8699951171875,623.010009765625,624.2000122070312,57529000
2025-07-11,621.8958129882812,623.6199951171875,624.8599853515625,621.530029296875,622.739990234375,63670200
2025-07-14,623.08251953125,624.8099975585938,625.1599731445312,621.7999877929688,623.1599731445312,51898500
2025-07-15,620.419921875,622.1400146484375,627.8599853515625,622.0599975585938,627.52001953125,74317300
2025-07-16,622.494140625,624.219970703125,624.72998046875,618.0499877929688,623.739990234375,88987500
2025-07-17,626.3035888671875,628.0399780273438,628.4000244140625,624.1799926757812,624.4000244140625,68885700
2025-07-18,625.8449096679688,627.5800170898438,629.469970703125,626.4600219726562,629.2999877929688,65621600
2025-07-21,627.0316162109375,628.77001953125,631.5399780273438,628.3400268554688,628.77001953125,63375000
2025-07-22,627.121337890625,628.8599853515625,629.72998046875,626.1900024414062,629.0999755859375,60046300
2025-07-23,632.4566040039062,634.2100219726562,634.2100219726562,629.72998046875,631.5499877929688,70511000
2025-07-24,632.6659545898438,634.4199829101562,636.1500244140625,633.989990234375,634.5999755859375,71307100
2025-07-25,635.3385620117188,637.0999755859375,637.5800170898438,634.8400268554688,635.0900268554688,56865400
2025-07-28,635.1790161132812,636.9400024414062,638.0399780273438,635.5399780273438,637.47998046875,54917100
2025-07-29,633.503662109375,635.260009765625,638.6699829101562,634.3400268554688,638.3499755859375,60556300
2025-07-30,632.7058715820312,634.4600219726562,637.6799926757812,631.5399780273438,635.9199829101562,80418900
2025-07-31,630.3324584960938,632.0800170898438,639.8499755859375,630.77001953125,639.4600219726562,103385200
2025-08-01,620.0010375976562,621.719970703125,626.3400268554688,619.2899780273438,626.2999877929688,140103600
2025-08-04,629.4249267578125,631.1699829101562,631.219970703125,625.5800170898438,625.6699829101562,73218000
2025-08-05,626.2337646484375,627.969970703125,632.6099853515625,627.0399780273438,631.7899780273438,68051400
2025-08-06,631.030517578125,632.780029296875,633.4400024414062,628.1300048828125,629.0499877929688,64357500
2025-08-07,630.501953125,632.25,636.97998046875,629.1099853515625,636.239990234375,74205800
2025-08-08,635.4183349609375,637.1799926757812,637.6500244140625,633.739990234375,634.0599975585938,64051600
2025-08-11,634.1618041992188,635.9199829101562,638.9500122070312,634.6599731445312,637.4600219726562,58742300
2025-08-12,640.9131469726562,642.6900024414062,642.8499755859375,636.7899780273438,638.2899780273438,64730800
2025-08-13,643.1070556640625,644.8900146484375,646.1900024414062,642.6799926757812,644.9099731445312,60092800
2025-08-14,643.1668701171875,644.9500122070312,645.6199951171875,642.3400268554688,642.7899780273438,59327500
2025-08-15,641.6610717773438,643.4400024414062,646.0900268554688,642.52001953125,645.989990234375,68592500
2025-08-18,641.5214233398438,643.2999877929688,644.0,642.1799926757812,642.8599853515625,43804900
2025-08-19,638.0410766601562,639.8099975585938,644.1099853515625,638.47998046875,643.1199951171875,69750700
2025-08-20,636.3457641601562,638.1099853515625,639.6599731445312,632.9500122070312,639.4000244140625,88890300
2025-08-21,633.7928466796875,635.5499877929688,637.969970703125,633.8099975585938,636.280029296875,54805800
2025-08-22,643.52587890625,645.3099975585938,646.5,637.25,637.760009765625,84083200
2025-08-25,640.6936645507812,642.469970703125,645.2899780273438,642.3499755859375,644.0399780273438,51274300
2025-08-26,643.3762817382812,645.1599731445312,645.510009765625,641.5700073242188,642.2000122070312,51581600
2025-08-27,644.8422241210938,646.6300048828125,647.3699951171875,644.4199829101562,644.5700073242188,48341100
2025-08-28,647.1258544921875,648.9199829101562,649.47998046875,645.3400268554688,647.239990234375,61519500
2025-08-29,643.2666015625,645.0499877929688,647.8400268554688,643.1400146484375,647.469970703125,74522200
2025-09-02,638.4998168945312,640.27001953125,640.489990234375,634.9199829101562,637.5,81983500
2025-09-03,641.960205078125,643.739990234375,644.2100219726562,640.4600219726562,642.6699829101562,70820900
2025-09-04,647.3253173828125,649.1199951171875,649.1500244140625,643.510009765625,644.4199829101562,65219200
2025-09-05,645.4505004882812,647.239990234375,652.2100219726562,643.3300170898438,651.47998046875,85178900
2025-09-08,647.0361328125,648.8300170898438,649.8400268554688,647.22998046875,648.6199951171875,63133100
2025-09-09,648.531982421875,650.3300170898438,650.8599853515625,647.219970703125,648.969970703125,66133900
2025-09-10,650.4067993164062,652.2100219726562,654.5499877929688,650.6300048828125,653.6199951171875,78034500
2025-09-11,655.8118286132812,657.6300048828125,658.3300170898438,653.5900268554688,654.1799926757812,69934400
2025-09-12,655.5924072265625,657.4099731445312,659.1099853515625,656.9000244140625,657.5999755859375,72780100
2025-09-15,659.0827026367188,660.9099731445312,661.0399780273438,659.3400268554688,659.6400146484375,63772400
2025-09-16,658.1752319335938,660.0,661.780029296875,659.2100219726562,661.469970703125,61169000
2025-09-17,657.3575439453125,659.1799926757812,661.719970703125,654.2999877929688,660.010009765625,101952200
2025-09-18,660.4290161132812,662.260009765625,664.8900146484375,660.27001953125,661.8900146484375,90459200
2025-09-19,663.7000122070312,663.7000122070312,664.5499877929688,660.3699951171875,662.3300170898438,97945600
2025-09-22,666.8400268554688,666.8400268554688,667.2899780273438,662.1699829101562,662.2000122070312,69452200
2025-09-23,663.2100219726562,663.2100219726562,667.3400268554688,661.97998046875,666.719970703125,81708900
2025-09-24,661.0999755859375,661.0999755859375,664.6099853515625,659.6699829101562,664.510009765625,68082200
2025-09-25,658.0499877929688,658.0499877929688,659.4099731445312,654.4099731445312,657.9400024414062,89622100
2025-09-26,661.8200073242188,661.8200073242188,662.3699951171875,657.8800048828125,659.510009765625,69179200
2025-09-29,663.6799926757812,663.6799926757812,665.280029296875,661.8599853515625,664.3599853515625,73499000
2025-09-30,666.1799926757812,666.1799926757812,666.6500244140625,661.6099853515625,662.9299926757812,86288000
2025-10-01,668.4500122070312,668.4500122070312,669.3699951171875,663.0599975585938,663.1699829101562,72545400
2025-10-02,669.219970703125,669.219970703125,670.5700073242188,666.780029296875,670.4500122070312,56896000
2025-10-03,669.2100219726562,669.2100219726562,672.6799926757812,668.1599731445312,669.989990234375,70494400
2025-10-06,671.6099853515625,671.6099853515625,672.510009765625,669.4600219726562,671.6199951171875,54623300
2025-10-07,669.1199951171875,669.1199951171875,672.989990234375,667.6699829101562,672.5399780273438,72020100
2025-10-08,673.1099853515625,673.1099853515625,673.2100219726562,669.4199829101562,670.25,60702200
2025-10-09,671.1599731445312,671.1599731445312,673.9400024414062,669.2100219726562,673.530029296875,66501900
2025-10-10,653.02001953125,653.02001953125,673.9500122070312,652.8400268554688,672.1300048828125,159422600
2025-10-13,663.0399780273438,663.0399780273438,665.1300048828125,659.77001953125,660.6500244140625,79560500
2025-10-14,662.22998046875,662.22998046875,665.8300170898438,653.1699829101562,657.1699829101562,88779600
2025-10-15,665.1699829101562,665.1699829101562,670.22998046875,658.9299926757812,666.8200073242188,81702600
2025-10-16,660.6400146484375,660.6400146484375,668.7100219726562,657.1099853515625,666.8200073242188,110563300
2025-10-17,664.3900146484375,664.3900146484375,665.760009765625,658.1400146484375,659.5,96500900
2025-10-20,671.2999877929688,671.2999877929688,672.2100219726562,667.27001953125,667.3200073242188,60493400
2025-10-21,671.2899780273438,671.2899780273438,672.989990234375,669.97998046875,671.4400024414062,56249000
2025-10-22,667.7999877929688,667.7999877929688,672.0,663.2999877929688,672.0,80564000
2025-10-23,671.760009765625,671.760009765625,672.7100219726562,667.7999877929688,668.1199951171875,65604500
2025-10-24,677.25,677.25,678.469970703125,675.6500244140625,676.4600219726562,74356500
2025-10-27,685.239990234375,685.239990234375,685.5399780273438,682.1199951171875,682.72998046875,63339800
2025-10-28,687.0599975585938,687.0599975585938,688.9099731445312,684.8300170898438,687.0499877929688,61738100
2025-10-29,687.3900146484375,687.3900146484375,689.7000122070312,682.8699951171875,688.719970703125,85657100
2025-10-30,679.8300170898438,679.8300170898438,685.9400024414062,679.8300170898438,683.9000244140625,76335800
2025-10-31,682.0599975585938,682.0599975585938,685.0800170898438,679.239990234375,685.0399780273438,87164100
2025-11-03,683.3400268554688,683.3400268554688,685.7999877929688,679.9400024414062,685.6699829101562,57315000
2025-11-04,675.239990234375,675.239990234375,679.9600219726562,674.5800170898438,676.1099853515625,78427000
2025-11-05,677.5800170898438,677.5800170898438,680.8599853515625,674.1699829101562,674.97998046875,74402400
2025-11-06,670.3099975585938,670.3099975585938,677.3800048828125,668.719970703125,676.469970703125,85035300
2025-11-07,670.969970703125,670.969970703125,671.0800170898438,661.2100219726562,667.9099731445312,100592400
2025-11-10,681.4400024414062,681.4400024414062,682.1799926757812,675.030029296875,677.239990234375,75842900
2025-11-11,683.0,683.0,683.5700073242188,678.72998046875,679.9500122070312,58953400
2025-11-12,683.3800048828125,683.3800048828125,684.9600219726562,680.9500122070312,684.7899780273438,62312500
2025-11-13,672.0399780273438,672.0399780273438,680.8599853515625,670.52001953125,680.5,103457800
2025-11-14,671.9299926757812,671.9299926757812,675.6599731445312,663.27001953125,665.3800048828125,96733700
