Price,Adj Close,Close,High,Low,Open,Volume
Ticker,SPY,SPY,SPY,SPY,SPY,SPY
Date,,,,,,
2015-01-02,171.09371948242188,205.42999267578125,206.8800048828125,204.17999267578125,206.3800048828125,121465900
2015-01-05,168.0037384033203,201.72000122070312,204.3699951171875,201.35000610351562,204.1699981689453,169632600
2015-01-06,166.42138671875,199.82000732421875,202.72000122070312,198.86000061035156,202.08999633789062,209151400
2015-01-07,168.49517822265625,202.30999755859375,202.72000122070312,200.8800048828125,201.4199981689453,125346700
2015-01-08,171.4851837158203,205.89999389648438,206.16000366210938,203.99000549316406,204.00999450683594,147217800
2015-01-09,170.11094665527344,204.25,206.4199981689453,203.50999450683594,206.39999389648438,158567300
2015-01-12,168.77833557128906,202.64999389648438,204.60000610351562,201.9199981689453,204.41000366210938,144396100
2015-01-13,168.30361938476562,202.0800018310547,205.47999572753906,200.50999450683594,204.1199951171875,214553300
2015-01-14,167.2875518798828,200.86000061035156,201.10000610351562,198.57000732421875,199.64999389648438,192991100
2015-01-15,165.7550811767578,199.02000427246094,202.00999450683594,198.8800048828125,201.6300048828125,176613900
2015-01-16,167.9288787841797,201.6300048828125,201.82000732421875,198.5500030517578,198.77000427246094,211879600
2015-01-20,168.2869873046875,202.05999755859375,202.72000122070312,200.1699981689453,202.39999389648438,130991100
2015-01-21,169.136474609375,203.0800018310547,203.66000366210938,200.94000244140625,201.5,122942700
2015-01-22,171.65171813964844,206.10000610351562,206.25999450683594,202.3300018310547,203.99000549316406,174356000
2015-01-23,170.7105712890625,204.97000122070312,206.10000610351562,204.80999755859375,205.7899932861328,117516800
2015-01-26,171.11036682128906,205.4499969482422,205.55999755859375,203.85000610351562,204.7100067138672,92009700
2015-01-27,168.8533172607422,202.74000549316406,204.1199951171875,201.74000549316406,202.97000122070312,134044600
2015-01-28,166.68785095214844,200.13999938964844,204.2899932861328,199.91000366210938,204.1699981689453,168514300
2015-01-29,168.22865295410156,201.99000549316406,202.3000030517578,198.67999267578125,200.3800048828125,173585400
2015-01-30,166.1132049560547,199.4499969482422,202.1699981689453,199.1300048828125,200.57000732421875,197729700
2015-02-02,168.1703338623047,201.9199981689453,202.02999877929688,197.86000061035156,200.0500030517578,163107000
2015-02-03,170.60231018066406,204.83999633789062,204.85000610351562,202.5500030517578,203.0,124212900
2015-02-04,169.95262145996094,204.05999755859375,205.3800048828125,203.50999450683594,203.9199981689453,134306700
2015-02-05,171.66835021972656,206.1199951171875,206.3000030517578,204.77000427246094,204.86000061035156,97953200
2015-02-06,171.1936492919922,205.5500030517578,207.24000549316406,204.9199981689453,206.55999755859375,125672000
2015-02-09,170.42742919921875,204.6300048828125,205.63999938964844,204.13999938964844,204.77000427246094,87219000
2015-02-10,172.24307250976562,206.80999755859375,207.1199951171875,204.67999267578125,205.8800048828125,96164200
2015-02-11,172.34292602539062,206.92999267578125,207.4499969482422,205.8300018310547,206.61000061035156,91087800
2015-02-12,174.00038146972656,208.9199981689453,208.99000549316406,206.97000122070312,207.88999938964844,97545900
2015-02-13,174.7165985107422,209.77999877929688,209.83999633789062,208.75999450683594,209.07000732421875,93670400
2015-02-17,174.991455078125,210.11000061035156,210.32000732421875,209.10000610351562,209.39999389648438,76968200
2015-02-18,175.00814819335938,210.1300048828125,210.22000122070312,209.33999633789062,209.66000366210938,80652900
2015-02-19,174.88320922851562,209.97999572753906,210.4199981689453,209.24000549316406,209.41000366210938,91462500
2015-02-20,175.93260192871094,211.24000549316406,211.3300018310547,208.72999572753906,209.47999572753906,140896400
2015-02-23,175.90760803222656,211.2100067138672,211.2100067138672,210.47999572753906,210.94000244140625,74411100
2015-02-24,176.40733337402344,211.80999755859375,212.0500030517578,210.75999450683594,211.1199951171875,72472300
2015-02-25,176.25741577148438,211.6300048828125,212.24000549316406,211.22000122070312,211.66000366210938,73061700
2015-02-26,176.04917907714844,211.3800048828125,211.7100067138672,210.64999389648438,211.52000427246094,72697900
2015-02-27,175.44956970214844,210.66000366210938,211.5800018310547,210.60000610351562,211.25999450683594,108076000
2015-03-02,176.55723571777344,211.99000549316406,212.05999755859375,210.72000122070312,210.77999877929688,87491400
2015-03-03,175.83258056640625,211.1199951171875,212.0500030517578,210.0800018310547,211.47000122070312,110325800
2015-03-04,175.09136962890625,210.22999572753906,210.49000549316406,209.05999755859375,210.39999389648438,114497200
2015-03-05,175.282958984375,210.4600067138672,210.8000030517578,209.85000610351562,210.6199951171875,76873000
2015-03-06,172.8177032470703,207.5,209.94000244140625,207.10000610351562,209.4199981689453,188128000
2015-03-09,173.5339813232422,208.36000061035156,208.7899932861328,207.5500030517578,207.74000549316406,89818900
2015-03-10,170.7189178466797,204.97999572753906,206.80999755859375,204.92999267578125,206.7100067138672,157121300
2015-03-11,170.31910705566406,204.5,205.5,204.39999389648438,205.2899932861328,110145700
2015-03-12,172.48458862304688,207.10000610351562,207.17999267578125,205.1999969482422,205.25999450683594,93993500
2015-03-13,171.42684936523438,205.8300018310547,207.92999267578125,204.5800018310547,206.77000427246094,162410900
2015-03-16,173.71722412109375,208.5800018310547,208.69000244140625,205.86000061035156,206.7100067138672,136099200
2015-03-17,173.20082092285156,207.9600067138672,208.4199981689453,206.97999572753906,207.69000244140625,94510400
2015-03-18,175.282958984375,210.4600067138672,211.27000427246094,206.6199951171875,207.38999938964844,228808500
2015-03-19,174.4834442138672,209.5,210.47000122070312,209.02999877929688,209.9600067138672,117917300
2015-03-20,176.02354431152344,210.41000366210938,211.02000427246094,209.49000549316406,209.7100067138672,177715100
2015-03-23,175.6805877685547,210.0,211.11000061035156,210.0,210.4199981689453,71784500
2015-03-24,174.69342041015625,208.82000732421875,210.39999389648438,208.74000549316406,209.85000610351562,77805300
2015-03-25,172.13348388671875,205.75999450683594,209.35000610351562,205.7100067138672,209.07000732421875,159521700
2015-03-26,171.72360229492188,205.27000427246094,206.3699951171875,204.1199951171875,204.9600067138672,153067200
2015-03-27,172.11672973632812,205.74000549316406,205.9499969482422,204.89999389648438,205.1300048828125,118939000
2015-03-30,174.21656799316406,208.25,208.61000061035156,206.9600067138672,206.97999572753906,96180400
2015-03-31,172.69398498535156,206.42999267578125,208.10000610351562,206.36000061035156,207.25999450683594,126768700
2015-04-01,172.0832977294922,205.6999969482422,206.4199981689453,204.50999450683594,206.38999938964844,137303600
2015-04-02,172.70233154296875,206.44000244140625,206.97999572753906,205.39999389648438,205.6199951171875,86900900
2015-04-06,173.86517333984375,207.8300018310547,208.4499969482422,205.2100067138672,205.3699951171875,114368200
2015-04-07,173.40509033203125,207.27999877929688,208.75999450683594,207.24000549316406,207.86000061035156,81236300
2015-04-08,173.99069213867188,207.97999572753906,208.50999450683594,207.0800018310547,207.5500030517578,89351900
2015-04-09,174.76034545898438,208.89999389648438,209.17999267578125,207.19000244140625,207.77999877929688,85548900
2015-04-10,175.71409606933594,210.0399932861328,210.08999633789062,208.9600067138672,209.1999969482422,72722900
2015-04-13,174.9192352294922,209.08999633789062,210.6300048828125,209.02999877929688,209.8699951171875,74436600
2015-04-14,175.25393676757812,209.49000549316406,209.7100067138672,208.10000610351562,208.85000610351562,75099900
2015-04-15,176.040283203125,210.42999267578125,211.0399932861328,209.9499969482422,210.0500030517578,99529300
2015-04-16,175.99009704589844,210.3699951171875,210.97999572753906,209.7899932861328,210.02999877929688,68934900
2015-04-17,173.96560668945312,207.9499969482422,209.22999572753906,207.00999450683594,208.94000244140625,191113200
2015-04-20,175.5550994873047,209.85000610351562,210.25,208.9600067138672,209.05999755859375,92189500
2015-04-21,175.34596252441406,209.60000610351562,210.86000061035156,209.24000549316406,210.6699981689453,72559800
2015-04-22,176.2075958251953,210.6300048828125,210.85000610351562,208.89999389648438,210.00999450683594,78264600
2015-04-23,176.65101623535156,211.16000366210938,211.94000244140625,210.00999450683594,210.14999389648438,102585900
2015-04-24,177.0609130859375,211.64999389648438,211.97000122070312,211.11000061035156,211.66000366210938,61327400
2015-04-27,176.32469177246094,210.77000427246094,212.47999572753906,210.5399932861328,212.3300018310547,79358100
2015-04-28,176.88522338867188,211.44000244140625,211.5,209.3300018310547,210.74000549316406,86863500
2015-04-29,176.1573944091797,210.57000732421875,211.2899932861328,209.60000610351562,210.3699951171875,125684900
2015-04-30,174.3922576904297,208.4600067138672,210.35000610351562,207.6199951171875,209.8800048828125,161304900
2015-05-01,176.28286743164062,210.72000122070312,210.77000427246094,209.27999877929688,209.39999389648438,103399700
2015-05-04,176.78482055664062,211.32000732421875,212.02000427246094,211.10000610351562,211.22999572753906,70927200
2015-05-05,174.76034545898438,208.89999389648438,211.4600067138672,208.72999572753906,211.02999877929688,113326200
2015-05-06,174.04087829589844,208.0399932861328,209.92999267578125,206.75999450683594,209.55999755859375,135060200
2015-05-07,174.7352294921875,208.8699951171875,209.3800048828125,207.52000427246094,207.9199981689453,88244900
2015-05-08,177.03585815429688,211.6199951171875,211.86000061035156,210.77999877929688,210.8800048828125,155877300
2015-05-11,176.1908721923828,210.61000061035156,211.88999938964844,210.52000427246094,211.57000732421875,75708100
2015-05-12,175.66380310058594,209.97999572753906,210.6300048828125,208.6199951171875,209.61000061035156,119727600
2015-05-13,175.69732666015625,210.02000427246094,211.22000122070312,209.74000549316406,210.47000122070312,94667900
2015-05-14,177.5293731689453,212.2100067138672,212.32000732421875,210.91000366210938,211.24000549316406,95934000
2015-05-15,177.72181701660156,212.44000244140625,212.61000061035156,211.86000061035156,212.44000244140625,76510100
2015-05-18,178.27398681640625,213.10000610351562,213.39999389648438,212.16000366210938,212.24000549316406,74549700
2015-05-19,178.21539306640625,213.02999877929688,213.57000732421875,212.69000244140625,213.24000549316406,72114600
2015-05-20,178.08990478515625,212.8800048828125,213.77999877929688,212.5,213.14999389648438,76857500
2015-05-21,178.60855102539062,213.5,213.75,212.50999450683594,212.7100067138672,64764600
2015-05-22,178.18194580078125,212.99000549316406,213.5399932861328,212.91000366210938,213.0399932861328,57433500
2015-05-26,176.2661590576172,210.6999969482422,212.91000366210938,210.1999969482422,212.39999389648438,124308600
2015-05-27,177.93931579589844,212.6999969482422,212.97999572753906,210.75999450683594,211.25,93214000
2015-05-28,177.73854064941406,212.4600067138672,212.58999633789062,211.6300048828125,212.3300018310547,74974600
2015-05-29,176.63426208496094,211.13999938964844,212.42999267578125,210.82000732421875,212.3800048828125,124919600
2015-06-01,176.9940185546875,211.57000732421875,212.33999633789062,210.6199951171875,211.94000244140625,93338800
2015-06-02,176.81829833984375,211.36000061035156,212.19000244140625,210.27000427246094,211.02000427246094,91531000
2015-06-03,177.28675842285156,211.9199981689453,212.6699981689453,211.3300018310547,212.0,87820900
2015-06-04,175.78936767578125,210.1300048828125,211.86000061035156,209.75,211.07000732421875,151882800
2015-06-05,175.48814392089844,209.77000427246094,210.5800018310547,208.97999572753906,209.9499969482422,121704700
2015-06-08,174.40902709960938,208.47999572753906,209.82000732421875,208.38999938964844,209.63999938964844,89063300
2015-06-09,174.3838653564453,208.4499969482422,209.10000610351562,207.69000244140625,208.4499969482422,105034700
2015-06-10,176.47535705566406,210.9499969482422,211.41000366210938,209.3000030517578,209.3699951171875,134551300
2015-06-11,177.04417419433594,211.6300048828125,212.08999633789062,211.1999969482422,211.47999572753906,73876400
2015-06-12,175.68893432617188,210.00999450683594,211.47999572753906,209.67999267578125,210.63999938964844,135382400
2015-06-15,174.9359893798828,209.11000061035156,209.4499969482422,207.7899932861328,208.63999938964844,124384200
2015-06-16,175.8897247314453,210.25,210.35000610351562,208.72000122070312,208.92999267578125,85308200
2015-06-17,176.1741485595703,210.58999633789062,211.32000732421875,209.36000061035156,210.58999633789062,126708600
2015-06-18,178.00621032714844,212.77999877929688,213.33999633789062,210.6300048828125,211.30999755859375,165867900
2015-06-19,177.21600341796875,210.80999755859375,211.5500030517578,210.36000061035156,211.4600067138672,130478700
2015-06-22,178.12391662597656,211.88999938964844,212.58999633789062,211.63999938964844,211.91000366210938,70696000
2015-06-23,178.25006103515625,212.0399932861328,212.44000244140625,211.57000732421875,212.13999938964844,68476800
2015-06-24,176.9554443359375,210.5,212.1699981689453,210.47000122070312,211.72000122070312,92307300
2015-06-25,176.41744995117188,209.86000061035156,211.25,209.77000427246094,211.10000610351562,97107400
2015-06-26,176.38377380371094,209.82000732421875,210.5800018310547,209.16000366210938,210.2899932861328,104174800
2015-06-29,172.68496704101562,205.4199981689453,209.8300018310547,205.3300018310547,208.0500030517578,202621300
2015-06-30,173.04644775390625,205.85000610351562,207.32000732421875,205.27999877929688,207.25999450683594,182925100
2015-07-01,174.43350219726562,207.5,208.02999877929688,206.55999755859375,207.72999572753906,135979900
2015-07-02,174.27377319335938,207.30999755859375,208.27000427246094,206.80999755859375,208.07000732421875,104373700
2015-07-06,173.77780151367188,206.72000122070312,207.64999389648438,205.52999877929688,205.77000427246094,117975400
2015-07-07,174.87066650390625,208.02000427246094,208.1699981689453,204.11000061035156,206.9600067138672,173820200
2015-07-08,171.9368133544922,204.52999877929688,206.75999450683594,204.25,206.4199981689453,164020100
2015-07-09,172.24781799316406,204.89999389648438,207.35000610351562,204.77000427246094,207.0399932861328,144113100
2015-07-10,174.41668701171875,207.47999572753906,207.97999572753906,204.9499969482422,207.2899932861328,129456900
2015-07-13,176.34176635742188,209.77000427246094,209.89999389648438,208.94000244140625,208.99000549316406,106069400
2015-07-14,177.10678100585938,210.67999267578125,211.0500030517578,209.64999389648438,209.72000122070312,81709600
2015-07-15,177.04788208007812,210.61000061035156,211.27999877929688,210.0399932861328,210.72999572753906,97914100
2015-07-16,178.46859741210938,212.3000030517578,212.3000030517578,211.5800018310547,211.8699951171875,106683300
2015-07-17,178.61990356445312,212.47999572753906,212.5500030517578,211.8000030517578,212.2899932861328,89030000
2015-07-20,178.71234130859375,212.58999633789062,213.17999267578125,212.2100067138672,212.75,70446800
2015-07-21,178.0062255859375,211.75,212.74000549316406,211.38999938964844,212.42999267578125,77965000
2015-07-22,177.686767578125,211.3699951171875,211.77000427246094,210.88999938964844,210.92999267578125,88667900
2015-07-23,176.68638610839844,210.17999267578125,211.64999389648438,209.75,211.52999877929688,90509100
2015-07-24,174.8538360595703,208.0,210.3699951171875,207.60000610351562,210.3000030517578,117755000
2015-07-27,173.8366241455078,206.7899932861328,207.5500030517578,206.25999450683594,206.94000244140625,132361100
2015-07-28,175.97190856933594,209.3300018310547,209.5,206.8000030517578,207.7899932861328,123544800
2015-07-29,177.18238830566406,210.77000427246094,211.0399932861328,209.30999755859375,209.47999572753906,105791300
2015-07-30,177.2244415283203,210.82000732421875,211.02000427246094,209.4199981689453,210.16000366210938,91304400
2015-07-31,176.9554443359375,210.5,211.4499969482422,210.16000366210938,211.4199981689453,103266900
2015-08-03,176.3585662841797,209.7899932861328,210.52999877929688,208.64999389648438,210.4600067138672,113965700
2015-08-04,176.01394653320312,209.3800048828125,210.25,208.8000030517578,209.6999969482422,81820800
2015-08-05,176.5939483642578,210.07000732421875,211.30999755859375,209.72999572753906,210.4499969482422,85786800
2015-08-06,175.14804077148438,208.35000610351562,210.4199981689453,207.64999389648438,210.2899932861328,116030800
2015-08-07,174.81179809570312,207.9499969482422,208.33999633789062,206.8699951171875,208.16000366210938,117858000
2015-08-10,177.01425170898438,210.57000732421875,210.6699981689453,209.27999877929688,209.27999877929688,80270700
2015-08-11,175.41705322265625,208.6699981689453,209.47000122070312,207.75999450683594,208.97000122070312,126081400
2015-08-12,175.62721252441406,208.9199981689453,209.13999938964844,205.36000061035156,207.11000061035156,172123700
2015-08-13,175.40866088867188,208.66000366210938,209.5500030517578,208.00999450683594,208.72999572753906,89383300
2015-08-14,176.0475311279297,209.4199981689453,209.50999450683594,208.25999450683594,208.42999267578125,72786500
2015-08-17,177.03109741210938,210.58999633789062,210.58999633789062,208.16000366210938,208.7100067138672,79072600
2015-08-18,176.51828002929688,209.97999572753906,210.67999267578125,209.6999969482422,210.25999450683594,71692700
2015-08-19,175.12283325195312,208.32000732421875,210.00999450683594,207.35000610351562,209.08999633789062,172946000
2015-08-20,171.46603393554688,203.97000122070312,208.2899932861328,203.89999389648438,206.50999450683594,194327900
2015-08-21,166.3044891357422,197.8300018310547,203.94000244140625,197.52000427246094,201.72999572753906,346588500
2015-08-24,159.3018798828125,189.5,197.47999572753906,182.39999389648438,187.49000549316406,507244300
2015-08-25,157.4272918701172,187.27000427246094,195.4499969482422,186.9199981689453,195.42999267578125,369833100
2015-08-26,163.47154235839844,194.4600067138672,194.7899932861328,188.3699951171875,192.0800018310547,339257000
2015-08-27,167.51504516601562,199.27000427246094,199.4199981689453,195.2100067138672,197.02000427246094,274143900
2015-08-28,167.5234375,199.27999877929688,199.83999633789062,197.9199981689453,198.5,160414400
2015-08-31,166.16995239257812,197.6699981689453,199.1300048828125,197.00999450683594,198.11000061035156,163298800
2015-09-01,161.210205078125,191.77000427246094,194.77000427246094,190.72999572753906,193.1199951171875,256000400
2015-09-02,164.2701416015625,195.41000366210938,195.4600067138672,192.4199981689453,194.6199951171875,160269300
2015-09-03,164.3878173828125,195.5500030517578,198.0500030517578,194.9600067138672,196.25999450683594,152087800
2015-09-04,161.89950561523438,192.58999633789062,193.86000061035156,191.61000061035156,192.85000610351562,207081000
2015-09-08,165.96823120117188,197.42999267578125,197.61000061035156,195.1699981689453,195.94000244140625,116025700
2015-09-09,163.74888610839844,194.7899932861328,199.47000122070312,194.35000610351562,199.32000732421875,149347700
2015-09-10,164.63998413085938,195.85000610351562,197.22000122070312,194.25,194.55999755859375,158611100
2015-09-11,165.3882293701172,196.74000549316406,196.82000732421875,194.52999877929688,195.3800048828125,119691200
2015-09-14,164.77450561523438,196.00999450683594,197.00999450683594,195.42999267578125,196.9499969482422,79452000
2015-09-15,166.83409118652344,198.4600067138672,198.99000549316406,195.9600067138672,196.61000061035156,113806200
2015-09-16,168.27999877929688,200.17999267578125,200.41000366210938,198.41000366210938,198.82000732421875,99581600
2015-09-17,167.90167236328125,199.72999572753906,202.88999938964844,199.27999877929688,200.02000427246094,276046600
2015-09-18,165.15789794921875,195.4499969482422,198.67999267578125,194.9600067138672,195.7100067138672,223657500
2015-09-21,166.01145935058594,196.4600067138672,197.67999267578125,195.2100067138672,196.44000244140625,105726200
2015-09-22,163.8566436767578,193.91000366210938,194.4600067138672,192.55999755859375,193.8800048828125,153890900
2015-09-23,163.5946502685547,193.60000610351562,194.6699981689453,192.91000366210938,194.11000061035156,92790600
2015-09-24,163.00314331054688,192.89999389648438,193.4499969482422,190.55999755859375,192.14999389648438,159378800
2015-09-25,162.96092224121094,192.85000610351562,195.0,191.80999755859375,194.63999938964844,155054800
2015-09-28,158.8710174560547,188.00999450683594,191.91000366210938,187.63999938964844,191.77999877929688,178515900
2015-09-29,158.96397399902344,188.1199951171875,189.74000549316406,186.92999267578125,188.27000427246094,159045600
2015-09-30,161.9299774169922,191.6300048828125,191.8300018310547,189.44000244140625,190.3699951171875,163452000
2015-10-01,162.35250854492188,192.1300048828125,192.49000549316406,189.82000732421875,192.0800018310547,131079000
2015-10-02,164.77772521972656,195.0,195.02999877929688,189.1199951171875,189.77000427246094,211003300
2015-10-05,167.7099151611328,198.47000122070312,198.74000549316406,196.3300018310547,196.4600067138672,126320800
2015-10-06,167.13526916503906,197.7899932861328,198.97999572753906,197.0,198.30999755859375,110274500
2015-10-07,168.50416564941406,199.41000366210938,199.8300018310547,197.47999572753906,198.89999389648438,124307300
2015-10-08,170.02520751953125,201.2100067138672,201.5500030517578,198.58999633789062,198.9499969482422,153055200
2015-10-09,170.12661743164062,201.3300018310547,201.89999389648438,200.5800018310547,201.3800048828125,107069200
2015-10-12,170.2871856689453,201.52000427246094,201.75999450683594,200.91000366210938,201.4199981689453,56395600
2015-10-13,169.21401977539062,200.25,202.16000366210938,200.0500030517578,200.64999389648438,88038700
2015-10-14,168.40280151367188,199.2899932861328,200.8699951171875,198.94000244140625,200.17999267578125,99106200
2015-10-15,170.98854064941406,202.35000610351562,202.36000061035156,199.63999938964844,200.0800018310547,134142200
2015-10-16,171.76593017578125,203.27000427246094,203.2899932861328,201.9199981689453,202.8300018310547,114580100
2015-10-19,171.8504180908203,203.3699951171875,203.3699951171875,202.1300048828125,202.5,76523900
2015-10-20,171.63070678710938,203.11000061035156,203.83999633789062,202.5500030517578,202.85000610351562,78448500
2015-10-21,170.56600952148438,201.85000610351562,203.7899932861328,201.64999389648438,203.61000061035156,102038000
2015-10-22,173.44752502441406,205.25999450683594,205.50999450683594,201.85000610351562,202.97999572753906,174911700
2015-10-23,175.3488006591797,207.50999450683594,207.9499969482422,206.3000030517578,207.25,144442300
2015-10-26,174.9178466796875,207.0,207.3699951171875,206.55999755859375,207.3000030517578,69033000
2015-10-27,174.57986450195312,206.60000610351562,207.0,205.7899932861328,206.1999969482422,77905800
2015-10-28,176.56556701660156,208.9499969482422,208.97999572753906,206.2100067138672,207.0,135906700
2015-10-29,176.4642333984375,208.8300018310547,209.27000427246094,208.2100067138672,208.35000610351562,90525500
2015-10-30,175.70367431640625,207.92999267578125,209.44000244140625,207.74000549316406,209.05999755859375,131076900
2015-11-02,177.782470703125,210.38999938964844,210.6199951171875,208.1699981689453,208.32000732421875,86270800
2015-11-03,178.29788208007812,211.0,211.66000366210938,209.6999969482422,209.97000122070312,95246100
2015-11-04,177.757080078125,210.36000061035156,211.5,209.72000122070312,211.35000610351562,96224500
2015-11-05,177.5796356201172,210.14999389648438,210.97999572753906,209.08999633789062,210.42999267578125,78408700
2015-11-06,177.4867401123047,210.0399932861328,210.32000732421875,208.4600067138672,209.74000549316406,110471500
2015-11-09,175.8305206298828,208.0800018310547,209.49000549316406,206.9499969482422,209.30999755859375,131008700
2015-11-10,176.2360382080078,208.55999755859375,208.60000610351562,207.19000244140625,207.50999450683594,75874600
2015-11-11,175.54315185546875,207.74000549316406,208.94000244140625,207.66000366210938,208.8800048828125,67846000
2015-11-12,173.09263610839844,204.83999633789062,207.05999755859375,204.82000732421875,206.5,121315200
2015-11-13,171.14907836914062,202.5399932861328,204.6699981689453,202.44000244140625,204.35000610351562,153577100
2015-11-16,173.75172424316406,205.6199951171875,205.69000244140625,202.17999267578125,202.32000732421875,117645200
2015-11-17,173.62498474121094,205.47000122070312,207.0399932861328,204.8800048828125,205.99000549316406,121123700
2015-11-18,176.3797149658203,208.72999572753906,208.89999389648438,205.99000549316406,206.0399932861328,121342500
2015-11-19,176.2276611328125,208.5500030517578,209.0500030517578,208.1999969482422,208.58999633789062,88220500
2015-11-20,176.86981201171875,209.30999755859375,210.1199951171875,208.86000061035156,209.4499969482422,94011500
2015-11-23,176.66705322265625,209.07000732421875,209.97999572753906,208.52000427246094,209.3800048828125,64931200
2015-11-24,176.9036102294922,209.35000610351562,209.8300018310547,207.41000366210938,207.8699951171875,98874400
2015-11-25,176.87826538085938,209.32000732421875,209.74000549316406,209.00999450683594,209.5,51980100
2015-11-27,177.08108520507812,209.55999755859375,209.8000030517578,208.86000061035156,209.42999267578125,37317800
2015-11-30,176.3459014892578,208.69000244140625,209.88999938964844,208.55999755859375,209.75,112822700
2015-12-01,178.02752685546875,210.67999267578125,210.82000732421875,209.11000061035156,209.44000244140625,97858400
2015-12-02,176.2107391357422,208.52999877929688,211.0,208.22999572753906,210.6199951171875,108441300
2015-12-03,173.74330139160156,205.61000061035156,209.14999389648438,204.75,208.8300018310547,166224200
2015-12-04,177.13174438476562,209.6199951171875,209.97000122070312,205.61000061035156,205.61000061035156,192913900
2015-12-07,176.05859375,208.35000610351562,209.72999572753906,207.1999969482422,209.22999572753906,102027100
2015-12-08,174.87559509277344,206.9499969482422,208.2899932861328,205.77999877929688,206.49000549316406,103372400
2015-12-09,173.51507568359375,205.33999633789062,208.67999267578125,204.17999267578125,206.19000244140625,162401500
2015-12-10,173.96298217773438,205.8699951171875,207.42999267578125,205.13999938964844,205.4199981689453,116128900
2015-12-11,170.59136962890625,201.8800048828125,204.13999938964844,201.50999450683594,203.35000610351562,211173300
2015-12-14,171.4532928466797,202.89999389648438,203.0500030517578,199.9499969482422,202.07000732421875,182385200
2015-12-15,173.25314331054688,205.02999877929688,206.11000061035156,202.8699951171875,204.6999969482422,154069600
2015-12-16,175.78817749023438,208.02999877929688,208.38999938964844,204.8000030517578,206.3699951171875,197017000
2015-12-17,173.1095428466797,204.86000061035156,208.47999572753906,204.83999633789062,208.39999389648438,173092500
2015-12-18,170.02557373046875,200.02000427246094,202.92999267578125,199.8300018310547,202.77000427246094,251393500
2015-12-21,171.42813110351562,201.6699981689453,201.8800048828125,200.08999633789062,201.41000366210938,99094300
2015-12-22,172.98370361328125,203.5,203.85000610351562,201.5500030517578,202.72000122070312,111026200
2015-12-23,175.1258087158203,206.02000427246094,206.07000732421875,204.5800018310547,204.69000244140625,110987200
2015-12-24,174.8367919921875,205.67999267578125,206.3300018310547,205.4199981689453,205.72000122070312,48539600
2015-12-28,174.4373016357422,205.2100067138672,205.25999450683594,203.94000244140625,204.86000061035156,65899900
2015-12-29,176.29888916015625,207.39999389648438,207.7899932861328,206.47000122070312,206.50999450683594,92640700
2015-12-30,175.04928588867188,205.92999267578125,207.2100067138672,205.75999450683594,207.11000061035156,63317700
2015-12-31,173.29823303222656,203.8699951171875,205.88999938964844,203.8699951171875,205.1300048828125,114877900
2016-01-04,170.8755645751953,201.02000427246094,201.02999877929688,198.58999633789062,200.49000549316406,222353500
2016-01-05,171.16461181640625,201.36000061035156,201.89999389648438,200.0500030517578,201.39999389648438,110845800
2016-01-06,169.00555419921875,198.82000732421875,200.05999755859375,197.60000610351562,198.33999633789062,152112600
2016-01-07,164.9508056640625,194.0500030517578,197.44000244140625,193.58999633789062,195.3300018310547,213436100
2016-01-08,163.1402130126953,191.9199981689453,195.85000610351562,191.5800018310547,195.19000244140625,209817200
2016-01-11,163.3017578125,192.11000061035156,193.41000366210938,189.82000732421875,193.00999450683594,187941300
2016-01-12,164.61929321289062,193.66000366210938,194.5500030517578,191.13999938964844,193.82000732421875,172330500
2016-01-13,160.5135955810547,188.8300018310547,194.86000061035156,188.3800048828125,194.4499969482422,221168900
2016-01-14,163.1487274169922,191.92999267578125,193.25999450683594,187.66000366210938,189.5500030517578,240795600
2016-01-15,159.6466064453125,187.80999755859375,188.75999450683594,185.52000427246094,186.77000427246094,324846400
2016-01-19,159.8590850830078,188.05999755859375,190.11000061035156,186.1999969482422,189.9600067138672,195244400
2016-01-20,157.81044006347656,185.64999389648438,187.5,181.02000427246094,185.02999877929688,286547800
2016-01-21,158.69454956054688,186.69000244140625,188.8699951171875,184.63999938964844,186.2100067138672,195772900
2016-01-22,161.95016479492188,190.52000427246094,190.75999450683594,188.8800048828125,189.77999877929688,168319600
2016-01-25,159.50204467773438,187.63999938964844,190.14999389648438,187.41000366210938,189.9199981689453,130371700
2016-01-26,161.6781463623047,190.1999969482422,190.52999877929688,188.02000427246094,188.4199981689453,141036800
2016-01-27,159.91854858398438,188.1300048828125,191.55999755859375,187.05999755859375,189.5800018310547,185681700
2016-01-28,160.75161743164062,189.11000061035156,190.1999969482422,187.16000366210938,189.9600067138672,143798800
2016-01-29,164.6702880859375,193.72000122070312,193.8800048828125,189.8800048828125,190.02000427246094,210529300
2016-02-01,164.6107940673828,193.64999389648438,194.5800018310547,191.83999633789062,192.52999877929688,136061600
2016-02-02,161.6441650390625,190.16000366210938,191.97000122070312,189.5399932861328,191.9600067138672,182564900
2016-02-03,162.6132049560547,191.3000030517578,191.77999877929688,187.10000610351562,191.41000366210938,205054900
2016-02-04,162.8682098388672,191.60000610351562,192.75,189.9600067138672,190.7100067138672,139531800
2016-02-05,159.7655487060547,187.9499969482422,191.6699981689453,187.1999969482422,190.99000549316406,180788300
2016-02-08,157.61492919921875,185.4199981689453,186.1199951171875,182.8000030517578,185.77000427246094,191526700
2016-02-09,157.6234130859375,185.42999267578125,186.94000244140625,183.1999969482422,183.36000061035156,184513100
2016-02-10,157.4874267578125,185.27000427246094,188.33999633789062,185.1199951171875,186.41000366210938,148214100
2016-02-11,155.43881225585938,182.86000061035156,184.10000610351562,181.08999633789062,182.33999633789062,219058900
2016-02-12,158.6434783935547,186.6300048828125,186.64999389648438,183.9600067138672,184.9600067138672,127632400
2016-02-16,161.3211669921875,189.77999877929688,189.80999755859375,187.6300048828125,188.77000427246094,120250700
2016-02-17,163.95631408691406,192.8800048828125,193.32000732421875,191.00999450683594,191.16000366210938,136009500
2016-02-18,163.28472900390625,192.08999633789062,193.27000427246094,191.72000122070312,193.1999969482422,102343000
2016-02-19,163.20819091796875,192.0,192.17999267578125,190.4499969482422,191.1699981689453,114793000
2016-02-22,165.57135009765625,194.77999877929688,194.9499969482422,193.7899932861328,193.8699951171875,103640300
2016-02-23,163.480224609375,192.32000732421875,194.32000732421875,192.17999267578125,194.0,111455300
2016-02-24,164.22828674316406,193.1999969482422,193.52999877929688,189.32000732421875,190.6300048828125,150812200
2016-02-25,166.21734619140625,195.5399932861328,195.5500030517578,192.8300018310547,193.72999572753906,110728300
2016-02-26,165.83482360839844,195.08999633789062,196.67999267578125,194.89999389648438,196.57000732421875,129833700
2016-02-29,164.5343017578125,193.55999755859375,196.22999572753906,193.3300018310547,195.11000061035156,125918100
2016-03-01,168.4020233154297,198.11000061035156,198.2100067138672,194.4499969482422,195.00999450683594,141799700
2016-03-02,169.15853881835938,199.0,199.05999755859375,197.25,197.74000549316406,102415000
2016-03-03,169.821533203125,199.77999877929688,199.8000030517578,198.11000061035156,198.7899932861328,95172200
2016-03-04,170.3740692138672,200.42999267578125,201.35000610351562,199.02999877929688,200.00999450683594,129293600
2016-03-07,170.51011657714844,200.58999633789062,201.07000732421875,199.25,199.33999633789062,100219000
2016-03-08,168.64845275878906,198.39999389648438,199.9199981689453,198.2100067138672,199.32000732421875,123974900
2016-03-09,169.48150634765625,199.3800048828125,199.7899932861328,198.42999267578125,199.36000061035156,94801200
2016-03-10,169.61752319335938,199.5399932861328,201.07000732421875,197.3800048828125,199.9600067138672,156838700
2016-03-11,172.3546905517578,202.75999450683594,202.80999755859375,199.52000427246094,201.25999450683594,137964500
2016-03-14,172.1336669921875,202.5,203.0399932861328,201.77000427246094,202.16000366210938,73612000
2016-03-15,171.85316467285156,202.1699981689453,202.52999877929688,201.0500030517578,201.36000061035156,93169100
2016-03-16,172.84771728515625,203.33999633789062,203.82000732421875,201.5500030517578,201.60000610351562,129303200
2016-03-17,173.94427490234375,204.6300048828125,205.22999572753906,202.77000427246094,203.24000549316406,134278500
2016-03-18,174.62779235839844,204.3800048828125,204.77999877929688,203.8000030517578,204.1699981689453,138372400
2016-03-21,174.87557983398438,204.6699981689453,204.94000244140625,203.8000030517578,204.07000732421875,72926700
2016-03-22,174.7816162109375,204.55999755859375,205.22999572753906,203.57000732421875,203.75999450683594,97471900
2016-03-23,173.62814331054688,203.2100067138672,204.3300018310547,203.00999450683594,204.11000061035156,81052500
2016-03-24,173.55120849609375,203.1199951171875,203.16000366210938,201.74000549316406,202.0,84360900
2016-03-28,173.6537628173828,203.24000549316406,203.86000061035156,202.7100067138672,203.61000061035156,62408200
2016-03-29,175.2600860595703,205.1199951171875,205.25,202.39999389648438,202.75999450683594,92922900
2016-03-30,176.029052734375,206.02000427246094,206.8699951171875,205.58999633789062,206.3000030517578,86365300
2016-03-31,175.60186767578125,205.52000427246094,206.41000366210938,205.3300018310547,205.91000366210938,94584100
2016-04-01,176.7980194091797,206.9199981689453,207.13999938964844,203.97999572753906,204.35000610351562,114423500
2016-04-04,176.2255859375,206.25,207.07000732421875,205.88999938964844,206.8300018310547,63497000
2016-04-05,174.4654998779297,204.19000244140625,206.25999450683594,203.88999938964844,204.6699981689453,99662200
2016-04-06,176.37083435058594,206.4199981689453,206.49000549316406,203.97999572753906,204.19000244140625,91839800
2016-04-07,174.26039123535156,203.9499969482422,205.55999755859375,203.08999633789062,205.13999938964844,113859000
2016-04-08,174.7303009033203,204.5,205.85000610351562,203.8699951171875,205.33999633789062,95040600
2016-04-11,174.32022094726562,204.02000427246094,206.07000732421875,203.91000366210938,205.25,83757500
2016-04-12,175.94361877441406,205.9199981689453,206.25,203.6999969482422,204.22000122070312,115350600
2016-04-13,177.7208709716797,208.0,208.10000610351562,206.83999633789062,207.0,96336400
2016-04-14,177.72938537597656,208.00999450683594,208.60000610351562,207.60000610351562,208.07000732421875,65212900
2016-04-15,177.5328369140625,207.77999877929688,208.1699981689453,207.39999389648438,208.00999450683594,75761600
2016-04-18,178.78028869628906,209.24000549316406,209.27999877929688,207.0,207.77999877929688,82531000
2016-04-19,179.34423828125,209.89999389648438,210.1999969482422,208.94000244140625,209.74000549316406,88316100
2016-04-20,179.5150909423828,210.10000610351562,210.9199981689453,209.38999938964844,209.9499969482422,81100300
2016-04-21,178.5496368408203,208.97000122070312,210.25,208.64999389648438,210.1199951171875,85695000
2016-04-22,178.5496368408203,208.97000122070312,209.2899932861328,207.91000366210938,208.5500030517578,99251700
2016-04-25,178.24200439453125,208.61000061035156,208.66000366210938,207.5399932861328,208.25999450683594,66166500
2016-04-26,178.50689697265625,208.9199981689453,209.52000427246094,208.36000061035156,209.0399932861328,75864200
2016-04-27,178.874267578125,209.35000610351562,209.80999755859375,208.0500030517578,208.47000122070312,77329400
2016-04-28,177.2509002685547,207.4499969482422,209.75999450683594,206.9600067138672,208.4600067138672,97216200
2016-04-29,176.29396057128906,206.3300018310547,207.1300048828125,205.02999877929688,206.72000122070312,142424100
2016-05-02,177.6951904296875,207.97000122070312,208.17999267578125,206.41000366210938,206.9199981689453,62188000
2016-05-03,176.14865112304688,206.16000366210938,206.8000030517578,205.27999877929688,206.52000427246094,106422100
2016-05-04,175.1660919189453,205.00999450683594,205.85000610351562,204.4199981689453,204.99000549316406,92243800
2016-05-05,175.13189697265625,204.97000122070312,205.97999572753906,204.47000122070312,205.55999755859375,67619200
2016-05-06,175.77272033691406,205.72000122070312,205.77000427246094,203.8800048828125,204.05999755859375,89315000
2016-05-09,175.91796875,205.88999938964844,206.39999389648438,205.36000061035156,205.57000732421875,74374900
2016-05-10,178.10531616210938,208.4499969482422,208.47000122070312,206.63999938964844,206.72000122070312,77472200
2016-05-11,176.4391632080078,206.5,208.5399932861328,206.5,207.91000366210938,81727000
2016-05-12,176.49044799804688,206.55999755859375,207.49000549316406,205.3699951171875,207.2899932861328,89586300
2016-05-13,174.95248413085938,204.75999450683594,206.86000061035156,204.3800048828125,206.2100067138672,96474600
2016-05-16,176.6784210205078,206.77999877929688,207.33999633789062,204.88999938964844,204.9600067138672,77486800
2016-05-17,175.02943420410156,204.85000610351562,206.8000030517578,204.22999572753906,206.4600067138672,114924900
2016-05-18,175.0806427001953,204.91000366210938,206.3000030517578,203.6300048828125,204.44000244140625,120062100
2016-05-19,174.4739990234375,204.1999969482422,204.5399932861328,202.77999877929688,204.05999755859375,115430500
2016-05-20,175.57618713378906,205.49000549316406,206.10000610351562,204.86000061035156,204.9199981689453,104990400
2016-05-23,175.33694458007812,205.2100067138672,205.83999633789062,204.99000549316406,205.50999450683594,58682600
2016-05-24,177.6097412109375,207.8699951171875,208.24000549316406,206.13999938964844,206.1699981689453,93537800
2016-05-25,178.81448364257812,209.27999877929688,209.77000427246094,207.8699951171875,208.6699981689453,76621400
2016-05-26,178.86575317382812,209.33999633789062,209.7100067138672,208.97000122070312,209.44000244140625,55280700
2016-05-27,179.63473510742188,210.24000549316406,210.25,209.47000122070312,209.52999877929688,64211200
2016-05-31,179.29295349121094,209.83999633789062,210.69000244140625,209.17999267578125,210.55999755859375,109879400
2016-06-01,179.6603546142578,210.27000427246094,210.47999572753906,208.88999938964844,209.1199951171875,69936200
2016-06-02,180.207275390625,210.91000366210938,210.92999267578125,209.24000549316406,209.8000030517578,63044700
2016-06-03,179.6688995361328,210.27999877929688,210.69000244140625,208.86000061035156,210.25,101757100
2016-06-06,180.58314514160156,211.35000610351562,211.77000427246094,210.50999450683594,210.6999969482422,64887000
2016-06-07,180.86514282226562,211.67999267578125,212.33999633789062,211.5,211.52999877929688,60974800
2016-06-08,181.4547119140625,212.3699951171875,212.52000427246094,211.69000244140625,211.83999633789062,66170900
2016-06-09,181.20687866210938,212.0800018310547,212.22000122070312,211.19000244140625,211.50999450683594,73786900
2016-06-10,179.48944091796875,210.07000732421875,210.86000061035156,209.42999267578125,210.4600067138672,113829200
2016-06-13,178.10531616210938,208.4499969482422,210.3699951171875,208.35000610351562,209.36000061035156,117751200
2016-06-14,177.75502014160156,208.0399932861328,208.74000549316406,206.9199981689453,208.0,125059300
2016-06-15,177.50721740722656,207.75,209.36000061035156,207.52999877929688,208.0399932861328,109124500
2016-06-16,178.03697204589844,208.3699951171875,208.57000732421875,205.58999633789062,207.75,149533100
2016-06-17,177.37396240234375,206.52000427246094,207.1999969482422,205.75,207.1699981689453,117055700
2016-06-20,178.51620483398438,207.85000610351562,209.61000061035156,207.75,208.82000732421875,82789600
2016-06-21,179.02296447753906,208.44000244140625,208.9199981689453,207.77999877929688,208.3000030517578,72461700
2016-06-22,178.73092651367188,208.10000610351562,209.5,207.92999267578125,208.64999389648438,95560500
2016-06-23,181.0584259033203,210.80999755859375,210.8699951171875,209.27000427246094,209.80999755859375,102731400
2016-06-24,174.55679321289062,203.24000549316406,210.85000610351562,202.72000122070312,203.6300048828125,333444400
2016-06-27,171.4305419921875,199.60000610351562,201.60000610351562,198.64999389648438,201.58999633789062,230775800
2016-06-28,174.52247619628906,203.1999969482422,203.22999572753906,201.1199951171875,201.47999572753906,159382400
2016-06-29,177.49417114257812,206.66000366210938,206.92999267578125,204.72000122070312,204.83999633789062,137328600
2016-06-30,179.91616821289062,209.47999572753906,209.5399932861328,206.55999755859375,207.2100067138672,165021900
2016-07-01,180.2940673828125,209.9199981689453,210.49000549316406,209.2899932861328,209.47999572753906,106055300
2016-07-05,178.99720764160156,208.41000366210938,209.0800018310547,207.7100067138672,208.9499969482422,109803700
2016-07-06,180.07073974609375,209.66000366210938,209.8000030517578,207.05999755859375,207.8300018310547,96021500
2016-07-07,179.9591064453125,209.52999877929688,210.64999389648438,208.6300048828125,209.8699951171875,85593800
2016-07-08,182.63876342773438,212.64999389648438,212.94000244140625,210.77999877929688,211.0500030517578,133971000
2016-07-11,183.28292846679688,213.39999389648438,214.07000732421875,212.9499969482422,213.19000244140625,73633900
2016-07-12,184.61416625976562,214.9499969482422,215.3000030517578,213.42999267578125,214.52999877929688,101275600
2016-07-13,184.58839416503906,214.9199981689453,215.4499969482422,214.35000610351562,215.44000244140625,87324100
2016-07-14,185.6190643310547,216.1199951171875,216.6699981689453,215.66000366210938,216.39999389648438,91230900
2016-07-15,185.37001037597656,215.8300018310547,217.00999450683594,215.30999755859375,216.77999877929688,107155400
2016-07-18,185.86814880371094,216.41000366210938,216.60000610351562,215.6699981689453,215.97000122070312,58725900
2016-07-19,185.67919921875,216.19000244140625,216.22999572753906,215.6300048828125,215.9199981689453,54345700
2016-07-20,186.45217895507812,217.08999633789062,217.3699951171875,216.19000244140625,216.19000244140625,58159500
2016-07-21,185.74789428710938,216.27000427246094,217.22000122070312,215.75,216.9600067138672,67777300
2016-07-22,186.5809783935547,217.24000549316406,217.3000030517578,216.10000610351562,216.41000366210938,62787500
2016-07-25,186.0742950439453,216.64999389648438,217.05999755859375,215.97000122070312,217.0,55873100
2016-07-26,186.16017150878906,216.75,217.1699981689453,215.75999450683594,216.52999877929688,70080500
2016-07-27,185.96261596679688,216.52000427246094,217.27000427246094,215.6199951171875,217.19000244140625,84083900
2016-07-28,186.17733764648438,216.77000427246094,217.11000061035156,215.75,216.2899932861328,65035700
2016-07-29,186.47792053222656,217.1199951171875,217.5399932861328,216.1300048828125,216.4600067138672,79519400
2016-08-01,186.3233184814453,216.94000244140625,217.64999389648438,216.41000366210938,217.19000244140625,73311400
2016-08-02,185.12954711914062,215.5500030517578,216.8300018310547,214.57000732421875,216.64999389648438,92295500
2016-08-03,185.6705780029297,216.17999267578125,216.25,215.1300048828125,215.47999572753906,53993600
2016-08-04,185.86814880371094,216.41000366210938,216.77999877929688,214.25,216.30999755859375,46585500
2016-08-05,187.38833618164062,218.17999267578125,218.22999572753906,216.41000366210938,216.41000366210938,71892200
2016-08-08,187.2766571044922,218.0500030517578,218.52000427246094,217.74000549316406,218.39999389648438,39906500
2016-08-09,187.38833618164062,218.17999267578125,218.75999450683594,217.8000030517578,218.1300048828125,51251700
2016-08-10,186.92457580566406,217.63999938964844,218.39999389648438,217.22999572753906,218.30999755859375,57941100
2016-08-11,187.79200744628906,218.64999389648438,218.94000244140625,217.9499969482422,218.25999450683594,72504300
2016-08-12,187.6288299560547,218.4600067138672,218.7100067138672,217.99000549316406,218.2899932861328,61313500
2016-08-15,188.1699676513672,219.08999633789062,219.5,218.8800048828125,218.88999938964844,49813500
2016-08-16,187.1994171142578,217.9600067138672,218.67999267578125,217.9600067138672,218.60000610351562,53213600
2016-08-17,187.55149841308594,218.3699951171875,218.52999877929688,217.02000427246094,218.0,75134300
2016-08-18,187.972412109375,218.86000061035156,218.89999389648438,218.2100067138672,218.33999633789062,52989300
2016-08-19,187.6975555419922,218.5399932861328,218.75,217.74000549316406,218.30999755859375,75443000
2016-08-22,187.6889190673828,218.52999877929688,218.8000030517578,217.8300018310547,218.25999450683594,61368800
2016-08-23,188.06683349609375,218.97000122070312,219.60000610351562,218.89999389648438,219.25,53399200
2016-08-24,187.1049041748047,217.85000610351562,218.91000366210938,217.36000061035156,218.8000030517578,71728900
2016-08-25,186.97605895996094,217.6999969482422,218.19000244140625,217.22000122070312,217.39999389648438,69224800
2016-08-26,186.6239776611328,217.2899932861328,219.1199951171875,216.25,217.9199981689453,122506300
2016-08-29,187.54293823242188,218.36000061035156,218.6699981689453,217.39999389648438,217.44000244140625,70502200
2016-08-30,187.23373413085938,218.0,218.58999633789062,217.35000610351562,218.25999450683594,58114500
2016-08-31,186.7012939453125,217.3800048828125,217.75,216.47000122070312,217.61000061035156,85269500
2016-09-01,186.70982360839844,217.38999938964844,217.72999572753906,216.02999877929688,217.3699951171875,97844200
2016-09-02,187.55149841308594,218.3699951171875,218.8699951171875,217.6999969482422,218.38999938964844,79293900
2016-09-06,188.11839294433594,219.02999877929688,219.1199951171875,217.86000061035156,218.6999969482422,56702100
2016-09-07,188.1012420654297,219.00999450683594,219.22000122070312,218.3000030517578,218.83999633789062,76554900
2016-09-08,187.67173767089844,218.50999450683594,218.94000244140625,218.14999389648438,218.6199951171875,74102900
2016-09-09,183.17991638183594,213.27999877929688,217.02999877929688,213.25,216.97000122070312,221589100
2016-09-12,185.8079833984375,216.33999633789062,216.80999755859375,212.30999755859375,212.38999938964844,168110900
2016-09-13,183.13694763183594,213.22999572753906,215.14999389648438,212.5,214.83999633789062,182828800
2016-09-14,183.06820678710938,213.14999389648438,214.6999969482422,212.5,213.2899932861328,134185500
2016-09-15,184.8976287841797,215.27999877929688,215.72999572753906,212.75,212.9600067138672,134427900
2016-09-16,184.18289184570312,213.3699951171875,213.69000244140625,212.57000732421875,213.47999572753906,155236400
2016-09-19,184.21739196777344,213.41000366210938,214.8800048828125,213.02999877929688,214.1300048828125,80250500
2016-09-20,184.22601318359375,213.4199981689453,214.58999633789062,213.3800048828125,214.41000366210938,69665300
2016-09-21,186.29776000976562,215.82000732421875,216.02999877929688,213.44000244140625,214.24000549316406,110284400
2016-09-22,187.4716796875,217.17999267578125,217.52999877929688,216.7100067138672,217.0,76678700
2016-09-23,186.44448852539062,215.99000549316406,216.8800048828125,215.8800048828125,216.72000122070312,73630900
2016-09-26,184.9338836669922,214.24000549316406,215.22999572753906,214.00999450683594,215.02000427246094,89827300
2016-09-27,186.08193969726562,215.57000732421875,215.67999267578125,213.6199951171875,214.0500030517578,78494800
2016-09-28,187.00555419921875,216.63999938964844,216.82000732421875,214.7100067138672,215.8300018310547,87411000
2016-09-29,185.31370544433594,214.67999267578125,216.8699951171875,214.0399932861328,216.39999389648438,128070600
2016-09-30,186.71205139160156,216.3000030517578,217.1199951171875,215.36000061035156,215.64999389648438,117202900
2016-10-03,186.26316833496094,215.77999877929688,216.0399932861328,215.0399932861328,215.82000732421875,83512100
2016-10-04,185.31370544433594,214.67999267578125,216.1699981689453,213.99000549316406,215.91000366210938,119948100
2016-10-05,186.13372802734375,215.6300048828125,216.1300048828125,215.3300018310547,215.41000366210938,72816000
2016-10-06,186.26316833496094,215.77999877929688,216.0399932861328,214.74000549316406,215.3699951171875,62927400
2016-10-07,185.6244354248047,215.0399932861328,216.3000030517578,214.19000244140625,216.10000610351562,89788300
2016-10-10,186.59121704101562,216.16000366210938,216.6999969482422,215.99000549316406,216.16000366210938,51855000
2016-10-11,184.2346649169922,213.42999267578125,215.74000549316406,212.5800018310547,215.66000366210938,130367400
2016-10-12,184.47637939453125,213.7100067138672,214.32000732421875,213.00999450683594,213.58999633789062,73866100
2016-10-13,183.8721160888672,213.00999450683594,213.58999633789062,211.2100067138672,212.16000366210938,101357000
2016-10-14,183.96705627441406,213.1199951171875,214.69000244140625,213.02999877929688,214.14999389648438,93346200
2016-10-17,183.32830810546875,212.3800048828125,213.38999938964844,212.1699981689453,213.08999633789062,58275700
2016-10-18,184.47637939453125,213.7100067138672,214.30999755859375,213.27000427246094,214.24000549316406,76869700
2016-10-19,184.96841430664062,214.27999877929688,214.63999938964844,213.60000610351562,214.02000427246094,66519200
2016-10-20,184.62313842773438,213.8800048828125,214.52999877929688,213.11000061035156,213.8699951171875,73639800
2016-10-21,184.70944213867188,213.97999572753906,214.0800018310547,212.75999450683594,213.8800048828125,89089100
2016-10-24,185.49493408203125,214.88999938964844,215.32000732421875,214.47999572753906,215.0,60146600
2016-10-25,184.87344360351562,214.1699981689453,214.97999572753906,213.97999572753906,214.67999267578125,66542300
2016-10-26,184.5022735595703,213.74000549316406,214.4199981689453,212.92999267578125,213.2100067138672,75705500
2016-10-27,184.01023864746094,213.1699981689453,214.6199951171875,213.0800018310547,214.5800018310547,77220200
2016-10-28,183.46644592285156,212.5399932861328,213.92999267578125,211.7100067138672,213.13999938964844,140623200
2016-10-31,183.4750213623047,212.5500030517578,213.19000244140625,212.36000061035156,212.92999267578125,61272500
2016-11-01,182.14573669433594,211.00999450683594,212.99000549316406,209.60000610351562,212.92999267578125,122781800
2016-11-02,181.04942321777344,209.74000549316406,211.10000610351562,209.22999572753906,210.64999389648438,103330800
2016-11-03,180.22079467773438,208.77999877929688,210.24000549316406,208.4600067138672,209.99000549316406,88939300
2016-11-04,180.022216796875,208.5500030517578,209.88999938964844,208.3800048828125,208.91000366210938,109122100
2016-11-07,183.99298095703125,213.14999389648438,213.19000244140625,208.5500030517578,208.5500030517578,109794900
2016-11-08,184.82167053222656,214.11000061035156,214.77000427246094,212.3800048828125,212.69000244140625,106772100
2016-11-09,186.7810821533203,216.3800048828125,217.10000610351562,212.33999633789062,212.3699951171875,258429000
2016-11-10,187.24729919433594,216.9199981689453,218.30999755859375,215.22000122070312,217.3000030517578,172113300
2016-11-11,186.815673828125,216.4199981689453,216.6999969482422,215.32000732421875,216.0800018310547,100552700
2016-11-14,186.96238708496094,216.58999633789062,217.27000427246094,215.72000122070312,217.02999877929688,94580000
2016-11-15,188.42124938964844,218.27999877929688,218.27999877929688,216.8000030517578,217.0399932861328,91652600
2016-11-16,188.06727600097656,217.8699951171875,218.13999938964844,217.4199981689453,217.55999755859375,65617700
2016-11-17,189.0341339111328,218.99000549316406,219.05999755859375,217.9199981689453,218.0500030517578,69797200
2016-11-18,188.6111297607422,218.5,219.27000427246094,218.2899932861328,219.07000732421875,86265800
2016-11-21,190.03541564941406,220.14999389648438,220.17999267578125,219.0,219.1699981689453,72402600
2016-11-22,190.40663146972656,220.5800018310547,220.7899932861328,219.72999572753906,220.50999450683594,67429000
2016-11-23,190.51023864746094,220.6999969482422,220.75999450683594,219.75,219.97999572753906,56620200
2016-11-25,191.21800231933594,221.52000427246094,221.55999755859375,221.00999450683594,221.10000610351562,37872300
2016-11-28,190.3202667236328,220.47999572753906,221.47999572753906,220.36000061035156,221.16000366210938,76572500
2016-11-29,190.69151306152344,220.91000366210938,221.44000244140625,220.1699981689453,220.52000427246094,69886700
2016-11-30,190.2339630126953,220.3800048828125,221.82000732421875,220.30999755859375,221.6300048828125,113291800
2016-12-01,189.53477478027344,219.57000732421875,220.72999572753906,219.14999389648438,220.72999572753906,79040500
2016-12-02,189.62969970703125,219.67999267578125,220.25,219.25999450683594,219.6699981689453,74840300
2016-12-05,190.7691192626953,221.0,221.39999389648438,220.4199981689453,220.64999389648438,67837800
2016-12-06,191.3733673095703,221.6999969482422,221.74000549316406,220.66000366210938,221.22000122070312,59877400
2016-12-07,193.87672424316406,224.60000610351562,224.6699981689453,221.3800048828125,221.52000427246094,110738100
2016-12-08,194.3514862060547,225.14999389648438,225.6999969482422,224.25999450683594,224.57000732421875,99714400
2016-12-09,195.52542114257812,226.50999450683594,226.52999877929688,225.3699951171875,225.41000366210938,88005800
2016-12-12,195.30101013183594,226.25,226.9600067138672,225.75999450683594,226.39999389648438,102016100
2016-12-13,196.6044464111328,227.75999450683594,228.33999633789062,227.0,227.02000427246094,110477500
2016-12-14,194.9816436767578,225.8800048828125,228.22999572753906,225.3699951171875,227.41000366210938,142501800
2016-12-15,195.78443908691406,226.80999755859375,227.80999755859375,225.88999938964844,226.16000366210938,124972600
2016-12-16,195.4014434814453,225.0399932861328,226.0800018310547,224.6699981689453,226.00999450683594,156420200
2016-12-19,195.8269805908203,225.52999877929688,226.02000427246094,225.0800018310547,225.25,90341100
2016-12-20,196.58242797851562,226.39999389648438,226.57000732421875,225.8800048828125,226.14999389648438,89838800
2016-12-21,196.0353546142578,225.77000427246094,226.4499969482422,225.77000427246094,226.25,67909000
2016-12-22,195.69671630859375,225.3800048828125,225.74000549316406,224.9199981689453,225.60000610351562,56219100
2016-12-23,195.9832000732422,225.7100067138672,225.72000122070312,225.2100067138672,225.42999267578125,36697800
2016-12-27,196.46949768066406,226.27000427246094,226.72999572753906,226.0,226.02000427246094,42672500
2016-12-28,194.84573364257812,224.39999389648438,226.58999633789062,224.27000427246094,226.57000732421875,64095000
2016-12-29,194.8023681640625,224.35000610351562,224.88999938964844,223.83999633789062,224.47999572753906,48696100
2016-12-30,194.09034729003906,223.52999877929688,224.8300018310547,222.72999572753906,224.72999572753906,108998300
2017-01-03,195.57516479492188,225.24000549316406,225.8300018310547,223.8800048828125,225.0399932861328,91366500
2017-01-04,196.7386474609375,226.5800018310547,226.75,225.61000061035156,225.6199951171875,78744400
2017-01-05,196.58242797851562,226.39999389648438,226.5800018310547,225.47999572753906,226.27000427246094,78379000
2017-01-06,197.2856903076172,227.2100067138672,227.75,225.89999389648438,226.52999877929688,71559900
2017-01-09,196.6344757080078,226.4600067138672,227.07000732421875,226.4199981689453,226.91000366210938,46939700
2017-01-10,196.6344757080078,226.4600067138672,227.4499969482422,226.00999450683594,226.47999572753906,63771900
2017-01-11,197.190185546875,227.10000610351562,227.10000610351562,225.58999633789062,226.36000061035156,74650000
2017-01-12,196.6952667236328,226.52999877929688,226.75,224.9600067138672,226.5,72113200
2017-01-13,197.146728515625,227.0500030517578,227.39999389648438,226.69000244140625,226.72999572753906,62717900
2017-01-17,196.45213317871094,226.25,226.77999877929688,225.8000030517578,226.30999755859375,61240800
2017-01-18,196.88624572753906,226.75,226.8000030517578,225.89999389648438,226.5399932861328,54793300
2017-01-19,196.15687561035156,225.91000366210938,227.0,225.41000366210938,226.83999633789062,66608800
2017-01-20,196.87759399414062,226.74000549316406,227.30999755859375,225.97000122070312,226.6999969482422,129168600
2017-01-23,196.36532592773438,226.14999389648438,226.80999755859375,225.27000427246094,226.74000549316406,75061600
2017-01-24,197.62435913085938,227.60000610351562,228.0800018310547,226.27000427246094,226.39999389648438,95555300
2017-01-25,199.33485412597656,229.57000732421875,229.57000732421875,228.50999450683594,228.6999969482422,84437700
2017-01-26,199.12644958496094,229.3300018310547,229.7100067138672,229.00999450683594,229.39999389648438,59970700
2017-01-27,198.81390380859375,228.97000122070312,229.58999633789062,228.75999450683594,229.4199981689453,59711100
2017-01-30,197.58091735839844,227.5500030517578,228.1999969482422,226.41000366210938,228.1699981689453,79737300
2017-01-31,197.56353759765625,227.52999877929688,227.60000610351562,226.32000732421875,226.97999572753906,75880800
2017-02-01,197.6416473388672,227.6199951171875,228.58999633789062,226.94000244140625,227.52999877929688,79117700
2017-02-02,197.7719268798828,227.77000427246094,228.10000610351562,226.82000732421875,227.6199951171875,69657600
2017-02-03,199.13514709472656,229.33999633789062,229.5500030517578,228.4600067138672,228.82000732421875,80563200
2017-02-06,198.7791748046875,228.92999267578125,229.3300018310547,228.5399932861328,228.8699951171875,57790100
2017-02-07,198.7878875732422,228.94000244140625,229.66000366210938,228.72000122070312,229.3800048828125,57931200
2017-02-08,199.04830932617188,229.24000549316406,229.38999938964844,228.30999755859375,228.94000244140625,51566200
2017-02-09,200.2292022705078,230.60000610351562,230.9499969482422,229.24000549316406,229.24000549316406,65955200
2017-02-10,201.0193328857422,231.50999450683594,231.77000427246094,230.6199951171875,231.0,66015900
2017-02-13,202.1134033203125,232.77000427246094,233.07000732421875,232.0500030517578,232.0800018310547,55182100
2017-02-14,202.9209442138672,233.6999969482422,233.7100067138672,232.16000366210938,232.55999755859375,71109000
2017-02-15,203.9802703857422,234.9199981689453,235.13999938964844,233.38999938964844,233.4499969482422,86785800
2017-02-16,203.8065948486328,234.72000122070312,235.16000366210938,233.85000610351562,234.9499969482422,84722400
2017-02-17,204.12786865234375,235.08999633789062,235.08999633789062,233.92999267578125,233.9499969482422,77204100
2017-02-21,205.34349060058594,236.49000549316406,236.69000244140625,235.50999450683594,235.52000427246094,88946100
2017-02-22,205.16114807128906,236.27999877929688,236.5399932861328,235.8300018310547,236.02000427246094,62115200
2017-02-23,205.3000946044922,236.44000244140625,236.89999389648438,235.55999755859375,236.8800048828125,74615900
2017-02-24,205.560546875,236.74000549316406,236.7899932861328,235.41000366210938,235.4600067138672,82381600
2017-02-27,205.88182067871094,237.11000061035156,237.30999755859375,236.35000610351562,236.63999938964844,56515400
2017-02-28,205.3261260986328,236.47000122070312,236.9499969482422,236.02000427246094,236.6699981689453,96961900
2017-03-01,208.20018005371094,239.77999877929688,240.32000732421875,238.3699951171875,238.38999938964844,149158200
2017-03-02,206.88905334472656,238.27000427246094,239.57000732421875,238.2100067138672,239.55999755859375,70246000
2017-03-03,207.01927185058594,238.4199981689453,238.61000061035156,237.72999572753906,238.1699981689453,81974300
2017-03-06,206.40283203125,237.7100067138672,238.1199951171875,237.00999450683594,237.5,55391500
2017-03-07,205.7863311767578,237.0,237.77000427246094,236.75999450683594,237.36000061035156,65103700
2017-03-08,205.40426635742188,236.55999755859375,237.63999938964844,236.39999389648438,237.33999633789062,78168800
2017-03-09,205.6647491455078,236.86000061035156,237.24000549316406,235.74000549316406,236.6999969482422,90683900
2017-03-10,206.3854522705078,237.69000244140625,238.02000427246094,236.58999633789062,237.97000122070312,81991700
2017-03-13,206.48959350585938,237.80999755859375,237.86000061035156,237.24000549316406,237.6199951171875,57256800
2017-03-14,205.69943237304688,236.89999389648438,237.24000549316406,236.19000244140625,237.17999267578125,59880800
2017-03-15,207.4794921875,238.9499969482422,239.44000244140625,237.2899932861328,237.55999755859375,96081800
2017-03-16,207.07142639160156,238.47999572753906,239.1999969482422,238.10000610351562,239.11000061035156,78344000
2017-03-17,206.70773315429688,237.02999877929688,237.97000122070312,237.02999877929688,237.75,89002100
2017-03-20,206.4810028076172,236.77000427246094,237.36000061035156,236.32000732421875,237.02999877929688,52537000
2017-03-21,203.8298797607422,233.72999572753906,237.61000061035156,233.5800018310547,237.47000122070312,131809300
2017-03-22,204.3095245361328,234.27999877929688,234.61000061035156,233.0500030517578,233.77000427246094,97569200
2017-03-23,204.0915069580078,234.02999877929688,235.33999633789062,233.60000610351562,234.27999877929688,100410300
2017-03-24,203.9432830810547,233.86000061035156,235.0399932861328,232.9600067138672,234.3800048828125,112504900
2017-03-27,203.7339630126953,233.6199951171875,233.9199981689453,231.61000061035156,231.92999267578125,87454500
2017-03-28,205.21649169921875,235.32000732421875,235.80999755859375,233.13999938964844,233.27000427246094,93483900
2017-03-29,205.40834045410156,235.5399932861328,235.80999755859375,234.72999572753906,234.99000549316406,61950400
2017-03-30,206.06239318847656,236.2899932861328,236.52000427246094,235.27000427246094,235.47000122070312,56737900
2017-03-31,205.58279418945312,235.74000549316406,236.50999450683594,235.67999267578125,235.89999389648438,73733100
2017-04-03,205.22520446777344,235.3300018310547,236.02999877929688,233.91000366210938,235.8000030517578,85546500
2017-04-04,205.35604858398438,235.47999572753906,235.5800018310547,234.55999755859375,235.0,56466200
2017-04-05,204.74559020996094,234.77999877929688,237.38999938964844,234.5399932861328,236.25999450683594,108800600
2017-04-06,205.32115173339844,235.44000244140625,236.0399932861328,234.42999267578125,234.94000244140625,69135800
2017-04-07,205.11180114746094,235.1999969482422,236.0,234.63999938964844,235.14999389648438,74412300
2017-04-10,205.23394775390625,235.33999633789062,236.25999450683594,234.72999572753906,235.36000061035156,67615300
2017-04-11,204.98974609375,235.05999755859375,235.17999267578125,233.33999633789062,234.89999389648438,88045300
2017-04-12,204.0915069580078,234.02999877929688,234.9600067138672,233.77000427246094,234.74000549316406,81864400
2017-04-13,202.76597595214844,232.50999450683594,234.49000549316406,232.50999450683594,233.63999938964844,92880400
2017-04-17,204.56240844726562,234.57000732421875,234.57000732421875,232.8800048828125,233.11000061035156,68405400
2017-04-18,203.9520263671875,233.8699951171875,234.49000549316406,233.0800018310547,233.72000122070312,83225800
2017-04-19,203.57704162597656,233.44000244140625,234.9499969482422,233.17999267578125,234.52000427246094,68699900
2017-04-20,205.23394775390625,235.33999633789062,235.85000610351562,233.77999877929688,234.14999389648438,92572200
2017-04-21,204.57986450195312,234.58999633789062,235.30999755859375,234.1300048828125,235.25,110389800
2017-04-24,206.82984924316406,237.1699981689453,237.41000366210938,234.55999755859375,237.17999267578125,119209900
2017-04-25,208.0332794189453,238.5500030517578,238.9499969482422,237.80999755859375,237.91000366210938,76698300
2017-04-26,207.90249633789062,238.39999389648438,239.52999877929688,238.35000610351562,238.50999450683594,84702500
2017-04-27,208.07693481445312,238.60000610351562,238.9499969482422,237.97999572753906,238.77000427246094,57410300
2017-04-28,207.6234130859375,238.0800018310547,238.92999267578125,237.92999267578125,238.89999389648438,63532800
2017-05-01,208.14662170410156,238.67999267578125,239.1699981689453,238.1999969482422,238.67999267578125,66882500
2017-05-02,208.2251739501953,238.77000427246094,238.97999572753906,238.3000030517578,238.83999633789062,57375700
2017-05-03,207.97225952148438,238.47999572753906,238.8800048828125,237.6999969482422,238.77000427246094,73137700
2017-05-04,208.21646118164062,238.75999450683594,238.9199981689453,237.77999877929688,238.8300018310547,61462700
2017-05-05,209.0361785888672,239.6999969482422,239.72000122070312,238.67999267578125,239.19000244140625,62001300
2017-05-08,209.00131225585938,239.66000366210938,239.9199981689453,239.1699981689453,239.75,48385700
2017-05-09,208.8094482421875,239.44000244140625,240.19000244140625,239.0399932861328,239.9600067138672,51363200
2017-05-10,209.18443298339844,239.8699951171875,239.8699951171875,239.14999389648438,239.38999938964844,54293800
2017-05-11,208.7571258544922,239.3800048828125,239.57000732421875,238.1300048828125,239.35000610351562,62358300
2017-05-12,208.4082489013672,238.97999572753906,239.42999267578125,238.6699981689453,239.08999633789062,53912700
2017-05-15,209.55941772460938,240.3000030517578,240.44000244140625,239.4499969482422,239.47000122070312,61918900
2017-05-16,209.36758422851562,240.0800018310547,240.6699981689453,239.6300048828125,240.63999938964844,51241800
2017-05-17,205.65252685546875,235.82000732421875,240.0800018310547,235.75,240.0800018310547,172174100
2017-05-18,206.4810028076172,236.77000427246094,237.75,235.42999267578125,235.72999572753906,107047700
2017-05-19,207.823974609375,238.30999755859375,239.0800018310547,237.27000427246094,237.3300018310547,115011400
2017-05-22,208.8791961669922,239.52000427246094,239.7100067138672,238.82000732421875,238.89999389648438,61010600
2017-05-23,209.3413848876953,240.0500030517578,240.24000549316406,239.50999450683594,239.9499969482422,48341700
2017-05-24,209.82977294921875,240.61000061035156,240.72999572753906,239.92999267578125,240.32000732421875,46927700
2017-05-25,210.83262634277344,241.75999450683594,242.0800018310547,240.9600067138672,241.1999969482422,64071700
2017-05-26,210.78904724121094,241.7100067138672,241.89999389648438,241.4499969482422,241.5399932861328,46629900
2017-05-30,210.6059112548828,241.5,241.7899932861328,241.16000366210938,241.33999633789062,35201900
2017-05-31,210.55355834960938,241.44000244140625,241.8800048828125,240.63999938964844,241.83999633789062,91796000
2017-06-01,212.2279510498047,243.36000061035156,243.3800048828125,241.63999938964844,241.97000122070312,68962000
2017-06-02,212.93434143066406,244.1699981689453,244.35000610351562,243.0800018310547,243.4199981689453,88666100
2017-06-05,212.7774200439453,243.99000549316406,244.3000030517578,243.75999450683594,243.97000122070312,44698800
2017-06-06,212.09718322753906,243.2100067138672,243.97999572753906,243.1199951171875,243.33999633789062,50375400
2017-06-07,212.48956298828125,243.66000366210938,243.9199981689453,242.8300018310547,243.60000610351562,54144300
2017-06-08,212.59426879882812,243.77999877929688,244.3300018310547,243.1699981689453,243.77000427246094,65950700
2017-06-09,212.2715606689453,243.41000366210938,245.00999450683594,241.9499969482422,244.08999633789062,132256400
2017-06-12,212.2279510498047,243.36000061035156,243.4199981689453,242.3800048828125,243.1300048828125,86108100
2017-06-13,213.26571655273438,244.5500030517578,244.61000061035156,243.5800018310547,243.97999572753906,60067000
2017-06-14,212.99537658691406,244.24000549316406,244.8699951171875,243.2899932861328,244.86000061035156,78602300
2017-06-15,212.58554077148438,243.77000427246094,243.91000366210938,242.36000061035156,242.67999267578125,66464900
2017-06-16,212.63194274902344,242.63999938964844,242.8300018310547,241.6300048828125,242.77000427246094,84553100
2017-06-19,214.4021453857422,244.66000366210938,244.72999572753906,243.47999572753906,243.58999633789062,65123800
2017-06-20,212.95623779296875,243.00999450683594,244.25999450683594,242.99000549316406,244.25,56906400
2017-06-21,212.9036407470703,242.9499969482422,243.58999633789062,242.41000366210938,243.4600067138672,55977600
2017-06-22,212.80722045898438,242.83999633789062,243.52999877929688,242.63999938964844,242.9600067138672,44148100
2017-06-23,213.06138610839844,243.1300048828125,243.50999450683594,242.47000122070312,242.91000366210938,66986800
2017-06-26,213.20159912109375,243.2899932861328,244.3800048828125,243.0500030517578,243.89999389648438,56700500
2017-06-27,211.48394775390625,241.3300018310547,243.3800048828125,241.30999755859375,243.0399932861328,82247700
2017-06-28,213.37689208984375,243.49000549316406,243.72000122070312,242.22999572753906,242.5,70042600
2017-06-29,211.5015411376953,241.35000610351562,243.72000122070312,239.9600067138672,243.66000366210938,106949700
2017-06-30,211.8958740234375,241.8000030517578,242.7100067138672,241.5800018310547,242.27999877929688,86820700
2017-07-03,212.25515747070312,242.2100067138672,243.3800048828125,242.2100067138672,242.8800048828125,39153800
2017-07-05,212.74591064453125,242.77000427246094,243.00999450683594,241.6999969482422,242.6300048828125,54427600
2017-07-06,210.8004608154297,240.5500030517578,242.02999877929688,240.33999633789062,241.88999938964844,65400800
2017-07-07,212.16749572753906,242.11000061035156,242.27999877929688,240.55999755859375,241.2100067138672,57972300
2017-07-10,212.39532470703125,242.3699951171875,242.8000030517578,241.75999450683594,242.11000061035156,36663300
2017-07-11,212.23760986328125,242.19000244140625,242.5500030517578,240.85000610351562,242.3699951171875,50354600
2017-07-12,213.83251953125,244.00999450683594,244.1999969482422,243.3000030517578,243.3000030517578,59610400
2017-07-13,214.1918182373047,244.4199981689453,244.5500030517578,243.75999450683594,244.02000427246094,39471600
2017-07-14,215.1908416748047,245.55999755859375,245.97000122070312,244.30999755859375,244.4199981689453,60262700
2017-07-17,215.16455078125,245.52999877929688,245.91000366210938,245.3300018310547,245.47000122070312,33531900
2017-07-18,215.2784881591797,245.66000366210938,245.72000122070312,244.6699981689453,245.05999755859375,42742500
2017-07-19,216.44400024414062,246.99000549316406,247.0,246.00999450683594,246.02000427246094,51034300
2017-07-20,216.54042053222656,247.10000610351562,247.4199981689453,246.47000122070312,247.27999877929688,47135200
2017-07-21,216.3476104736328,246.8800048828125,246.91000366210938,246.17999267578125,246.44000244140625,82340800
2017-07-24,216.2950439453125,246.82000732421875,246.97999572753906,246.27999877929688,246.7899932861328,46622300
2017-07-25,216.82078552246094,247.4199981689453,247.8000030517578,247.16000366210938,247.67999267578125,54915600
2017-07-26,216.82955932617188,247.42999267578125,247.7899932861328,247.1300048828125,247.75,47575400
2017-07-27,216.62802124023438,247.1999969482422,248.0,245.67999267578125,247.9600067138672,70766600
2017-07-28,216.37393188476562,246.91000366210938,247.05999755859375,246.1300048828125,246.64999389648438,50088400
2017-07-31,216.25119018554688,246.77000427246094,247.47999572753906,246.52999877929688,247.3699951171875,65838700
2017-08-01,216.7332305908203,247.32000732421875,247.5,246.72000122070312,247.4600067138672,55050400
2017-08-02,216.83837890625,247.44000244140625,247.60000610351562,246.3699951171875,247.47000122070312,47211200
2017-08-03,216.41773986816406,246.9600067138672,247.33999633789062,246.63999938964844,247.30999755859375,40856000
2017-08-04,216.81207275390625,247.41000366210938,247.7899932861328,246.97000122070312,247.52000427246094,60191800
2017-08-07,217.21517944335938,247.8699951171875,247.8699951171875,247.3699951171875,247.49000549316406,31995000
2017-08-08,216.68055725097656,247.25999450683594,248.91000366210938,246.8300018310547,247.50999450683594,61719400
2017-08-09,216.67181396484375,247.25,247.30999755859375,246.05999755859375,246.47000122070312,62632600
2017-08-10,213.6134490966797,243.75999450683594,246.44000244140625,243.6999969482422,246.2899932861328,120479500
2017-08-11,213.9289093017578,244.1199951171875,244.8000030517578,243.75,244.02000427246094,74869900
2017-08-14,216.04962158203125,246.5399932861328,246.7899932861328,245.5500030517578,245.58999633789062,73291900
2017-08-15,216.0233154296875,246.50999450683594,247.0,246.16000366210938,246.97999572753906,55242700
2017-08-16,216.40017700195312,246.94000244140625,247.57000732421875,246.4499969482422,247.11000061035156,56715500
2017-08-17,213.02626037597656,243.08999633789062,246.60000610351562,243.08999633789062,246.24000549316406,128490400
2017-08-18,212.6933135986328,242.7100067138672,244.19000244140625,242.1999969482422,242.89999389648438,136748000
2017-08-21,212.85977172851562,242.89999389648438,243.1999969482422,241.8300018310547,242.63999938964844,65469700
2017-08-22,215.08572387695312,245.44000244140625,245.6199951171875,243.5500030517578,243.57000732421875,63140100
2017-08-23,214.31451416015625,244.55999755859375,245.0500030517578,244.16000366210938,244.3300018310547,50203800
2017-08-24,213.8150634765625,243.99000549316406,245.17999267578125,243.75,245.0,50741700
2017-08-25,214.31451416015625,244.55999755859375,245.61000061035156,244.38999938964844,244.89999389648438,64445900
2017-08-28,214.3232879638672,244.57000732421875,245.1999969482422,244.08999633789062,245.1699981689453,40565600
2017-08-29,214.5686492919922,244.85000610351562,245.14999389648438,242.92999267578125,243.05999755859375,51135700
2017-08-30,215.58518981933594,246.00999450683594,246.32000732421875,244.6199951171875,244.8300018310547,62030800
2017-08-31,216.88217163085938,247.49000549316406,247.77000427246094,246.0500030517578,246.72000122070312,103803900
2017-09-01,217.18885803222656,247.83999633789062,248.3300018310547,247.6699981689453,247.9199981689453,62007000
2017-09-05,215.6289825439453,246.05999755859375,247.52000427246094,244.9499969482422,247.25999450683594,91398800
2017-09-06,216.36512756347656,246.89999389648438,247.27999877929688,246.22999572753906,246.83999633789062,57916900
2017-09-07,216.33885192871094,246.8699951171875,247.27000427246094,246.39999389648438,247.25,58034700
2017-09-08,216.08470153808594,246.5800018310547,247.11000061035156,246.3000030517578,246.5399932861328,63832800
2017-09-11,218.3894500732422,249.2100067138672,249.3000030517578,248.02000427246094,248.0399932861328,71364800
2017-09-12,219.12557983398438,250.0500030517578,250.08999633789062,249.4199981689453,249.6300048828125,56896000
2017-09-13,219.23069763183594,250.1699981689453,250.2100067138672,249.58999633789062,249.72000122070312,59228000
2017-09-14,219.1605987548828,250.08999633789062,250.32000732421875,249.60000610351562,249.8000030517578,95446300
2017-09-15,219.45559692382812,249.19000244140625,249.2899932861328,248.57000732421875,248.69000244140625,95432400
2017-09-18,219.9224090576172,249.72000122070312,250.1199951171875,249.27999877929688,249.61000061035156,46235200
2017-09-19,220.14254760742188,249.97000122070312,250.07000732421875,249.60000610351562,250.0,47108100
2017-09-20,220.22183227539062,250.05999755859375,250.19000244140625,248.9199981689453,250.07000732421875,59574100
2017-09-21,219.6317901611328,249.38999938964844,249.97999572753906,249.19000244140625,249.8800048828125,48211400
2017-09-22,219.67579650878906,249.44000244140625,249.6300048828125,249.02000427246094,249.0500030517578,51214000
2017-09-25,219.22666931152344,248.92999267578125,249.5500030517578,248.0800018310547,249.14999389648438,57064400
2017-09-26,219.3587646484375,249.0800018310547,249.6999969482422,248.80999755859375,249.4199981689453,54082000
2017-09-27,220.2130126953125,250.0500030517578,250.49000549316406,248.8699951171875,249.8800048828125,81001400
2017-09-28,220.4772186279297,250.35000610351562,250.44000244140625,249.6300048828125,249.72999572753906,44778800
2017-09-29,221.2522430419922,251.22999572753906,251.32000732421875,250.1300048828125,250.33999633789062,85578000
2017-10-02,222.21217346191406,252.32000732421875,252.32000732421875,251.2899932861328,251.49000549316406,59023000
2017-10-03,222.6876983642578,252.86000061035156,252.88999938964844,252.22999572753906,252.32000732421875,66810200
2017-10-04,222.9519500732422,253.16000366210938,253.44000244140625,252.55999755859375,252.69000244140625,55953600
2017-10-05,224.27293395996094,254.66000366210938,254.67999267578125,253.1999969482422,253.5399932861328,63522800
2017-10-06,224.0175018310547,254.3699951171875,254.6999969482422,253.85000610351562,254.14999389648438,80646000
2017-10-09,223.6476593017578,253.9499969482422,254.6999969482422,253.64999389648438,254.6300048828125,35803100
2017-10-10,224.23773193359375,254.6199951171875,255.0500030517578,253.97999572753906,254.60000610351562,43057400
2017-10-11,224.58998107910156,255.02000427246094,255.02000427246094,254.32000732421875,254.50999450683594,47674300
2017-10-12,224.25535583496094,254.63999938964844,255.05999755859375,254.3699951171875,254.66000366210938,47065100
2017-10-13,224.52833557128906,254.9499969482422,255.27000427246094,254.63999938964844,255.13999938964844,54800400
2017-10-16,224.82778930664062,255.2899932861328,255.50999450683594,254.82000732421875,255.2100067138672,38221700
2017-10-17,224.98629760742188,255.47000122070312,255.52000427246094,254.97999572753906,255.22999572753906,31561000
2017-10-18,225.2064666748047,255.72000122070312,255.9499969482422,255.5,255.89999389648438,40888300
2017-10-19,225.26808166503906,255.7899932861328,255.8300018310547,254.35000610351562,254.8300018310547,61903800
2017-10-20,226.43055725097656,257.1099853515625,257.1400146484375,255.77000427246094,256.70001220703125,89176400
2017-10-23,225.5498504638672,256.1099853515625,257.510009765625,256.0199890136719,257.4800109863281,63915300
2017-10-24,225.9462127685547,256.55999755859375,256.8299865722656,256.1499938964844,256.6000061035156,66935900
2017-10-25,224.82778930664062,255.2899932861328,256.30999755859375,254.0,256.17999267578125,103715300
2017-10-26,225.1183624267578,255.6199951171875,256.29998779296875,255.47999572753906,255.99000549316406,69798000
2017-10-27,226.95896911621094,257.7099914550781,257.8900146484375,255.6300048828125,256.4700012207031,85562500
2017-10-30,226.113525390625,256.75,257.6000061035156,256.4100036621094,256.4700012207031,54285700
2017-10-31,226.46583557128906,257.1499938964844,257.44000244140625,256.80999755859375,257.17999267578125,60304800
2017-11-01,226.7652130126953,257.489990234375,258.42999267578125,257.07000732421875,258.0400085449219,54202700
2017-11-02,226.85333251953125,257.5899963378906,257.75,256.19000244140625,257.4100036621094,56449500
2017-11-03,227.6107177734375,258.45001220703125,258.5,257.29998779296875,257.7699890136719,59589700
2017-11-06,227.96299743652344,258.8500061035156,259.0,258.2200012207031,258.29998779296875,49652600
2017-11-07,227.80447387695312,258.6700134277344,259.3500061035156,258.0899963378906,258.9700012207031,57502200
2017-11-08,228.19190979003906,259.1099853515625,259.2200012207031,258.1499938964844,258.4700012207031,50469600
2017-11-09,227.36412048339844,258.1700134277344,258.3900146484375,256.3599853515625,257.7300109863281,95085500
2017-11-10,227.29367065429688,258.0899963378906,258.2900085449219,257.3699951171875,257.7300109863281,59984700
2017-11-13,227.50503540039062,258.3299865722656,258.5899963378906,257.2699890136719,257.30999755859375,50228600
2017-11-14,226.9766082763672,257.7300109863281,257.8500061035156,256.5199890136719,257.4100036621094,61315200
2017-11-15,225.84054565429688,256.44000244140625,257.2200012207031,255.6300048828125,256.6199951171875,80811500
2017-11-16,227.7604217529297,258.6199951171875,259.0400085449219,257.4700012207031,257.5199890136719,67777000
2017-11-17,227.09107971191406,257.8599853515625,258.5899963378906,257.7699890136719,258.2200012207031,75756800
2017-11-20,227.47860717773438,258.29998779296875,258.5199890136719,257.8599853515625,258.1400146484375,48075500
2017-11-21,228.96694946289062,259.989990234375,260.20001220703125,258.260009765625,259.17999267578125,69176800
2017-11-22,228.76441955566406,259.760009765625,260.1499938964844,259.57000732421875,260.0,45033400
2017-11-24,229.2927703857422,260.3599853515625,260.4800109863281,260.1600036621094,260.32000732421875,27856500
2017-11-27,229.17828369140625,260.2300109863281,260.75,260.0,260.4100036621094,52274900
2017-11-28,231.50331115722656,262.8699951171875,262.8999938964844,260.6499938964844,260.760009765625,98971700
2017-11-29,231.36241149902344,262.7099914550781,263.6300048828125,262.20001220703125,263.0199890136719,77512100
2017-11-30,233.3879852294922,265.010009765625,266.04998779296875,263.6700134277344,263.760009765625,127894400
2017-12-01,232.90353393554688,264.4599914550781,265.30999755859375,260.760009765625,264.760009765625,164390900
2017-12-04,232.62179565429688,264.1400146484375,266.79998779296875,264.0799865722656,266.30999755859375,94040600
2017-12-05,231.78506469726562,263.19000244140625,265.1499938964844,263.0400085449219,263.19000244140625,77994500
2017-12-06,231.8291015625,263.239990234375,263.7300109863281,262.7099914550781,263.29998779296875,75898600
2017-12-07,232.56005859375,264.07000732421875,264.42999267578125,262.94000244140625,264.07000732421875,77218600
2017-12-08,233.8282470703125,265.510009765625,265.5199890136719,264.0299987792969,265.1600036621094,76563900
2017-12-11,234.5327911376953,266.30999755859375,266.3800048828125,265.4800109863281,266.30999755859375,83077500
2017-12-12,234.94677734375,266.7799987792969,267.32000732421875,266.3500061035156,267.2099914550781,85195800
2017-12-13,234.9203338623047,266.75,267.55999755859375,266.6499938964844,267.05999755859375,102905400
2017-12-14,233.96038818359375,265.6600036621094,267.2200012207031,265.6000061035156,267.0899963378906,100666700
2017-12-15,235.90870666503906,266.510009765625,267.0400085449219,265.3900146484375,265.45001220703125,144610300
2017-12-18,237.40463256835938,268.20001220703125,268.6000061035156,267.9800109863281,268.1000061035156,83653600
2017-12-19,236.4928741455078,267.1700134277344,268.5299987792969,267.0899963378906,268.4800109863281,82382900
2017-12-20,236.3689422607422,267.0299987792969,268.3299865722656,266.69000244140625,268.2699890136719,76751500
2017-12-21,236.85577392578125,267.5799865722656,268.3900146484375,267.29998779296875,267.739990234375,67032300
2017-12-22,236.79385375976562,267.510009765625,267.6400146484375,266.8999938964844,267.6000061035156,78720900
2017-12-26,236.5105743408203,267.19000244140625,267.44000244140625,266.8900146484375,267.04998779296875,45244400
2017-12-27,236.62557983398438,267.32000732421875,267.7300109863281,267.010009765625,267.3800048828125,57751000
2017-12-28,237.1124725341797,267.8699951171875,267.9200134277344,267.45001220703125,267.8900146484375,45116100
2017-12-29,236.21844482421875,266.8599853515625,268.54998779296875,266.6400146484375,268.5299987792969,96007400
2018-01-02,237.90911865234375,268.7699890136719,268.80999755859375,267.3999938964844,267.8399963378906,86655700
2018-01-03,239.41395568847656,270.4700012207031,270.6400146484375,268.9599914550781,268.9599914550781,90070400
2018-01-04,240.42308044433594,271.6099853515625,272.1600036621094,270.5400085449219,271.20001220703125,80636400
2018-01-05,242.0252227783203,273.4200134277344,273.55999755859375,271.95001220703125,272.510009765625,83524000
2018-01-08,242.4678497314453,273.9200134277344,274.1000061035156,272.9800109863281,273.30999755859375,57319200
2018-01-09,243.01666259765625,274.5400085449219,275.25,274.0799865722656,274.3999938964844,57254000
2018-01-10,242.6448211669922,274.1199951171875,274.4200134277344,272.9200134277344,273.67999267578125,69574300
2018-01-11,244.41517639160156,276.1199951171875,276.1199951171875,274.55999755859375,274.75,62361500
2018-01-12,246.00852966308594,277.9200134277344,278.1099853515625,276.0799865722656,276.4200134277344,90816100
2018-01-16,245.16754150390625,276.9700012207031,280.0899963378906,276.17999267578125,279.3500061035156,106555100
2018-01-17,247.50442504882812,279.6099853515625,280.04998779296875,276.9700012207031,278.0299987792969,113258800
2018-01-18,247.0884246826172,279.1400146484375,279.9599914550781,278.5799865722656,279.4800109863281,100728000
2018-01-19,248.21258544921875,280.4100036621094,280.4100036621094,279.1400146484375,279.79998779296875,140920100
2018-01-22,250.23089599609375,282.69000244140625,282.69000244140625,280.1099853515625,280.1700134277344,91322400
2018-01-23,250.7619171142578,283.2900085449219,283.6199951171875,282.3699951171875,282.739990234375,97084700
2018-01-24,250.66456604003906,283.17999267578125,284.70001220703125,281.8399963378906,284.0199890136719,134816100
2018-01-25,250.77078247070312,283.29998779296875,284.2699890136719,282.3999938964844,284.1600036621094,84587300
2018-01-26,253.67416381835938,286.5799865722656,286.6300048828125,283.9599914550781,284.25,107743100
2018-01-29,251.9923095703125,284.67999267578125,286.42999267578125,284.5,285.92999267578125,90118300
2018-01-30,249.4075927734375,281.760009765625,284.739990234375,281.2200012207031,282.6000061035156,131796400
2018-01-31,249.5314483642578,281.8999938964844,283.29998779296875,280.67999267578125,282.7300109863281,108364800
2018-02-01,249.2482147216797,281.5799865722656,283.05999755859375,280.67999267578125,281.07000732421875,90102500
2018-02-02,243.82215881347656,275.45001220703125,280.2300109863281,275.4100036621094,280.0799865722656,173174800
2018-02-05,233.62489318847656,263.92999267578125,275.8500061035156,263.30999755859375,273.45001220703125,294681800
2018-02-06,238.22789001464844,269.1300048828125,269.70001220703125,258.70001220703125,259.94000244140625,355026800
2018-02-07,236.93548583984375,267.6700134277344,272.3599853515625,267.5799865722656,268.5,167376100
2018-02-08,228.0482940673828,257.6300048828125,268.1700134277344,257.5899963378906,268.010009765625,246449500
2018-02-09,231.473876953125,261.5,263.6099853515625,252.9199981689453,260.79998779296875,283565300
2018-02-12,234.8729248046875,265.3399963378906,267.010009765625,261.6600036621094,263.8299865722656,143736000
2018-02-13,235.45716857910156,266.0,266.6199951171875,263.30999755859375,263.9700012207031,81223600
2018-02-14,238.6349639892578,269.5899963378906,270.0,264.29998779296875,264.30999755859375,120735700
2018-02-15,241.6800537109375,273.0299987792969,273.0400085449219,268.7699890136719,271.57000732421875,111200300
2018-02-16,241.7508087158203,273.1099853515625,275.32000732421875,272.2699890136719,272.32000732421875,160420100
2018-02-20,240.23716735839844,271.3999938964844,273.6700134277344,270.5,272.0299987792969,86369700
2018-02-21,239.0421905517578,270.04998779296875,274.7200012207031,269.94000244140625,271.8999938964844,98883700
2018-02-22,239.35195922851562,270.3999938964844,273.04998779296875,269.6400146484375,271.1000061035156,110511300
2018-02-23,243.16712951660156,274.7099914550781,274.7099914550781,271.25,271.7900085449219,92766400
2018-02-26,245.9907684326172,277.8999938964844,278.010009765625,275.260009765625,275.92999267578125,86491400
2018-02-27,242.9192352294922,274.42999267578125,278.9200134277344,274.3599853515625,278.1099853515625,99099200
2018-02-28,240.45851135253906,271.6499938964844,276.19000244140625,271.2900085449219,275.67999267578125,121907800
2018-03-01,236.9620361328125,267.70001220703125,273.1700134277344,266.0,271.4100036621094,176855100
2018-03-02,238.18357849121094,269.0799865722656,269.7200012207031,264.82000732421875,265.79998779296875,139083200
2018-03-05,240.93643188476562,272.19000244140625,272.8900146484375,267.6099853515625,267.7300109863281,97307400
2018-03-06,241.5472412109375,272.8800048828125,273.3900146484375,271.17999267578125,273.29998779296875,79213200
2018-03-07,241.4586639404297,272.7799987792969,273.17999267578125,270.20001220703125,270.4200134277344,87063500
2018-03-08,242.6271209716797,274.1000061035156,274.239990234375,272.4200134277344,273.54998779296875,66901200
2018-03-09,246.84945678710938,278.8699951171875,278.8699951171875,275.3399963378906,275.70001220703125,113625300
2018-03-12,246.53961181640625,278.5199890136719,279.9100036621094,278.0799865722656,279.20001220703125,71924800
2018-03-13,244.94630432128906,276.7200012207031,280.4100036621094,276.0299987792969,279.8399963378906,91968900
2018-03-14,243.68934631347656,275.29998779296875,278.0199890136719,274.6700134277344,277.80999755859375,105895100
2018-03-15,243.4238739013672,275.0,276.6099853515625,274.42999267578125,275.8800048828125,83433000
2018-03-16,243.68780517578125,274.20001220703125,275.3900146484375,274.1400146484375,274.5,100343700
2018-03-19,240.3905487060547,270.489990234375,274.3999938964844,268.6199951171875,273.3500061035156,109208400
2018-03-20,240.79946899414062,270.95001220703125,271.6700134277344,270.17999267578125,270.94000244140625,59757300
2018-03-21,240.33731079101562,270.42999267578125,273.2699890136719,270.19000244140625,270.8999938964844,78709600
2018-03-22,234.3295135498047,263.6700134277344,268.8699951171875,263.3599853515625,267.9100036621094,148785900
2018-03-23,229.33489990234375,258.04998779296875,264.5400085449219,257.8299865722656,264.1700134277344,183534800
2018-03-26,235.60922241210938,265.1099853515625,265.42999267578125,259.4100036621094,262.1300048828125,141956100
2018-03-27,231.6011199951172,260.6000061035156,266.7699890136719,258.8399963378906,266.1700134277344,129941400
2018-03-28,230.9167938232422,259.8299865722656,262.6400146484375,258.5799865722656,260.75,146452300
2018-03-29,233.8673553466797,263.1499938964844,265.260009765625,259.8399963378906,261.1199951171875,111601600
2018-04-02,228.81944274902344,257.4700012207031,263.1300048828125,254.6699981689453,262.54998779296875,186286300
2018-04-03,231.752197265625,260.7699890136719,261.30999755859375,256.8399963378906,258.8699951171875,119956900
2018-04-04,234.23179626464844,263.55999755859375,264.3599853515625,256.6000061035156,256.75,123715300
2018-04-05,236.08029174804688,265.6400146484375,266.6400146484375,264.32000732421875,265.54998779296875,82652600
2018-04-06,230.8190460205078,259.7200012207031,265.1099853515625,258.0,263.4200134277344,179521200
2018-04-09,231.9566192626953,261.0,264.8399963378906,259.94000244140625,261.3699951171875,105442900
2018-04-10,235.6448211669922,265.1499938964844,266.0400085449219,262.9800109863281,264.2699890136719,103529000
2018-04-11,234.40948486328125,263.760009765625,265.6400146484375,263.3900146484375,263.4700012207031,91140200
2018-04-12,236.3379364013672,265.92999267578125,267.0,265.05999755859375,265.260009765625,68890500
2018-04-13,235.6448211669922,265.1499938964844,267.5400085449219,264.010009765625,267.4100036621094,85079200
2018-04-16,237.58226013183594,267.3299865722656,268.20001220703125,266.07000732421875,267.0,63405300
2018-04-17,240.12400817871094,270.19000244140625,270.8699951171875,268.75,269.3299865722656,64682000
2018-04-18,240.30177307128906,270.3900146484375,271.29998779296875,269.8699951171875,270.69000244140625,57303900
2018-04-19,238.96864318847656,268.8900146484375,269.8800048828125,267.7200012207031,269.6499938964844,77655900
2018-04-20,236.94241333007812,266.6099853515625,269.05999755859375,265.6099853515625,268.80999755859375,99953100
2018-04-23,236.9068145751953,266.57000732421875,267.8900146484375,265.3500061035156,267.260009765625,65558000
2018-04-24,233.7163543701172,262.9800109863281,267.9800109863281,261.2799987792969,267.7300109863281,112885500
2018-04-25,234.29403686523438,263.6300048828125,264.1300048828125,260.8500061035156,262.9100036621094,103840900
2018-04-26,236.6757354736328,266.30999755859375,267.25,264.2900085449219,264.7900085449219,67731900
2018-04-27,236.89788818359375,266.55999755859375,267.3399963378906,265.5,267.0,57053600
2018-04-30,235.0760040283203,264.510009765625,267.8900146484375,264.42999267578125,267.260009765625,82182300
2018-05-01,235.49375915527344,264.9800109863281,265.1000061035156,262.1099853515625,263.8699951171875,74203400
2018-05-02,233.91177368164062,263.20001220703125,265.67999267578125,262.760009765625,264.760009765625,86368900
2018-05-03,233.3963623046875,262.6199951171875,263.3599853515625,259.04998779296875,262.260009765625,136311500
2018-05-04,236.4180145263672,266.0199890136719,266.7900085449219,261.1499938964844,261.5199890136719,91222100
2018-05-07,237.21786499023438,266.9200134277344,268.0199890136719,266.1099853515625,266.8900146484375,55304900
2018-05-08,237.21786499023438,266.9200134277344,267.3299865722656,265.1499938964844,266.5,67499200
2018-05-09,239.51071166992188,269.5,269.8699951171875,267.0899963378906,267.67999267578125,59666100
2018-05-10,241.75033569335938,272.0199890136719,272.3900146484375,270.2200012207031,270.3399963378906,72063900
2018-05-11,242.48794555664062,272.8500061035156,273.1499938964844,271.5799865722656,272.1600036621094,59871500
2018-05-14,242.603515625,272.9800109863281,274.0799865722656,272.3599853515625,273.3399963378906,54790600
2018-05-15,240.93275451660156,271.1000061035156,271.6099853515625,270.0299987792969,271.5899963378906,87036100
2018-05-16,241.9458465576172,272.239990234375,272.760009765625,271.1099853515625,271.1400146484375,53942600
2018-05-17,241.741455078125,272.010009765625,273.2300109863281,271.1300048828125,271.94000244140625,56536400
2018-05-18,241.13710021972656,271.3299865722656,272.0299987792969,270.92999267578125,271.6199951171875,64368000
2018-05-21,242.9501495361328,273.3699951171875,273.9800109863281,272.57000732421875,273.010009765625,58025900
2018-05-22,242.2747039794922,272.6099853515625,274.25,272.239990234375,273.9599914550781,52966400
2018-05-23,242.9412841796875,273.3599853515625,273.3900146484375,270.989990234375,271.1700134277344,64694200
2018-05-24,242.4435577392578,272.79998779296875,273.2200012207031,270.7799987792969,272.9100036621094,76043800
2018-05-25,241.8658447265625,272.1499938964844,272.8599853515625,271.5799865722656,272.1499938964844,56374800
2018-05-29,239.08416748046875,269.0199890136719,271.1700134277344,267.760009765625,270.30999755859375,115908600
2018-05-30,242.2747039794922,272.6099853515625,273.1099853515625,270.4200134277344,270.5,69678400
2018-05-31,240.79052734375,270.94000244140625,272.489990234375,270.260009765625,272.1499938964844,93519900
2018-06-01,243.1544952392578,273.6000061035156,273.94000244140625,272.3299865722656,272.4100036621094,71258400
2018-06-04,244.30982971191406,274.8999938964844,275.19000244140625,274.260009765625,274.5299987792969,45385200
2018-06-05,244.48760986328125,275.1000061035156,275.5299987792969,274.17999267578125,275.04998779296875,51135000
2018-06-06,246.53170776367188,277.3999938964844,277.5199890136719,275.0899963378906,275.7900085449219,62732200
2018-06-07,246.50502014160156,277.3699951171875,278.2799987792969,276.3399963378906,277.95001220703125,72969400
2018-06-08,247.23370361328125,278.19000244140625,278.25,276.6600036621094,276.8500061035156,72139700
2018-06-11,247.56260681152344,278.55999755859375,279.3699951171875,278.30999755859375,278.44000244140625,58892500
2018-06-12,247.88247680664062,278.9200134277344,279.3299865722656,278.19000244140625,279.0299987792969,72329000
2018-06-13,247.09156799316406,278.0299987792969,279.4800109863281,277.79998779296875,279.19000244140625,79070600
2018-06-14,247.71365356445312,278.7300109863281,279.3299865722656,278.05999755859375,279.010009765625,77097600
2018-06-15,247.39773559570312,277.1300048828125,277.510009765625,275.3500061035156,276.6000061035156,120041600
2018-06-18,246.8887939453125,276.55999755859375,276.70001220703125,274.95001220703125,275.489990234375,52917600
2018-06-19,245.94253540039062,275.5,275.75,273.5299987792969,274.0,97531500
2018-06-20,246.36209106445312,275.9700012207031,276.7200012207031,275.5899963378906,276.2699890136719,53785500
2018-06-21,244.8177032470703,274.239990234375,275.9800109863281,273.67999267578125,275.9599914550781,71061400
2018-06-22,245.2641143798828,274.739990234375,275.7900085449219,274.489990234375,275.6600036621094,54898500
2018-06-25,241.92532348632812,271.0,273.6199951171875,269.1000061035156,273.44000244140625,137854200
2018-06-26,242.4609375,271.6000061035156,272.55999755859375,270.7900085449219,271.6400146484375,68547400
2018-06-27,240.45236206054688,269.3500061035156,273.8699951171875,269.17999267578125,272.260009765625,105110700
2018-06-28,241.8271026611328,270.8900146484375,271.75,268.489990234375,269.2900085449219,76650500
2018-06-29,242.1752471923828,271.2799987792969,273.6600036621094,271.1499938964844,272.1199951171875,97592500
2018-07-02,242.6930389404297,271.8599853515625,272.0400085449219,269.239990234375,269.510009765625,63554800
2018-07-03,241.8360137939453,270.8999938964844,272.9800109863281,270.4200134277344,272.8699951171875,42187100
2018-07-05,243.80894470214844,273.1099853515625,273.17999267578125,270.9599914550781,272.1700134277344,56925900
2018-07-06,245.87110900878906,275.4200134277344,275.8399963378906,272.7099914550781,273.1400146484375,66493700
2018-07-09,248.08499145507812,277.8999938964844,277.9599914550781,276.5,276.54998779296875,50550400
2018-07-10,248.9777374267578,278.8999938964844,279.010009765625,278.0799865722656,278.4100036621094,51966800
2018-07-11,247.15663146972656,276.8599853515625,278.0400085449219,276.5199890136719,277.1499938964844,77054700
2018-07-12,249.39730834960938,279.3699951171875,279.42999267578125,277.6000061035156,278.2799987792969,60124700
2018-07-13,249.59368896484375,279.5899963378906,279.92999267578125,278.6600036621094,279.1700134277344,48216000
2018-07-16,249.37054443359375,279.3399963378906,279.79998779296875,278.8399963378906,279.6400146484375,48201000
2018-07-17,250.37937927246094,280.4700012207031,280.9100036621094,278.4100036621094,278.4700012207031,52315500
2018-07-18,250.90602111816406,281.05999755859375,281.17999267578125,280.05999755859375,280.55999755859375,44593500
2018-07-19,249.95977783203125,280.0,280.739990234375,279.4599914550781,280.30999755859375,61412100
2018-07-20,249.67404174804688,279.67999267578125,280.4800109863281,279.5,279.7699890136719,82337700
2018-07-23,250.13827514648438,280.20001220703125,280.42999267578125,279.05999755859375,279.45001220703125,47047600
2018-07-24,251.3970489501953,281.6099853515625,282.55999755859375,280.6300048828125,281.7900085449219,68026900
2018-07-25,253.53953552246094,284.010009765625,284.3699951171875,281.2799987792969,281.3299865722656,78882900
2018-07-26,252.94142150878906,283.3399963378906,284.1099853515625,283.0899963378906,283.20001220703125,57919500
2018-07-27,251.2274627685547,281.4200134277344,283.82000732421875,280.3800048828125,283.7099914550781,76768700
2018-07-30,249.91506958007812,279.95001220703125,281.69000244140625,279.3599853515625,281.510009765625,63742500
2018-07-31,251.14703369140625,281.3299865722656,282.0199890136719,280.3800048828125,280.80999755859375,68570500
2018-08-01,250.72747802734375,280.8599853515625,282.1300048828125,280.1300048828125,281.55999755859375,53853300
2018-08-02,252.09327697753906,282.3900146484375,282.5799865722656,279.1600036621094,279.3900146484375,63426400
2018-08-03,253.1735076904297,283.6000061035156,283.6600036621094,282.3299865722656,282.5299987792969,53935400
2018-08-06,254.1019744873047,284.6400146484375,284.989990234375,283.20001220703125,283.6400146484375,39400900
2018-08-07,254.94105529785156,285.5799865722656,286.010009765625,285.239990234375,285.3900146484375,43196600
2018-08-08,254.8340301513672,285.4599914550781,285.9100036621094,284.94000244140625,285.3900146484375,42114600
2018-08-09,254.48582458496094,285.07000732421875,285.9700012207031,284.9200134277344,285.5299987792969,35717000
2018-08-10,252.78077697753906,283.1600036621094,284.05999755859375,282.3599853515625,283.45001220703125,77076000
2018-08-13,251.83448791503906,282.1000061035156,284.1600036621094,281.7699890136719,283.4700012207031,65732900
2018-08-14,253.44137573242188,283.8999938964844,284.1700134277344,282.4800109863281,282.9200134277344,43842000
2018-08-15,251.5487823486328,281.7799987792969,282.5400085449219,280.1600036621094,282.3800048828125,102925400
2018-08-16,253.58413696289062,284.05999755859375,285.0400085449219,283.3599853515625,283.3999938964844,69967900
2018-08-17,254.47683715820312,285.05999755859375,285.55999755859375,283.3699951171875,283.8299865722656,65618500
2018-08-20,255.02149963378906,285.6700134277344,285.9700012207031,285.05999755859375,285.57000732421875,39807500
2018-08-21,255.6195068359375,286.3399963378906,287.30999755859375,285.7099914550781,286.25,67272000
2018-08-22,255.46775817871094,286.1700134277344,286.760009765625,285.5799865722656,285.8800048828125,44993300
2018-08-23,255.12855529785156,285.7900085449219,286.94000244140625,285.42999267578125,285.9700012207031,49204900
2018-08-24,256.66400146484375,287.510009765625,287.6700134277344,286.3800048828125,286.44000244140625,57487400
2018-08-27,258.6905212402344,289.7799987792969,289.8999938964844,288.67999267578125,288.8599853515625,57072400
2018-08-28,258.81549072265625,289.9200134277344,290.4200134277344,289.3999938964844,290.29998779296875,46943500
2018-08-29,260.2080993652344,291.4800109863281,291.739990234375,289.8900146484375,290.1600036621094,61485500
2018-08-30,259.1546325683594,290.29998779296875,291.3599853515625,289.6300048828125,290.94000244140625,61229500
2018-08-31,259.16363525390625,290.30999755859375,290.80999755859375,289.2900085449219,289.8399963378906,66140800
2018-09-04,258.71728515625,289.80999755859375,290.2099914550781,288.67999267578125,289.8399963378906,57594400
2018-09-05,258.0209045410156,289.0299987792969,289.6400146484375,287.8900146484375,289.4100036621094,72452400
2018-09-06,257.2442932128906,288.1600036621094,289.489990234375,287.0,289.1499938964844,65909900
2018-09-07,256.74432373046875,287.6000061035156,288.70001220703125,286.7099914550781,286.9800109863281,73524800
2018-09-10,257.1907653808594,288.1000061035156,289.0400085449219,287.8800048828125,288.739990234375,50210900
2018-09-11,258.0387878417969,289.04998779296875,289.54998779296875,286.9800109863281,287.3699951171875,50530500
2018-09-12,258.10125732421875,289.1199951171875,289.79998779296875,288.2300109863281,289.05999755859375,59810800
2018-09-13,259.62786865234375,290.8299865722656,291.0400085449219,290.0,290.32000732421875,51034200
2018-09-14,259.67254638671875,290.8800048828125,291.2699890136719,290.0,291.05999755859375,55079900
2018-09-17,258.2976989746094,289.3399963378906,290.8599853515625,289.0299987792969,290.82000732421875,68244000
2018-09-18,259.6992492675781,290.9100036621094,291.5799865722656,289.54998779296875,289.5799865722656,61930400
2018-09-19,259.9759826660156,291.2200012207031,291.69000244140625,290.8299865722656,290.9700012207031,49080600
2018-09-20,262.0827941894531,293.5799865722656,293.94000244140625,291.239990234375,292.6400146484375,100360600
2018-09-21,261.84332275390625,291.989990234375,293.2200012207031,291.80999755859375,293.0899963378906,105479700
2018-09-24,260.97344970703125,291.0199890136719,291.5,290.3699951171875,291.3399963378906,53409600
2018-09-25,260.7313537597656,290.75,291.6499938964844,290.4800109863281,291.5299987792969,44370000
2018-09-26,259.951171875,289.8800048828125,292.239990234375,289.4100036621094,290.9100036621094,79739700
2018-09-27,260.6776123046875,290.69000244140625,291.9100036621094,290.1000061035156,290.4100036621094,59249500
2018-09-28,260.7044982910156,290.7200012207031,291.2799987792969,289.95001220703125,289.989990234375,70091400
2018-10-01,261.6101989746094,291.7300109863281,292.92999267578125,290.9800109863281,292.1099853515625,62078900
2018-10-02,261.457763671875,291.55999755859375,292.3599853515625,291.1400146484375,291.55999755859375,47258200
2018-10-03,261.60125732421875,291.7200012207031,293.2099914550781,291.32000732421875,292.739990234375,64694600
2018-10-04,259.556640625,289.44000244140625,291.239990234375,287.6600036621094,291.17999267578125,111545900
2018-10-05,258.10394287109375,287.82000732421875,290.2699890136719,286.2200012207031,289.69000244140625,105951700
2018-10-08,258.10394287109375,287.82000732421875,288.2200012207031,285.5,287.04998779296875,87742200
2018-10-09,257.7272033691406,287.3999938964844,288.8599853515625,286.7699890136719,287.3900146484375,74339000
2018-10-10,249.56668090820312,278.29998779296875,286.9100036621094,277.8800048828125,286.8299865722656,214731000
2018-10-11,244.06971740722656,272.1700134277344,278.8999938964844,270.3599853515625,277.0799865722656,274840500
2018-10-12,247.45936584472656,275.95001220703125,277.0899963378906,272.3699951171875,276.7699890136719,183186500
2018-10-15,246.0694122314453,274.3999938964844,277.0400085449219,274.29998779296875,275.54998779296875,102263700
2018-10-16,251.44993591308594,280.3999938964844,280.82000732421875,276.07000732421875,276.6000061035156,118255800
2018-10-17,251.49478149414062,280.45001220703125,281.1499938964844,277.55999755859375,280.44000244140625,110626000
2018-10-18,247.8629913330078,276.3999938964844,280.07000732421875,274.9700012207031,279.3999938964844,134557500
2018-10-19,247.7284393310547,276.25,279.29998779296875,275.4700012207031,277.1300048828125,139901600
2018-10-22,246.61647033691406,275.010009765625,277.3599853515625,274.4100036621094,277.0,82415800
2018-10-23,245.36094665527344,273.6099853515625,274.8699951171875,268.6099853515625,270.95001220703125,146352700
2018-10-24,237.9269561767578,265.32000732421875,273.760009765625,264.70001220703125,273.3299865722656,177806700
2018-10-25,242.19540405273438,270.0799865722656,271.80999755859375,266.2300109863281,267.3800048828125,138061500
2018-10-26,237.93588256835938,265.3299865722656,271.0,262.2900085449219,265.9200134277344,201574600
2018-10-29,236.61761474609375,263.8599853515625,270.25,259.8500061035156,268.79998779296875,160749100
2018-10-30,240.12393188476562,267.7699890136719,268.1199951171875,263.1199951171875,263.6700134277344,157116000
2018-10-31,242.688720703125,270.6300048828125,273.2300109863281,270.1199951171875,270.6499938964844,128296300
2018-11-01,245.27134704589844,273.510009765625,273.7300109863281,270.3800048828125,271.6000061035156,99495000
2018-11-02,243.81863403320312,271.8900146484375,275.2300109863281,269.5899963378906,274.75,122634100
2018-11-05,245.16378784179688,273.3900146484375,274.010009765625,271.3500061035156,272.44000244140625,65622500
2018-11-06,246.7151641845703,275.1199951171875,275.29998779296875,273.25,273.32000732421875,60085900
2018-11-07,251.9969482421875,281.010009765625,281.1000061035156,277.0799865722656,277.55999755859375,102752100
2018-11-08,251.53961181640625,280.5,281.2200012207031,279.2200012207031,280.1099853515625,65584900
2018-11-09,249.0824737548828,277.760009765625,279.239990234375,276.17999267578125,279.0299987792969,98812600
2018-11-12,244.4283905029297,272.57000732421875,277.4599914550781,271.989990234375,277.19000244140625,99673600
2018-11-13,243.97103881835938,272.05999755859375,275.3299865722656,271.25,273.0899963378906,98176600
2018-11-14,242.3030242919922,270.20001220703125,274.6099853515625,268.45001220703125,274.1600036621094,125335900
2018-11-15,244.83197021484375,273.0199890136719,273.5400085449219,267.010009765625,268.7799987792969,135101400
2018-11-16,245.4686279296875,273.7300109863281,274.75,271.2099914550781,271.7900085449219,126668000
2018-11-19,241.31666564941406,269.1000061035156,273.3800048828125,268.07000732421875,273.04998779296875,103061700
2018-11-20,236.8507843017578,264.1199951171875,267.0,263.1499938964844,265.3599853515625,136021300
2018-11-21,237.65792846679688,265.0199890136719,267.1499938964844,265.010009765625,265.8599853515625,75563700
2018-11-23,236.07057189941406,263.25,264.82000732421875,263.07000732421875,263.17999267578125,42807900
2018-11-26,239.88182067871094,267.5,267.75,265.3399963378906,265.7799987792969,79981400
2018-11-27,240.68890380859375,268.3999938964844,268.3999938964844,265.6600036621094,266.3399963378906,75502400
2018-11-28,246.2307891845703,274.5799865722656,274.5799865722656,268.3299865722656,269.6000061035156,127629600
2018-11-29,245.69277954101562,273.9800109863281,275.54998779296875,272.42999267578125,273.7099914550781,82346400
2018-11-30,247.19036865234375,275.6499938964844,276.2799987792969,273.45001220703125,273.80999755859375,98204200
2018-12-03,250.463623046875,279.29998779296875,280.3999938964844,277.510009765625,280.2799987792969,103176300
2018-12-04,242.347900390625,270.25,278.8500061035156,269.8999938964844,278.3699951171875,177986000
2018-12-06,241.98019409179688,269.8399963378906,269.9700012207031,262.44000244140625,265.9200134277344,204185400
2018-12-07,236.35760498046875,263.57000732421875,271.2200012207031,262.6300048828125,269.4599914550781,161018900
2018-12-10,236.8059539794922,264.07000732421875,265.1600036621094,258.6199951171875,263.3699951171875,151445900
2018-12-11,236.8597412109375,264.1300048828125,267.8699951171875,262.4800109863281,267.6600036621094,121504400
2018-12-12,238.05245971679688,265.4599914550781,269.0,265.3699951171875,267.4700012207031,97976700
2018-12-13,237.9717254638672,265.3699951171875,267.489990234375,264.1199951171875,266.5199890136719,96662700
2018-12-14,233.57766723632812,260.4700012207031,264.0299987792969,259.8500061035156,262.9599914550781,116961100
2018-12-17,228.99520874023438,255.36000061035156,260.6499938964844,253.52999877929688,259.3999938964844,165492300
2018-12-18,228.74417114257812,255.0800018310547,257.95001220703125,253.27999877929688,257.20001220703125,134515100
2018-12-19,225.3185577392578,251.25999450683594,259.3999938964844,249.35000610351562,255.1699981689453,214992800
2018-12-20,221.65081787109375,247.1699981689453,251.6199951171875,244.64999389648438,249.86000061035156,252053400
2018-12-21,217.1092987060547,240.6999969482422,249.7100067138672,239.97999572753906,246.74000549316406,255345600
2018-12-24,211.37265014648438,234.33999633789062,240.83999633789062,234.27000427246094,239.0399932861328,147311600
2018-12-26,222.05221557617188,246.17999267578125,246.17999267578125,233.75999450683594,235.97000122070312,218485400
2018-12-27,223.75694274902344,248.07000732421875,248.2899932861328,238.9600067138672,242.57000732421875,186267300
2018-12-28,223.46835327148438,247.75,251.39999389648438,246.4499969482422,249.5800018310547,153100200
2018-12-31,225.42564392089844,249.9199981689453,250.19000244140625,247.47000122070312,249.55999755859375,144299400
2019-01-02,225.66015625,250.17999267578125,251.2100067138672,245.9499969482422,245.97999572753906,126925200
2019-01-03,220.27523803710938,244.2100067138672,248.57000732421875,243.6699981689453,248.22999572753906,144140700
2019-01-04,227.65353393554688,252.38999938964844,253.11000061035156,247.1699981689453,247.58999633789062,142628800
2019-01-07,229.44854736328125,254.3800048828125,255.9499969482422,251.69000244140625,252.69000244140625,103139100
2019-01-08,231.60426330566406,256.7699890136719,257.30999755859375,254.0,256.82000732421875,102512600
2019-01-09,232.68667602539062,257.9700012207031,258.9100036621094,256.19000244140625,257.55999755859375,95006600
2019-01-10,233.50747680664062,258.8800048828125,259.1600036621094,255.5,256.260009765625,96823900
2019-01-11,233.59768676757812,258.9800109863281,259.010009765625,257.0299987792969,257.67999267578125,73858100
2019-01-14,232.17250061035156,257.3999938964844,258.29998779296875,256.4100036621094,256.8599853515625,70908200
2019-01-15,234.8333740234375,260.3500061035156,260.70001220703125,257.80999755859375,257.82000732421875,85208300
2019-01-16,235.40170288085938,260.9800109863281,261.9700012207031,260.6000061035156,260.8299865722656,77636700
2019-01-17,237.18759155273438,262.9599914550781,263.9200134277344,259.9599914550781,260.010009765625,96118400
2019-01-18,240.3445587158203,266.4599914550781,266.9800109863281,263.0,264.9800109863281,127900300
2019-01-22,237.097412109375,262.8599853515625,265.05999755859375,261.05999755859375,264.82000732421875,115531200
2019-01-23,237.59347534179688,263.4100036621094,264.7900085449219,260.6600036621094,264.010009765625,86030300
2019-01-24,237.7197723388672,263.54998779296875,264.20001220703125,262.0799865722656,263.2099914550781,59204100
2019-01-25,239.7312774658203,265.7799987792969,266.70001220703125,263.6600036621094,265.6099853515625,96883400
2019-01-28,237.9092254638672,263.760009765625,263.8299865722656,261.7900085449219,263.3900146484375,85613700
2019-01-29,237.59347534179688,263.4100036621094,264.54998779296875,262.4800109863281,263.9200134277344,66136300
2019-01-30,241.35479736328125,267.5799865722656,268.5199890136719,264.25,265.1000061035156,92473700
2019-01-31,243.47445678710938,269.92999267578125,270.4700012207031,267.2699890136719,267.510009765625,104012100
2019-02-01,243.59169006347656,270.05999755859375,271.20001220703125,269.17999267578125,270.1499938964844,85782500
2019-02-04,245.30552673339844,271.9599914550781,272.0299987792969,269.3599853515625,270.1099853515625,60744800
2019-02-05,246.33380126953125,273.1000061035156,273.44000244140625,271.8800048828125,272.44000244140625,79552800
2019-02-06,246.00906372070312,272.739990234375,273.3399963378906,271.9200134277344,272.7900085449219,58347800
2019-02-07,243.66392517089844,270.1400146484375,271.54998779296875,268.2900085449219,270.94000244140625,95482000
2019-02-08,243.96160888671875,270.4700012207031,270.5799865722656,267.8299865722656,268.75,75788900
2019-02-11,244.0968017578125,270.6199951171875,271.489990234375,270.0299987792969,271.20001220703125,68021400
2019-02-12,247.23574829101562,274.1000061035156,274.5199890136719,272.3399963378906,272.4200134277344,72270200
2019-02-13,248.03855895996094,274.989990234375,275.92999267578125,274.55999755859375,275.0299987792969,65277200
2019-02-14,247.4883270263672,274.3800048828125,275.6400146484375,272.8699951171875,273.7799987792969,83234400
2019-02-15,250.18531799316406,277.3699951171875,277.4100036621094,276.1300048828125,276.3599853515625,97088700
2019-02-19,250.6182098388672,277.8500061035156,278.5799865722656,276.4700012207031,276.4800109863281,59120800
2019-02-20,251.1233673095703,278.4100036621094,278.9200134277344,277.25,277.80999755859375,76610800
2019-02-21,250.23033142089844,277.4200134277344,278.1000061035156,276.3500061035156,277.70001220703125,64214700
2019-02-22,251.78192138671875,279.1400146484375,279.3599853515625,277.3999938964844,278.1099853515625,78114600
2019-02-25,252.12461853027344,279.5199890136719,281.30999755859375,279.42999267578125,280.7300109863281,69030700
2019-02-26,251.94419860839844,279.32000732421875,280.29998779296875,278.8999938964844,279.1300048828125,56844100
2019-02-27,251.83599853515625,279.20001220703125,279.5899963378906,277.4800109863281,278.5199890136719,56921600
2019-02-28,251.36685180664062,278.67999267578125,279.45001220703125,278.32000732421875,278.9599914550781,69268300
2019-03-01,252.9364471435547,280.4200134277344,280.8800048828125,278.82000732421875,280.44000244140625,78880500
2019-03-04,252.01632690429688,279.3999938964844,281.8699951171875,276.8399963378906,281.6000061035156,106494600
2019-03-05,251.67361450195312,279.0199890136719,279.760009765625,278.4100036621094,279.5400085449219,59114600
2019-03-06,250.14918518066406,277.3299865722656,279.1600036621094,276.9700012207031,279.1499938964844,75039800
2019-03-07,248.05657958984375,275.010009765625,276.989990234375,274.07000732421875,276.8299865722656,94885100
2019-03-08,247.56048583984375,274.4599914550781,274.6499938964844,272.4200134277344,272.94000244140625,85795800
2019-03-11,251.1504364013672,278.44000244140625,278.6199951171875,275.2300109863281,275.260009765625,65098900
2019-03-12,252.0975341796875,279.489990234375,280.07000732421875,278.8500061035156,279.05999755859375,79667500
2019-03-13,253.7662353515625,281.3399963378906,282.3800048828125,280.29998779296875,280.4800109863281,80639200
2019-03-14,253.60389709472656,281.1600036621094,281.8399963378906,280.6700134277344,281.3699951171875,67518400
2019-03-15,254.85679626464844,281.30999755859375,282.2099914550781,280.3299865722656,280.5400085449219,81309000
2019-03-18,255.78089904785156,282.3299865722656,282.6600036621094,281.29998779296875,281.54998779296875,62199800
2019-03-19,255.84425354003906,282.3999938964844,284.3599853515625,281.4100036621094,283.510009765625,90268100
2019-03-20,255.07424926757812,281.54998779296875,283.5,280.32000732421875,282.1600036621094,84609200
2019-03-21,257.9552307128906,284.7300109863281,285.17999267578125,280.5899963378906,280.6400146484375,79550400
2019-03-22,252.9905548095703,279.25,283.79998779296875,279.17999267578125,283.2200012207031,122659300
2019-03-25,252.8003387451172,279.0400085449219,280.19000244140625,277.6400146484375,278.8699951171875,85575200
2019-03-26,254.6847381591797,281.1199951171875,282.17999267578125,279.55999755859375,280.989990234375,68125900
2019-03-27,253.35289001464844,279.6499938964844,281.760009765625,277.92999267578125,281.1099853515625,72224700
2019-03-28,254.31324768066406,280.7099914550781,281.2099914550781,279.07000732421875,280.3500061035156,56238500
2019-03-29,255.9168701171875,282.4800109863281,282.8399963378906,281.1400146484375,282.3900146484375,82186800
2019-04-01,258.9517517089844,285.8299865722656,286.1600036621094,284.3999938964844,284.70001220703125,77617900
2019-04-02,259.07861328125,285.9700012207031,286.2300109863281,285.0899963378906,286.0400085449219,40070400
2019-04-03,259.486328125,286.4200134277344,287.760009765625,285.75,287.32000732421875,68243200
2019-04-04,260.1748046875,287.17999267578125,287.4599914550781,286.010009765625,286.7799987792969,48997500
2019-04-05,261.43402099609375,288.57000732421875,288.6300048828125,287.6000061035156,287.9200134277344,58621700
2019-04-08,261.6334533691406,288.7900085449219,288.9100036621094,287.3699951171875,288.1000061035156,53566300
2019-04-09,260.2925720214844,287.30999755859375,288.0799865722656,286.70001220703125,287.7200012207031,66142300
2019-04-10,261.1805114746094,288.2900085449219,288.3900146484375,287.30999755859375,287.7699890136719,52601500
2019-04-11,261.1078796386719,288.2099914550781,288.8399963378906,287.5799865722656,288.8299865722656,55093100
2019-04-12,262.87451171875,290.1600036621094,290.4700012207031,288.260009765625,290.0,69727800
2019-04-15,262.7024841308594,289.9700012207031,290.3500061035156,289.0799865722656,290.239990234375,49596700
2019-04-16,262.87451171875,290.1600036621094,291.010009765625,289.5,290.95001220703125,52153200
2019-04-17,262.2313537597656,289.45001220703125,291.42999267578125,288.989990234375,291.3999938964844,58268300
2019-04-18,262.74774169921875,290.0199890136719,290.32000732421875,288.6600036621094,290.1000061035156,68708500
2019-04-22,262.9742126464844,290.2699890136719,290.44000244140625,289.07000732421875,289.1700134277344,40160100
2019-04-23,265.3388366699219,292.8800048828125,293.1400146484375,290.4200134277344,290.67999267578125,52246600
2019-04-24,264.7499694824219,292.2300109863281,293.1600036621094,292.07000732421875,292.7900085449219,50392900
2019-04-25,264.5868225097656,292.04998779296875,292.7799987792969,290.7300109863281,292.1199951171875,57770900
2019-04-26,265.8189392089844,293.4100036621094,293.489990234375,291.239990234375,292.1000061035156,50916400
2019-04-29,266.2356872558594,293.8699951171875,294.45001220703125,293.4100036621094,293.510009765625,57197700
2019-04-30,266.37158203125,294.0199890136719,294.3399963378906,291.9200134277344,293.489990234375,81111700
2019-05-01,264.36944580078125,291.80999755859375,294.95001220703125,291.79998779296875,294.7200012207031,71671900
2019-05-02,263.79864501953125,291.17999267578125,292.70001220703125,289.5199890136719,291.67999267578125,65030200
2019-05-03,266.3806457519531,294.0299987792969,294.3399963378906,291.29998779296875,292.82000732421875,56543700
2019-05-06,265.2843933105469,292.82000732421875,293.30999755859375,288.8999938964844,289.25,107198100
2019-05-07,260.85430908203125,287.92999267578125,290.80999755859375,285.80999755859375,290.1499938964844,144729900
2019-05-08,260.4918212890625,287.5299987792969,289.42999267578125,286.8699951171875,287.5299987792969,91568300
2019-05-09,259.7037353515625,286.6600036621094,287.3299865722656,283.29998779296875,285.2300109863281,103471100
2019-05-10,261.0083312988281,288.1000061035156,288.94000244140625,282.29998779296875,285.6199951171875,112429300
2019-05-13,254.44912719726562,280.8599853515625,283.489990234375,279.92999267578125,282.4200134277344,127290500
2019-05-14,256.7503356933594,283.3999938964844,285.1000061035156,281.8500061035156,281.989990234375,77003200
2019-05-15,258.254150390625,285.05999755859375,285.7699890136719,281.3599853515625,281.5899963378906,73956400
2019-05-16,260.64593505859375,287.70001220703125,289.2099914550781,285.760009765625,285.8399963378906,76749600
2019-05-17,258.9608459472656,285.8399963378906,288.6000061035156,285.1199951171875,285.1400146484375,100353000
2019-05-20,257.2485656738281,283.95001220703125,285.9599914550781,283.1199951171875,284.05999755859375,62877600
2019-05-21,259.56781005859375,286.510009765625,286.92999267578125,285.54998779296875,285.8299865722656,46847100
2019-05-22,258.7705383300781,285.6300048828125,286.69000244140625,285.1000061035156,285.45001220703125,49482500
2019-05-23,255.60867309570312,282.1400146484375,283.2099914550781,280.57000732421875,283.1600036621094,98733800
2019-05-24,256.1885986328125,282.7799987792969,284.20001220703125,282.0899963378906,283.739990234375,55268100
2019-05-28,253.80592346191406,280.1499938964844,284.1499938964844,280.1300048828125,283.0899963378906,70029400
2019-05-29,252.10256958007812,278.2699890136719,279.3599853515625,276.7099914550781,278.9100036621094,104972900
2019-05-30,252.79127502441406,279.0299987792969,280.0400085449219,277.80999755859375,279.1099853515625,62523800
2019-05-31,249.3848419189453,275.2699890136719,277.1199951171875,275.239990234375,276.20001220703125,86862800
2019-06-03,248.75062561035156,274.57000732421875,276.54998779296875,273.0899963378906,275.30999755859375,96428000
2019-06-04,254.15017700195312,280.5299987792969,280.67999267578125,276.6199951171875,277.1199951171875,77231900
2019-06-05,256.3515930175781,282.9599914550781,282.989990234375,280.32000732421875,282.3299865722656,71169700
2019-06-06,258.0185852050781,284.79998779296875,285.54998779296875,282.57000732421875,283.2900085449219,69430400
2019-06-07,260.6006164550781,287.6499938964844,288.8500061035156,285.739990234375,285.92999267578125,74272200
2019-06-10,261.7964782714844,288.9700012207031,290.82000732421875,288.8699951171875,289.3699951171875,60799100
2019-06-11,261.7330627441406,288.8999938964844,291.3999938964844,288.17999267578125,290.989990234375,58641300
2019-06-12,261.27105712890625,288.3900146484375,289.260009765625,287.82000732421875,288.6400146484375,47096300
2019-06-13,262.3492126464844,289.5799865722656,289.9800109863281,288.6199951171875,289.3999938964844,48945200
2019-06-14,262.05926513671875,289.260009765625,289.92999267578125,288.4100036621094,289.260009765625,52324700
2019-06-17,262.15887451171875,289.3699951171875,290.2200012207031,289.17999267578125,289.5199890136719,39205700
2019-06-18,264.9039306640625,292.3999938964844,293.57000732421875,290.989990234375,291.3900146484375,85434800
2019-06-19,265.5019226074219,293.05999755859375,293.6499938964844,291.4700012207031,292.54998779296875,78674400
2019-06-20,268.03857421875,295.8599853515625,296.30999755859375,293.1300048828125,296.0400085449219,116570000
2019-06-21,267.64898681640625,294.0,295.5199890136719,293.760009765625,294.1300048828125,83309500
2019-06-24,267.3212585449219,293.6400146484375,294.5799865722656,293.4700012207031,294.2300109863281,47582700
2019-06-25,264.6993103027344,290.760009765625,293.7300109863281,290.6400146484375,293.70001220703125,82028700
2019-06-26,264.43536376953125,290.4700012207031,292.30999755859375,290.3500061035156,291.75,51584900
2019-06-27,265.3730163574219,291.5,292.05999755859375,290.8900146484375,291.30999755859375,40355200
2019-06-28,266.73858642578125,293.0,293.54998779296875,292.010009765625,292.5799865722656,59350900
2019-07-01,269.1602478027344,295.6600036621094,296.9200134277344,294.3299865722656,296.67999267578125,78705600
2019-07-02,269.86114501953125,296.42999267578125,296.489990234375,294.67999267578125,295.6099853515625,61504500
2019-07-03,272.0187072753906,298.79998779296875,298.82000732421875,297.0199890136719,297.17999267578125,40898900
2019-07-05,271.70916748046875,298.4599914550781,298.6400146484375,296.010009765625,297.44000244140625,51677300
2019-07-08,270.2162170410156,296.82000732421875,298.260009765625,296.2200012207031,297.010009765625,45841800
2019-07-09,270.55303955078125,297.19000244140625,297.5199890136719,295.4800109863281,295.5400085449219,41101300
2019-07-10,271.845703125,298.6099853515625,299.6600036621094,297.7799987792969,298.3699951171875,58448500
2019-07-11,272.4830627441406,299.30999755859375,299.5799865722656,298.20001220703125,299.32000732421875,50826100
2019-07-12,273.70294189453125,300.6499938964844,300.7300109863281,299.510009765625,299.8500061035156,40326000
2019-07-15,273.7939758300781,300.75,301.1300048828125,300.19000244140625,301.1300048828125,33900000
2019-07-16,272.9109191894531,299.7799987792969,300.8800048828125,299.44000244140625,300.6499938964844,36650100
2019-07-17,271.0537109375,297.739990234375,299.92999267578125,297.739990234375,299.75,36036300
2019-07-18,272.0460205078125,298.8299865722656,299.25,296.70001220703125,297.19000244140625,51392600
2019-07-19,270.53485107421875,297.1700134277344,300.07000732421875,296.9800109863281,300.0400085449219,58678600
2019-07-22,271.1993408203125,297.8999938964844,298.5,297.0400085449219,297.6099853515625,43638100
2019-07-23,273.1385192871094,300.0299987792969,300.0299987792969,298.2200012207031,299.1400146484375,44564500
2019-07-24,274.4220886230469,301.44000244140625,301.44000244140625,299.0899963378906,299.19000244140625,47213200
2019-07-25,273.1112365722656,300.0,301.0,299.1099853515625,300.94000244140625,55394100
2019-07-26,274.94110107421875,302.010009765625,302.2300109863281,300.6199951171875,300.760009765625,45084100
2019-07-29,274.44024658203125,301.4599914550781,302.010009765625,300.8500061035156,301.8800048828125,38126500
2019-07-30,273.76666259765625,300.7200012207031,301.1700134277344,299.489990234375,299.9100036621094,45849000
2019-07-31,270.771484375,297.42999267578125,301.20001220703125,295.20001220703125,300.989990234375,104245200
2019-08-01,268.41363525390625,294.8399963378906,300.8699951171875,293.9599914550781,297.6000061035156,142646600
2019-08-02,266.39263916015625,292.6199951171875,294.1199951171875,290.8999938964844,293.8500061035156,116749700
2019-08-05,258.3813171386719,283.82000732421875,288.2099914550781,281.7200012207031,288.0899963378906,178745400
2019-08-06,262.0046081542969,287.79998779296875,288.0400085449219,284.2799987792969,285.9100036621094,120711700
2019-08-07,262.159423828125,287.9700012207031,288.82000732421875,282.0400085449219,284.3999938964844,140572300
2019-08-08,267.30303955078125,293.6199951171875,293.6199951171875,289.010009765625,289.6199951171875,87713900
2019-08-09,265.48223876953125,291.6199951171875,293.239990234375,289.6499938964844,292.5799865722656,93730000
2019-08-12,262.2505187988281,288.07000732421875,291.6099853515625,287.0199890136719,289.9599914550781,65527600
2019-08-13,266.3288879394531,292.54998779296875,294.1499938964844,287.3599853515625,287.739990234375,94299800
2019-08-14,258.4541931152344,283.8999938964844,288.739990234375,283.760009765625,288.07000732421875,135622100
2019-08-15,259.1370544433594,284.6499938964844,285.6400146484375,282.3900146484375,284.8800048828125,99556600
2019-08-16,262.9605712890625,288.8500061035156,289.3299865722656,284.7099914550781,286.4800109863281,83018300
2019-08-19,266.128662109375,292.3299865722656,293.0799865722656,291.44000244140625,292.19000244140625,53571800
2019-08-20,264.08941650390625,290.0899963378906,292.3599853515625,289.95001220703125,291.7699890136719,51596400
2019-08-21,266.2379455566406,292.45001220703125,292.8599853515625,291.7200012207031,292.4800109863281,49524700
2019-08-22,266.1559143066406,292.3599853515625,293.92999267578125,290.3999938964844,293.2300109863281,51666400
2019-08-23,259.31903076171875,284.8500061035156,292.760009765625,283.4700012207031,290.9200134277344,149161500
2019-08-26,262.1867370605469,288.0,288.0,285.5799865722656,287.2699890136719,72423800
2019-08-27,261.1579284667969,286.8699951171875,289.95001220703125,286.0299987792969,289.5400085449219,66668900
2019-08-28,262.99688720703125,288.8900146484375,289.07000732421875,285.25,286.1400146484375,59696700
2019-08-29,266.356201171875,292.5799865722656,293.1600036621094,290.6099853515625,291.7200012207031,57899400
2019-08-30,266.2379455566406,292.45001220703125,294.239990234375,291.4200134277344,294.2200012207031,62901200
2019-09-03,264.6811828613281,290.739990234375,291.5799865722656,289.2699890136719,290.57000732421875,69101400
2019-09-04,267.685302734375,294.0400085449219,294.05999755859375,292.30999755859375,293.1400146484375,46887300
2019-09-05,271.1265563964844,297.82000732421875,298.8299865722656,294.0,296.7900085449219,83258100
2019-09-06,271.3359375,298.04998779296875,298.760009765625,297.4200134277344,298.1700134277344,49584300
2019-09-09,271.47259521484375,298.20001220703125,299.239990234375,297.1600036621094,299.1400146484375,51260300
2019-09-10,271.40875244140625,298.1300048828125,298.20001220703125,295.9700012207031,297.3599853515625,57947100
2019-09-11,273.3387145996094,300.25,300.3399963378906,297.75,298.4700012207031,68821100
2019-09-12,274.2855529785156,301.2900085449219,302.4599914550781,300.4100036621094,301.25,72908700
2019-09-13,274.1034240722656,301.0899963378906,302.1700134277344,300.67999267578125,301.7799987792969,62104800
2019-09-16,273.2568664550781,300.1600036621094,301.1400146484375,299.45001220703125,299.8399963378906,58191200
2019-09-17,273.9488220214844,300.9200134277344,301.0199890136719,299.75,299.94000244140625,41475500
2019-09-18,274.11260986328125,301.1000061035156,301.2200012207031,298.239990234375,300.489990234375,73375800
2019-09-19,274.09442138671875,301.0799865722656,302.6300048828125,300.7099914550781,301.5299987792969,76560500
2019-09-20,272.7993469238281,298.2799987792969,300.6700134277344,297.4100036621094,300.3599853515625,89565000
2019-09-23,272.7353820800781,298.2099914550781,299.0,297.2699890136719,297.54998779296875,43476800
2019-09-24,270.59521484375,295.8699951171875,299.8399963378906,294.80999755859375,299.4100036621094,94869400
2019-09-25,272.1957092285156,297.6199951171875,298.1099853515625,294.3299865722656,295.9599914550781,71854000
2019-09-26,271.6286926269531,297.0,297.8599853515625,295.45001220703125,297.6300048828125,56179700
2019-09-27,270.16534423828125,295.3999938964844,297.95001220703125,293.69000244140625,297.8299865722656,84746600
2019-09-30,271.4183044433594,296.7699890136719,297.54998779296875,295.9200134277344,295.9700012207031,51662400
2019-10-01,268.1898498535156,293.239990234375,298.4599914550781,293.0,297.739990234375,88242400
2019-10-02,263.452392578125,288.05999755859375,291.510009765625,286.6400146484375,291.5,122539500
2019-10-03,265.6107482910156,290.4200134277344,290.45001220703125,284.82000732421875,287.80999755859375,85278800
2019-10-04,269.2051086425781,294.3500061035156,294.6300048828125,291.0799865722656,291.1400146484375,65091200
2019-10-07,268.0435791015625,293.0799865722656,295.260009765625,292.7699890136719,293.4700012207031,59610500
2019-10-08,263.88226318359375,288.5299987792969,291.8500061035156,288.489990234375,291.0400085449219,95708100
2019-10-09,266.38812255859375,291.2699890136719,292.29998779296875,290.05999755859375,290.75,62359400
2019-10-10,268.1898498535156,293.239990234375,294.2099914550781,291.0,291.17999267578125,55296300
2019-10-11,270.97015380859375,296.2799987792969,298.739990234375,296.1400146484375,296.2699890136719,98720400
2019-10-14,270.6684265136719,295.95001220703125,296.6700134277344,295.57000732421875,295.92999267578125,40394800
2019-10-15,273.34808349609375,298.8800048828125,299.70001220703125,296.9700012207031,297.1000061035156,46754500
2019-10-16,272.90911865234375,298.3999938964844,299.1600036621094,297.9200134277344,298.3699951171875,48928200
2019-10-17,273.7138671875,299.2799987792969,300.239990234375,298.5199890136719,299.67999267578125,45736600
2019-10-18,272.51580810546875,297.9700012207031,299.3999938964844,297.0299987792969,298.69000244140625,64304000
2019-10-21,274.3631591796875,299.989990234375,300.2099914550781,298.94000244140625,299.4200134277344,39048600
2019-10-22,273.4669189453125,299.010009765625,300.8999938964844,298.9100036621094,300.5799865722656,48594700
2019-10-23,274.2626037597656,299.8800048828125,299.94000244140625,298.5,298.7300109863281,34352200
2019-10-24,274.7107849121094,300.3699951171875,301.07000732421875,299.4599914550781,300.9100036621094,35453100
2019-10-25,275.8357238769531,301.6000061035156,302.20001220703125,299.67999267578125,299.739990234375,45205400
2019-10-28,277.3904724121094,303.29998779296875,303.8500061035156,302.9100036621094,302.94000244140625,42147000
2019-10-29,277.3081970214844,303.2099914550781,304.2300109863281,302.8599853515625,303.0,44284900
2019-10-30,278.15875244140625,304.1400146484375,304.54998779296875,301.989990234375,303.42999267578125,49643900
2019-10-31,277.41796875,303.3299865722656,304.1300048828125,301.7300109863281,304.1300048828125,69053800
2019-11-01,279.9879150390625,306.1400146484375,306.19000244140625,304.739990234375,304.9200134277344,71141500
2019-11-04,281.1128234863281,307.3699951171875,308.0,306.9599914550781,307.8500061035156,60606900
2019-11-05,280.80181884765625,307.0299987792969,307.9200134277344,306.7099914550781,307.5899963378906,42933200
2019-11-06,280.86590576171875,307.1000061035156,307.3999938964844,306.05999755859375,307.0299987792969,46487100
2019-11-07,281.85357666015625,308.17999267578125,309.6499938964844,307.6600036621094,308.57000732421875,54272300
2019-11-08,282.5486755371094,308.94000244140625,309.0,307.0299987792969,307.79998779296875,49032100
2019-11-11,282.0091247558594,308.3500061035156,308.5400085449219,307.2699890136719,307.4200134277344,35797300
2019-11-12,282.6035461425781,309.0,309.989990234375,308.1499938964844,308.75,46484600
2019-11-13,282.69500732421875,309.1000061035156,309.5400085449219,307.6600036621094,307.9100036621094,53917700
2019-11-14,283.1065368652344,309.54998779296875,309.6400146484375,308.0899963378906,308.7900085449219,51219900
2019-11-15,285.1552429199219,311.7900085449219,311.8399963378906,310.260009765625,311.0199890136719,62023600
2019-11-18,285.3655700683594,312.0199890136719,312.2799987792969,311.0299987792969,311.5299987792969,49228000
2019-11-19,285.2833251953125,311.92999267578125,312.69000244140625,311.2200012207031,312.67999267578125,67804700
2019-11-20,284.22235107421875,310.7699890136719,311.8500061035156,309.05999755859375,311.2799987792969,79406200
2019-11-21,283.7650451660156,310.2699890136719,311.010009765625,309.3900146484375,310.8900146484375,54664700
2019-11-22,284.39617919921875,310.9599914550781,311.239990234375,309.8500061035156,311.0899963378906,44850200
2019-11-25,286.60028076171875,313.3699951171875,313.3699951171875,311.9800109863281,311.9800109863281,48647200
2019-11-26,287.2496643066406,314.0799865722656,314.2799987792969,313.05999755859375,313.4100036621094,37569000
2019-11-27,288.530029296875,315.4800109863281,315.4800109863281,314.3699951171875,314.6099853515625,44444600
2019-11-29,287.4599914550781,314.30999755859375,315.1300048828125,314.05999755859375,314.8599853515625,36592700
2019-12-02,285.01806640625,311.6400146484375,314.6600036621094,311.1700134277344,314.5899963378906,75767800
2019-12-03,283.1065368652344,309.54998779296875,309.6400146484375,307.1300048828125,308.6499938964844,73941700
2019-12-04,284.8534240722656,311.4599914550781,312.1199951171875,310.32000732421875,310.70001220703125,49080000
2019-12-05,285.3655700683594,312.0199890136719,312.25,310.5799865722656,312.2300109863281,40709000
2019-12-06,287.9721374511719,314.8699951171875,315.30999755859375,314.1099853515625,314.1199951171875,48927000
2019-12-09,287.0666809082031,313.8800048828125,315.17999267578125,313.79998779296875,314.44000244140625,34838500
2019-12-10,286.74664306640625,313.5299987792969,314.54998779296875,312.80999755859375,313.82000732421875,52649800
2019-12-11,287.5605773925781,314.4200134277344,314.70001220703125,313.44000244140625,314.0299987792969,53429100
2019-12-12,290.0390319824219,317.1300048828125,317.989990234375,314.1700134277344,314.42999267578125,96389600
2019-12-13,290.2127685546875,317.32000732421875,318.6700134277344,316.0199890136719,316.8699951171875,81503900
2019-12-16,292.20654296875,319.5,320.1499938964844,317.25,319.2200012207031,82749700
2019-12-17,292.2705993652344,319.57000732421875,320.25,319.4800109863281,319.9200134277344,61097700
2019-12-18,292.2888488769531,319.5899963378906,320.25,319.5299987792969,320.0,48133000
2019-12-19,293.4870300292969,320.8999938964844,320.9800109863281,319.5199890136719,319.79998779296875,85310500
2019-12-20,294.77374267578125,320.7300109863281,321.9700012207031,319.3900146484375,320.4599914550781,147142100
2019-12-23,295.2240295410156,321.2200012207031,321.6499938964844,321.05999755859375,321.5899963378906,52990000
2019-12-24,295.23321533203125,321.2300109863281,321.5199890136719,320.8999938964844,321.4700012207031,20270000
2019-12-26,296.80487060546875,322.94000244140625,322.95001220703125,321.6400146484375,321.6499938964844,30911200
2019-12-27,296.7313232421875,322.8599853515625,323.79998779296875,322.2799987792969,323.739990234375,42528800
2019-12-30,295.09539794921875,321.0799865722656,323.1000061035156,320.54998779296875,322.95001220703125,49729100
2019-12-31,295.8121643066406,321.8599853515625,322.1300048828125,320.1499938964844,320.5299987792969,57077300
2020-01-02,298.5787048339844,324.8699951171875,324.8900146484375,322.5299987792969,323.5400085449219,59151200
2020-01-03,296.3177795410156,322.4100036621094,323.6400146484375,321.1000061035156,321.1600036621094,77709700
2020-01-06,297.44818115234375,323.6400146484375,323.7300109863281,320.3599853515625,320.489990234375,55653900
2020-01-07,296.61187744140625,322.7300109863281,323.5400085449219,322.239990234375,323.0199890136719,40496400
2020-01-08,298.1926574707031,324.45001220703125,325.7799987792969,322.6700134277344,322.94000244140625,68296000
2020-01-09,300.2145690917969,326.6499938964844,326.7300109863281,325.5199890136719,326.1600036621094,48473300
2020-01-10,299.3507080078125,325.7099914550781,327.4599914550781,325.20001220703125,327.2900085449219,53029300
2020-01-13,301.409423828125,327.95001220703125,327.9599914550781,325.9200134277344,326.3900146484375,47086800
2020-01-14,300.9499206542969,327.45001220703125,328.6199951171875,326.8399963378906,327.4700012207031,62832800
2020-01-15,301.6299133300781,328.19000244140625,329.0199890136719,327.260009765625,327.3500061035156,72056600
2020-01-16,304.1390075683594,330.9200134277344,330.9200134277344,329.45001220703125,329.70001220703125,54050300
2020-01-17,305.0856628417969,331.95001220703125,332.17999267578125,330.8500061035156,331.70001220703125,95846000
2020-01-21,304.4882507324219,331.29998779296875,332.17999267578125,330.82000732421875,330.8999938964844,77742400
2020-01-22,304.5249938964844,331.3399963378906,332.95001220703125,331.1700134277344,332.239990234375,48914900
2020-01-23,304.874267578125,331.7200012207031,332.1700134277344,329.4100036621094,330.6300048828125,51963000
2020-01-24,302.1629943847656,328.7699890136719,332.5299987792969,327.3599853515625,332.44000244140625,87578400
2020-01-27,297.3195495605469,323.5,325.1199951171875,322.6600036621094,323.0299987792969,84062500
2020-01-28,300.4351806640625,326.8900146484375,327.8500061035156,323.6000061035156,325.05999755859375,63834000
2020-01-29,300.1869812011719,326.6199951171875,328.6300048828125,326.3999938964844,328.3800048828125,53888900
2020-01-30,301.1611633300781,327.67999267578125,327.9100036621094,323.5400085449219,324.3599853515625,75491800
2020-01-31,295.69281005859375,321.7300109863281,327.1700134277344,320.7300109863281,327.0,113845600
2020-02-03,297.88934326171875,324.1199951171875,326.1600036621094,323.2200012207031,323.3500061035156,69083000
2020-02-04,302.4295349121094,329.05999755859375,330.010009765625,327.7200012207031,328.07000732421875,62573200
2020-02-05,305.9220275878906,332.8599853515625,333.0899963378906,330.6700134277344,332.2699890136719,65951100
2020-02-06,306.951416015625,333.9800109863281,334.19000244140625,332.79998779296875,333.9100036621094,50359700
2020-02-07,305.31549072265625,332.20001220703125,333.989990234375,331.6000061035156,332.82000732421875,64139400
2020-02-10,307.5947265625,334.67999267578125,334.75,331.19000244140625,331.2300109863281,42070000
2020-02-11,308.1278076171875,335.260009765625,337.0199890136719,334.67999267578125,336.1600036621094,54864500
2020-02-12,310.113037109375,337.4200134277344,337.6499938964844,336.42999267578125,336.8299865722656,43992700
2020-02-13,309.7821960449219,337.05999755859375,338.1199951171875,335.55999755859375,335.8599853515625,54501900
2020-02-14,310.2784423828125,337.6000061035156,337.7300109863281,336.20001220703125,337.510009765625,64582200
2020-02-18,309.47882080078125,336.7300109863281,337.6700134277344,335.2099914550781,336.510009765625,57226200
2020-02-19,310.9586181640625,338.3399963378906,339.0799865722656,337.4800109863281,337.7900085449219,48814700
2020-02-20,309.6810302734375,336.95001220703125,338.6400146484375,333.67999267578125,337.739990234375,74163400
2020-02-21,306.4918518066406,333.4800109863281,335.80999755859375,332.5799865722656,335.4700012207031,113788200
2020-02-24,296.3269958496094,322.4200134277344,333.55999755859375,321.239990234375,323.1400146484375,161088400
2020-02-25,287.3476867675781,312.6499938964844,324.6099853515625,311.69000244140625,323.94000244140625,218913200
2020-02-26,286.29071044921875,311.5,318.1099853515625,310.70001220703125,314.17999267578125,194773800
2020-02-27,273.4328918457031,297.510009765625,311.55999755859375,297.510009765625,305.4599914550781,284353500
2020-02-28,272.2840270996094,296.260009765625,297.8900146484375,285.5400085449219,288.70001220703125,384975800
2020-03-02,284.0757141113281,309.0899963378906,309.1600036621094,294.4599914550781,298.2099914550781,238703600
2020-03-03,275.9419250488281,300.239990234375,313.8399963378906,297.57000732421875,309.5,300139100
2020-03-04,287.5406494140625,312.8599853515625,313.1000061035156,303.3299865722656,306.1199951171875,176613400
2020-03-05,277.982177734375,302.4599914550781,308.4700012207031,300.010009765625,304.9800109863281,186366800
2020-03-06,273.3869323730469,297.4599914550781,298.7799987792969,290.2300109863281,293.1499938964844,228667200
2020-03-09,252.0368194580078,274.2300109863281,284.19000244140625,273.45001220703125,275.29998779296875,309417300
2020-03-10,265.07855224609375,288.4200134277344,288.5199890136719,273.5,284.6400146484375,276444100
2020-03-11,252.15634155273438,274.3599853515625,281.94000244140625,270.8800048828125,280.70001220703125,255316300
2020-03-12,228.03076171875,248.11000061035156,266.6600036621094,247.67999267578125,256.0,392220700
2020-03-13,247.5242919921875,269.32000732421875,271.4800109863281,248.52000427246094,263.0899963378906,329566100
2020-03-16,220.43922424316406,239.85000610351562,256.8999938964844,237.36000061035156,241.17999267578125,297240000
2020-03-17,232.34120178222656,252.8000030517578,256.1700134277344,237.07000732421875,245.0399932861328,262070500
2020-03-18,220.5770721435547,240.0,248.3699951171875,228.02000427246094,236.25,327597100
2020-03-19,221.0458221435547,240.50999450683594,247.3800048828125,232.22000122070312,239.25,289322000
2020-03-20,211.52003479003906,228.8000030517578,244.47000122070312,228.5,242.52999877929688,347158800
2020-03-23,206.11184692382812,222.9499969482422,229.67999267578125,218.25999450683594,228.19000244140625,326025200
2020-03-24,224.78622436523438,243.14999389648438,244.10000610351562,233.8000030517578,234.4199981689453,235494500
2020-03-25,228.1513214111328,246.7899932861328,256.3500061035156,239.75,244.8699951171875,299430300
2020-03-26,241.47305297851562,261.20001220703125,262.79998779296875,249.0500030517578,249.52000427246094,257632800
2020-03-27,234.28062438964844,253.4199981689453,260.80999755859375,251.0500030517578,253.27000427246094,224341200
2020-03-30,241.88906860351562,261.6499938964844,262.42999267578125,253.52999877929688,255.6999969482422,171369500
2020-03-31,238.28358459472656,257.75,263.3299865722656,256.2200012207031,260.55999755859375,194881100
2020-04-01,227.55967712402344,246.14999389648438,257.6600036621094,243.89999389648438,247.97999572753906,189554600
2020-04-02,232.8106689453125,251.8300018310547,252.67999267578125,244.58999633789062,245.19000244140625,177660400
2020-04-03,229.4456329345703,248.19000244140625,253.32000732421875,245.22000122070312,250.75999450683594,135561200
2020-04-06,244.8565673828125,264.8599853515625,267.0,248.1699981689453,257.8399963378906,188061200
2020-04-07,245.106201171875,265.1300048828125,275.0299987792969,264.8900146484375,274.2099914550781,201427200
2020-04-08,253.3340301513672,274.0299987792969,276.0,265.25,267.9599914550781,153774500
2020-04-09,257.1890563964844,278.20001220703125,281.20001220703125,275.4700012207031,277.5799865722656,189999200
2020-04-13,254.8409423828125,275.6600036621094,277.510009765625,271.4100036621094,277.1400146484375,114839100
2020-04-14,262.3569641113281,283.7900085449219,284.8999938964844,275.510009765625,280.9800109863281,134143400
2020-04-15,256.78228759765625,277.760009765625,283.94000244140625,275.4599914550781,277.57000732421875,121775000
2020-04-16,258.0211181640625,279.1000061035156,280.0299987792969,275.760009765625,279.1499938964844,131798300
2020-04-17,264.9918212890625,286.6400146484375,287.29998779296875,282.3999938964844,285.3800048828125,146684800
2020-04-20,260.32305908203125,281.5899963378906,286.7900085449219,281.3500061035156,282.6099853515625,100109300
2020-04-21,252.41879272460938,273.0400085449219,278.0400085449219,272.0199890136719,276.7300109863281,126385700
2020-04-22,258.0211181640625,279.1000061035156,281.0,276.9100036621094,278.3500061035156,92951600
2020-04-23,258.0027160644531,279.0799865722656,283.94000244140625,278.75,280.489990234375,104709700
2020-04-24,261.5988464355469,282.9700012207031,283.70001220703125,278.5,280.7300109863281,85063200
2020-04-27,265.37060546875,287.04998779296875,288.2699890136719,284.6199951171875,285.1199951171875,77896600
2020-04-28,264.15045166015625,285.7300109863281,291.3999938964844,285.3999938964844,291.0199890136719,105270000
2020-04-29,271.06549072265625,293.2099914550781,294.8800048828125,290.4100036621094,291.5299987792969,118745600
2020-04-30,268.5417175292969,290.4800109863281,293.32000732421875,288.5899963378906,291.7099914550781,122901700
2020-05-01,261.4324035644531,282.7900085449219,290.6600036621094,281.5199890136719,285.30999755859375,125180000
2020-05-04,262.15350341796875,283.57000732421875,283.8999938964844,279.1300048828125,280.739990234375,80873200
2020-05-05,264.57574462890625,286.19000244140625,289.25,283.7099914550781,286.6400146484375,79569900
2020-05-06,262.7821960449219,284.25,288.4599914550781,283.7799987792969,288.0400085449219,73632600
2020-05-07,265.95306396484375,287.67999267578125,289.7799987792969,287.1300048828125,287.75,75250400
2020-05-08,270.3536071777344,292.44000244140625,292.95001220703125,289.8599853515625,291.0899963378906,76452400
2020-05-11,270.4091491699219,292.5,294.0,289.8800048828125,290.3399963378906,79514200
2020-05-12,265.01947021484375,286.6700134277344,294.239990234375,286.5199890136719,293.7900085449219,95870800
2020-05-13,260.33233642578125,281.6000061035156,287.19000244140625,278.9599914550781,286.05999755859375,144721100
2020-05-14,263.4477844238281,284.9700012207031,285.1099853515625,272.989990234375,278.95001220703125,121977900
2020-05-15,264.6589050292969,286.2799987792969,286.3299865722656,281.3399963378906,282.3699951171875,111146300
2020-05-18,272.72027587890625,295.0,296.75,292.70001220703125,293.04998779296875,119703800
2020-05-19,269.919189453125,291.9700012207031,296.2099914550781,291.95001220703125,294.3500061035156,95189300
2020-05-20,274.50457763671875,296.92999267578125,297.8699951171875,295.57000732421875,295.82000732421875,85861700
2020-05-21,272.6093444824219,294.8800048828125,297.6700134277344,293.69000244140625,296.7900085449219,78293900
2020-05-22,273.1270751953125,295.44000244140625,295.6300048828125,293.2200012207031,294.57000732421875,63958200
2020-05-26,276.49212646484375,299.0799865722656,302.19000244140625,295.4599914550781,301.92999267578125,88951400
2020-05-27,280.6061096191406,303.5299987792969,303.57000732421875,296.8699951171875,302.1199951171875,104817400
2020-05-28,280.0883483886719,302.9700012207031,306.8399963378906,302.239990234375,304.6499938964844,90405200
2020-05-29,281.33642578125,304.32000732421875,304.9599914550781,299.4700012207031,302.4599914550781,119090800
2020-06-01,282.4735107421875,305.54998779296875,306.2099914550781,303.05999755859375,303.6199951171875,55758300
2020-06-02,284.8124694824219,308.0799865722656,308.1300048828125,305.1000061035156,306.54998779296875,74267200
2020-06-03,288.6027526855469,312.17999267578125,313.2200012207031,309.94000244140625,310.239990234375,92567600
2020-06-04,287.8447265625,311.3599853515625,313.0,309.0799865722656,311.1099853515625,75794400
2020-06-05,295.22198486328125,319.3399963378906,321.2699890136719,317.1600036621094,317.2300109863281,150524700
2020-06-08,298.79052734375,323.20001220703125,323.4100036621094,319.6300048828125,320.2200012207031,73641200
2020-06-09,296.5625305175781,320.7900085449219,323.2799987792969,319.3599853515625,320.29998779296875,77479200
2020-06-10,294.90771484375,319.0,322.3900146484375,318.2200012207031,321.4200134277344,95000800
2020-06-11,277.9066162109375,300.6099853515625,312.1499938964844,300.010009765625,311.4599914550781,209243600
2020-06-12,281.2347412109375,304.2099914550781,309.0799865722656,298.6000061035156,308.239990234375,194678900
2020-06-15,283.8602294921875,307.04998779296875,308.2799987792969,296.739990234375,298.0199890136719,135782700
2020-06-16,289.3238525390625,312.9599914550781,315.6400146484375,307.6700134277344,315.4800109863281,137627500
2020-06-17,288.1221008300781,311.6600036621094,314.3900146484375,310.8599853515625,314.07000732421875,83398900
2020-06-18,288.2330017089844,311.7799987792969,312.29998779296875,309.510009765625,310.010009765625,80828700
2020-06-19,286.5857849121094,308.6400146484375,314.3800048828125,306.5299987792969,314.1700134277344,135549600
2020-06-22,288.4242248535156,310.6199951171875,311.04998779296875,306.75,307.989990234375,74649400
2020-06-23,289.7521057128906,312.04998779296875,314.5,311.6099853515625,313.489990234375,68471200
2020-06-24,282.3608703613281,304.0899963378906,310.510009765625,302.1000061035156,309.8399963378906,132813500
2020-06-25,285.38787841796875,307.3500061035156,307.6400146484375,301.2799987792969,303.4700012207031,89468000
2020-06-26,278.6095275878906,300.04998779296875,306.3900146484375,299.4200134277344,306.1600036621094,127961000
2020-06-29,282.7044677734375,304.4599914550781,304.6099853515625,298.92999267578125,301.4100036621094,79773300
2020-06-30,286.32574462890625,308.3599853515625,310.20001220703125,303.82000732421875,303.989990234375,113394800
2020-07-01,288.33135986328125,310.5199890136719,311.8900146484375,309.07000732421875,309.57000732421875,72396500
2020-07-02,289.9192810058594,312.2300109863281,315.70001220703125,311.510009765625,314.239990234375,69344200
2020-07-06,294.3948059082031,317.04998779296875,317.67999267578125,315.55999755859375,316.3699951171875,61713800
2020-07-07,291.3584289550781,313.7799987792969,317.5199890136719,313.3699951171875,315.3800048828125,82910000
2020-07-08,293.5870056152344,316.17999267578125,316.29998779296875,312.70001220703125,314.6099853515625,54638600
2020-07-09,291.9156799316406,314.3800048828125,317.1000061035156,310.67999267578125,316.8399963378906,83354200
2020-07-10,294.89617919921875,317.5899963378906,317.8800048828125,312.760009765625,314.30999755859375,57550400
2020-07-13,292.3427734375,314.8399963378906,322.7099914550781,314.1300048828125,320.1300048828125,102997500
2020-07-14,296.1311950683594,318.9200134277344,319.760009765625,312.0,313.29998779296875,93657000
2020-07-15,298.85186767578125,321.8500061035156,323.0400085449219,319.2699890136719,322.4100036621094,87196500
2020-07-16,297.86761474609375,320.7900085449219,321.2799987792969,319.0899963378906,319.7900085449219,54622500
2020-07-17,298.7310791015625,321.7200012207031,322.57000732421875,319.739990234375,321.8800048828125,62774900
2020-07-20,301.14532470703125,324.32000732421875,325.1300048828125,320.6199951171875,321.42999267578125,56308800
2020-07-21,301.7860107421875,325.010009765625,326.92999267578125,323.94000244140625,326.45001220703125,57292200
2020-07-22,303.5038146972656,326.8599853515625,327.20001220703125,324.5,324.6199951171875,57792900
2020-07-23,299.8824768066406,322.9599914550781,327.2300109863281,321.4800109863281,326.4700012207031,75738000
2020-07-24,297.951171875,320.8800048828125,321.989990234375,319.25,320.95001220703125,73766600
2020-07-27,300.1239013671875,323.2200012207031,323.4100036621094,320.7699890136719,321.6300048828125,48293000
2020-07-28,298.2203063964844,321.1700134277344,323.6400146484375,320.8500061035156,322.42999267578125,57495000
2020-07-29,301.8881530761719,325.1199951171875,325.7300109863281,322.0799865722656,322.1199951171875,48454200
2020-07-30,300.81103515625,323.9599914550781,324.4100036621094,319.6400146484375,321.8999938964844,61861700
2020-07-31,303.1881408691406,326.5199890136719,326.6300048828125,321.3299865722656,325.8999938964844,84986800
2020-08-03,305.2959289550781,328.7900085449219,329.6199951171875,327.7300109863281,328.32000732421875,53077900
2020-08-04,306.4752197265625,330.05999755859375,330.05999755859375,327.8599853515625,327.8599853515625,41917900
2020-08-05,308.3786926269531,332.1099853515625,332.3900146484375,331.17999267578125,331.4700012207031,42697700
2020-08-06,310.4400329589844,334.3299865722656,334.4599914550781,331.1300048828125,331.4800109863281,43679400
2020-08-07,310.6628723144531,334.57000732421875,334.8800048828125,332.29998779296875,333.2799987792969,57308300
2020-08-10,311.5914611816406,335.57000732421875,335.7699890136719,332.9599914550781,335.05999755859375,44282100
2020-08-11,309.01934814453125,332.79998779296875,337.5400085449219,332.010009765625,336.8500061035156,69601100
2020-08-12,313.32781982421875,337.44000244140625,338.2799987792969,335.4100036621094,335.44000244140625,53774400
2020-08-13,312.7613830566406,336.8299865722656,338.25,335.8299865722656,336.6099853515625,41816100
2020-08-14,312.77069091796875,336.8399963378906,337.4200134277344,335.6199951171875,336.4100036621094,47260400
2020-08-17,313.7642517089844,337.9100036621094,338.3399963378906,336.8500061035156,337.94000244140625,35481000
2020-08-18,314.4420471191406,338.6400146484375,339.1000061035156,336.6099853515625,338.3399963378906,38733900
2020-08-19,313.13287353515625,337.2300109863281,339.6099853515625,336.6199951171875,339.04998779296875,68054200
2020-08-20,314.1077880859375,338.2799987792969,338.79998779296875,335.2200012207031,335.3599853515625,42207800
2020-08-21,315.2220458984375,339.4800109863281,339.7200012207031,337.54998779296875,337.9200134277344,55106600
2020-08-24,318.41632080078125,342.9200134277344,343.0,339.45001220703125,342.1199951171875,48588700
2020-08-25,319.530517578125,344.1199951171875,344.2099914550781,342.2699890136719,343.5299987792969,38463400
2020-08-26,322.7339782714844,347.57000732421875,347.8599853515625,344.1700134277344,344.760009765625,50790200
2020-08-27,323.4396057128906,348.3299865722656,349.8999938964844,346.5299987792969,348.510009765625,58034100
2020-08-28,325.5289001464844,350.5799865722656,350.7200012207031,348.1499938964844,349.44000244140625,48588900
2020-08-31,324.3495788574219,349.30999755859375,351.29998779296875,349.05999755859375,350.3500061035156,66099200
2020-09-01,327.404541015625,352.6000061035156,352.7099914550781,349.239990234375,350.2099914550781,54908700
2020-09-02,332.1401062011719,357.70001220703125,358.75,353.42999267578125,354.6700134277344,69540000
2020-09-03,320.70977783203125,345.3900146484375,356.3800048828125,342.5899963378906,355.8699951171875,148011100
2020-09-04,318.0912780761719,342.57000732421875,347.8299865722656,334.8699951171875,346.1300048828125,139156300
2020-09-08,309.400146484375,333.2099914550781,342.6400146484375,332.8800048828125,336.7099914550781,114465300
2020-09-09,315.5100402832031,339.7900085449219,342.4599914550781,336.6099853515625,337.54998779296875,91462300
2020-09-10,310.03143310546875,333.8900146484375,342.5299987792969,332.8500061035156,341.82000732421875,90569500
2020-09-11,310.1893005371094,334.05999755859375,336.9700012207031,331.0,335.82000732421875,84680200
2020-09-14,314.27490234375,338.4599914550781,340.3800048828125,334.2200012207031,337.489990234375,65605700
2020-09-15,315.8628234863281,340.1700134277344,342.0199890136719,338.4700012207031,341.1199951171875,52920900
2020-09-16,314.60931396484375,338.82000732421875,343.05999755859375,338.5199890136719,341.510009765625,82096000
2020-09-17,311.8421630859375,335.8399963378906,337.70001220703125,332.989990234375,333.55999755859375,91523300
2020-09-18,308.25201416015625,330.6499938964844,335.489990234375,327.9700012207031,335.3699951171875,105877900
2020-09-21,304.8213195800781,326.9700012207031,327.1300048828125,321.7300109863281,325.70001220703125,99450800
2020-09-22,307.9256896972656,330.29998779296875,330.8999938964844,325.8599853515625,328.57000732421875,63612100
2020-09-23,300.78460693359375,322.6400146484375,331.20001220703125,322.1000061035156,330.8999938964844,93112200
2020-09-24,301.5863342285156,323.5,326.79998779296875,319.79998779296875,321.2200012207031,76681300
2020-09-25,306.46209716796875,328.7300109863281,329.5799865722656,321.6400146484375,322.5799865722656,71069400
2020-09-28,311.55224609375,334.19000244140625,334.9599914550781,332.1499938964844,333.2200012207031,64584600
2020-09-29,309.8554992675781,332.3699951171875,334.7699890136719,331.6199951171875,333.9700012207031,51304000
2020-09-30,312.2048034667969,334.8900146484375,338.2900085449219,332.8800048828125,333.0899963378906,104081100
2020-10-01,314.20916748046875,337.0400085449219,338.739990234375,335.010009765625,337.69000244140625,88698700
2020-10-02,311.22589111328125,333.8399963378906,337.010009765625,331.19000244140625,331.70001220703125,89431100
2020-10-05,316.74481201171875,339.760009765625,339.9599914550781,336.010009765625,336.05999755859375,45713100
2020-10-06,312.2420959472656,334.92999267578125,342.1700134277344,334.3800048828125,339.9100036621094,90128900
2020-10-07,317.6771545410156,340.760009765625,341.6300048828125,338.0899963378906,338.1199951171875,56999600
2020-10-08,320.49261474609375,343.7799987792969,343.8500061035156,341.8599853515625,342.8500061035156,45242500
2020-10-09,323.3547058105469,346.8500061035156,347.3500061035156,344.8900146484375,345.55999755859375,59528600
2020-10-12,328.556640625,352.42999267578125,354.0199890136719,349.05999755859375,349.5899963378906,80388500
2020-10-13,326.4124450683594,350.1300048828125,352.4700012207031,349.0899963378906,352.2799987792969,73255500
2020-10-14,324.3614196777344,347.92999267578125,351.92999267578125,347.1400146484375,350.75,57727900
2020-10-15,323.9606628417969,347.5,348.0199890136719,343.1300048828125,343.7099914550781,60357700
2020-10-16,323.7648010253906,347.2900085449219,350.75,347.1000061035156,348.9599914550781,89501900
2020-10-19,318.842529296875,342.010009765625,349.3299865722656,341.0400085449219,348.6499938964844,68425600
2020-10-20,320.1197204589844,343.3800048828125,346.8800048828125,342.6400146484375,343.4599914550781,60051900
2020-10-21,319.51373291015625,342.7300109863281,345.6700134277344,342.3999938964844,343.3299865722656,63575000
2020-10-22,321.266357421875,344.6099853515625,345.239990234375,340.6499938964844,342.9599914550781,55399300
2020-10-23,322.35711669921875,345.7799987792969,345.989990234375,343.1300048828125,345.92999267578125,49143900
2020-10-26,316.4000549316406,339.3900146484375,342.9800109863281,335.6199951171875,342.1300048828125,91473000
2020-10-27,315.30926513671875,338.2200012207031,340.1199951171875,337.989990234375,339.760009765625,65994100
2020-10-28,304.5322570800781,326.6600036621094,338.25,326.1300048828125,332.1000061035156,127094300
2020-10-29,307.6274108886719,329.9800109863281,333.3999938964844,325.0899963378906,326.9100036621094,90597700
2020-10-30,304.4204406738281,326.5400085449219,329.69000244140625,322.6000061035156,328.2799987792969,120287300
2020-11-02,307.83251953125,330.20001220703125,332.3599853515625,327.239990234375,330.20001220703125,86068300
2020-11-03,313.26763916015625,336.0299987792969,338.25,330.2900085449219,333.69000244140625,93294200
2020-11-04,320.26885986328125,343.5400085449219,347.94000244140625,339.5899963378906,340.8599853515625,126959700
2020-11-05,326.51495361328125,350.239990234375,352.19000244140625,348.8599853515625,349.239990234375,82039700
2020-11-06,326.4403991699219,350.1600036621094,351.510009765625,347.6499938964844,349.92999267578125,74973000
2020-11-09,330.54229736328125,354.55999755859375,364.3800048828125,354.05999755859375,363.9700012207031,172304200
2020-11-10,330.0575866699219,354.0400085449219,355.17999267578125,350.510009765625,353.489990234375,85552000
2020-11-11,332.5093994140625,356.6700134277344,357.55999755859375,355.05999755859375,356.3999938964844,58649000
2020-11-12,329.28375244140625,353.2099914550781,356.7200012207031,351.260009765625,355.5799865722656,67546200
2020-11-13,333.8426818847656,358.1000061035156,358.8999938964844,354.7099914550781,355.2699890136719,62892200
2020-11-16,338.009765625,362.57000732421875,362.7799987792969,359.5899963378906,360.9800109863281,74541100
2020-11-17,336.1918029785156,360.6199951171875,361.9200134277344,358.3399963378906,359.9700012207031,66111000
2020-11-18,332.1458740234375,356.2799987792969,361.5,356.239990234375,360.9100036621094,70591300
2020-11-19,333.54425048828125,357.7799987792969,358.17999267578125,354.1499938964844,355.6000061035156,59940900
2020-11-20,331.2602233886719,355.3299865722656,357.7200012207031,355.25,357.5,70417300
2020-11-23,333.24591064453125,357.4599914550781,358.82000732421875,354.8699951171875,357.2799987792969,63230600
2020-11-24,338.6157531738281,363.2200012207031,363.80999755859375,359.2900085449219,360.2099914550781,62415900
2020-11-25,338.09368896484375,362.6600036621094,363.1600036621094,361.4800109863281,363.1300048828125,45330900
2020-11-27,339.0353088378906,363.6700134277344,364.17999267578125,362.5799865722656,363.8399963378906,28514100
2020-11-30,337.5343322753906,362.05999755859375,363.1199951171875,359.1700134277344,362.8299865722656,83872700
2020-12-01,341.22607421875,366.0199890136719,367.67999267578125,364.92999267578125,365.57000732421875,74231400
2020-12-02,341.94390869140625,366.7900085449219,366.9599914550781,364.20001220703125,364.82000732421875,45927000
2020-12-03,341.8507080078125,366.69000244140625,368.19000244140625,365.5,366.67999267578125,62882000
2020-12-04,344.7967529296875,369.8500061035156,369.8500061035156,367.2200012207031,367.32000732421875,50749900
2020-12-07,344.088134765625,369.0899963378906,369.6199951171875,367.7200012207031,369.0199890136719,48944300
2020-12-08,345.0950012207031,370.1700134277344,370.7799987792969,367.6700134277344,367.7200012207031,42458900
2020-12-09,341.9999084472656,366.8500061035156,371.04998779296875,365.95001220703125,370.8800048828125,74098300
2020-12-10,341.88800048828125,366.7300109863281,367.8599853515625,364.42999267578125,365.3699951171875,57735400
2020-12-11,341.48712158203125,366.29998779296875,366.739990234375,363.260009765625,364.8999938964844,57698600
2020-12-14,339.9580993652344,364.6600036621094,369.79998779296875,364.4700012207031,368.6400146484375,69216200
2020-12-15,344.5542297363281,369.5899963378906,369.5899963378906,365.9200134277344,367.3999938964844,63865300
2020-12-16,345.0950012207031,370.1700134277344,371.1600036621094,368.8699951171875,369.82000732421875,58420500
2020-12-17,347.0246887207031,372.239990234375,372.4599914550781,371.04998779296875,371.94000244140625,64119500
2020-12-18,345.6390380859375,369.17999267578125,371.1499938964844,367.0199890136719,370.9700012207031,136542300
2020-12-21,344.4032897949219,367.8599853515625,378.4599914550781,362.0299987792969,364.9700012207031,96386700
2020-12-22,343.8228759765625,367.239990234375,368.3299865722656,366.0299987792969,368.2099914550781,47949000
2020-12-23,344.1318359375,367.57000732421875,369.6199951171875,367.2200012207031,368.2799987792969,46201400
2020-12-24,345.4705505371094,369.0,369.0299987792969,367.45001220703125,368.0799865722656,26457900
2020-12-28,348.4384765625,372.1700134277344,372.5899963378906,371.07000732421875,371.739990234375,39000400
2020-12-29,347.77374267578125,371.4599914550781,374.0,370.8299865722656,373.80999755859375,53680500
2020-12-30,348.2699279785156,371.989990234375,373.1000061035156,371.57000732421875,372.3399963378906,49455300
2020-12-31,350.0393981933594,373.8800048828125,374.6600036621094,371.2300109863281,371.7799987792969,78520700
2021-01-04,345.2740173339844,368.7900085449219,375.45001220703125,364.82000732421875,375.30999755859375,110210800
2021-01-05,347.65203857421875,371.3299865722656,372.5,368.04998779296875,368.1000061035156,66426200
2021-01-06,349.7304382324219,373.54998779296875,376.9800109863281,369.1199951171875,369.7099914550781,107997700
2021-01-07,354.92657470703125,379.1000061035156,379.8999938964844,375.9100036621094,376.1000061035156,68766800
2021-01-08,356.9488220214844,381.260009765625,381.489990234375,377.1000061035156,380.5899963378906,71677200
2021-01-11,354.5426330566406,378.69000244140625,380.5799865722656,377.7200012207031,377.8500061035156,51034700
2021-01-12,354.61761474609375,378.7699890136719,379.8599853515625,376.3599853515625,378.8900146484375,52547700
2021-01-13,355.5726013183594,379.7900085449219,380.8599853515625,377.8500061035156,378.69000244140625,45303600
2021-01-14,354.3273620605469,378.4599914550781,381.1300048828125,378.1000061035156,380.5899963378906,49989100
2021-01-15,351.74334716796875,375.70001220703125,377.5799865722656,373.70001220703125,376.7200012207031,107160000
2021-01-19,354.5052490234375,378.6499938964844,379.2300109863281,376.75,378.3399963378906,51233300
2021-01-20,359.4111633300781,383.8900146484375,384.7900085449219,380.69000244140625,381.1099853515625,61836100
2021-01-21,359.73883056640625,384.239990234375,384.95001220703125,383.25,384.489990234375,47840100
2021-01-22,358.4655456542969,382.8800048828125,384.1300048828125,381.8399963378906,382.25,52860500
2021-01-25,359.8792724609375,384.3900146484375,384.7699890136719,378.4599914550781,383.6700134277344,70402000
2021-01-26,359.3175048828125,383.7900085449219,385.8500061035156,383.5400085449219,385.4100036621094,42665300
2021-01-27,350.5356140136719,374.4100036621094,380.32000732421875,372.010009765625,380.2200012207031,123351100
2021-01-28,353.5503234863281,377.6300048828125,381.92999267578125,375.8900146484375,376.3599853515625,94198100
2021-01-29,346.472412109375,370.07000732421875,376.6700134277344,368.2699890136719,375.6300048828125,126765100
2021-02-01,352.2396240234375,376.2300109863281,377.3399963378906,370.3800048828125,373.7200012207031,75817600
2021-02-02,357.22027587890625,381.54998779296875,383.2200012207031,376.32000732421875,379.6499938964844,64450700
2021-02-03,357.5011901855469,381.8500061035156,383.70001220703125,380.4800109863281,382.44000244140625,52427100
2021-02-04,361.564453125,386.19000244140625,386.239990234375,381.9700012207031,382.9599914550781,47142600
2021-02-05,362.9875183105469,387.7099914550781,388.4700012207031,386.1400146484375,388.20001220703125,48669800
2021-02-08,365.6089782714844,390.510009765625,390.55999755859375,388.3500061035156,389.2699890136719,38365200
2021-02-09,365.3655090332031,390.25,390.8900146484375,389.1700134277344,389.6099853515625,35551100
2021-02-10,365.2064208984375,390.0799865722656,392.2799987792969,387.5,392.1199951171875,59154400
2021-02-11,365.7962341308594,390.7099914550781,391.69000244140625,388.1000061035156,391.239990234375,42913300
2021-02-12,367.6031494140625,392.6400146484375,392.8999938964844,389.7699890136719,389.8500061035156,50593300
2021-02-16,367.284912109375,392.29998779296875,394.1700134277344,391.5299987792969,393.9599914550781,50972400
2021-02-17,367.36920166015625,392.3900146484375,392.6600036621094,389.3299865722656,390.4200134277344,52290600
2021-02-18,365.8055419921875,390.7200012207031,391.5199890136719,387.739990234375,389.5899963378906,59712800
2021-02-19,365.1596374511719,390.0299987792969,392.3800048828125,389.54998779296875,392.07000732421875,83241000
2021-02-22,362.3509521484375,387.0299987792969,389.6199951171875,386.739990234375,387.05999755859375,67414200
2021-02-23,362.79095458984375,387.5,388.95001220703125,380.20001220703125,384.6600036621094,107284100
2021-02-24,366.7886657714844,391.7699890136719,392.2300109863281,385.2699890136719,386.3299865722656,72433900
2021-02-25,357.9505615234375,382.3299865722656,391.8800048828125,380.7799987792969,390.4100036621094,146670500
2021-02-26,356.1062316894531,380.3599853515625,385.5799865722656,378.2300109863281,384.3500061035156,152701600
2021-03-01,364.73828125,389.5799865722656,390.9200134277344,380.57000732421875,385.5899963378906,105348800
2021-03-02,361.8921813964844,386.5400085449219,390.07000732421875,386.0,389.82000732421875,79595300
2021-03-03,357.0986328125,381.4200134277344,386.8299865722656,381.30999755859375,385.7900085449219,119940200
2021-03-04,352.6796569824219,376.70001220703125,384.0,371.8800048828125,381.2200012207031,183433000
2021-03-05,359.16766357421875,383.6300048828125,384.760009765625,372.6400146484375,380.4599914550781,152039600
2021-03-08,357.3795471191406,381.7200012207031,387.67999267578125,381.4200134277344,384.6600036621094,123149200
2021-03-09,362.48193359375,387.1700134277344,389.9100036621094,385.30999755859375,385.8500061035156,113633600
2021-03-10,364.73828125,389.5799865722656,391.3999938964844,388.1700134277344,389.69000244140625,109899400
2021-03-11,368.4364318847656,393.5299987792969,395.6499938964844,391.739990234375,392.2300109863281,86245000
2021-03-12,368.9326171875,394.05999755859375,394.2099914550781,391.20001220703125,392.07000732421875,64653600
2021-03-15,371.1327209472656,396.4100036621094,396.69000244140625,392.0299987792969,394.3299865722656,73427200
2021-03-16,370.6646728515625,395.9100036621094,397.8299865722656,395.0799865722656,397.07000732421875,73722500
2021-03-17,371.9284973144531,397.260009765625,398.1199951171875,393.29998779296875,394.5299987792969,97959300
2021-03-18,366.51708984375,391.4800109863281,396.7200012207031,390.75,394.4800109863281,115349100
2021-03-19,365.8389587402344,389.4800109863281,391.57000732421875,387.1499938964844,389.8800048828125,113624500
2021-03-22,368.7601318359375,392.5899963378906,394.07000732421875,389.9700012207031,390.0299987792969,73778600
2021-03-23,365.85772705078125,389.5,393.4599914550781,388.6600036621094,391.9100036621094,90686600
2021-03-24,363.9978942871094,387.5199890136719,392.75,387.4700012207031,391.0,97588600
2021-03-25,366.0456848144531,389.70001220703125,390.54998779296875,383.8999938964844,385.9800109863281,116128600
2021-03-26,371.9444885253906,395.9800109863281,396.4100036621094,390.2900085449219,390.92999267578125,114409100
2021-03-29,371.756591796875,395.7799987792969,396.75,392.80999755859375,394.3999938964844,108107600
2021-03-30,370.7702331542969,394.7300109863281,395.45001220703125,393.0199890136719,394.4200134277344,76262200
2021-03-31,372.273193359375,396.3299865722656,398.0,395.30999755859375,395.3399963378906,112734200
2021-04-01,376.2933349609375,400.6099853515625,400.6700134277344,398.17999267578125,398.3999938964844,99682900
2021-04-05,381.6943664550781,406.3599853515625,406.94000244140625,403.3800048828125,403.4599914550781,91684800
2021-04-06,381.4689025878906,406.1199951171875,407.239990234375,405.3999938964844,405.760009765625,62021000
2021-04-07,381.9104309082031,406.5899963378906,406.9599914550781,405.45001220703125,405.94000244140625,55836300
2021-04-08,383.7232666015625,408.5199890136719,408.5799865722656,406.92999267578125,407.92999267578125,57863100
2021-04-09,386.512939453125,411.489990234375,411.6700134277344,408.260009765625,408.3900146484375,61104600
2021-04-12,386.65386962890625,411.6400146484375,411.92999267578125,410.20001220703125,410.8500061035156,56704900
2021-04-13,387.7998352050781,412.8599853515625,413.5299987792969,411.1199951171875,411.5299987792969,56551000
2021-04-14,386.4754333496094,411.45001220703125,413.9599914550781,410.8699951171875,412.8299865722656,61659900
2021-04-15,390.6270751953125,415.8699951171875,416.1600036621094,413.69000244140625,413.739990234375,60229800
2021-04-16,391.93280029296875,417.260009765625,417.9100036621094,415.7300109863281,417.25,82037300
2021-04-19,390.0072021484375,415.2099914550781,416.739990234375,413.7900085449219,416.260009765625,78498500
2021-04-20,387.1517639160156,412.1700134277344,415.0899963378906,410.5899963378906,413.9100036621094,81851800
2021-04-21,390.8150329589844,416.07000732421875,416.2900085449219,411.3599853515625,411.510009765625,66793000
2021-04-22,387.2456359863281,412.2699890136719,416.7799987792969,411.1300048828125,415.8900146484375,97582800
2021-04-23,391.4443359375,416.739990234375,418.25,412.7900085449219,412.8699951171875,73209200
2021-04-26,392.2614440917969,417.6099853515625,418.2200012207031,416.80999755859375,417.44000244140625,52182400
2021-04-27,392.17694091796875,417.5199890136719,418.1400146484375,416.29998779296875,417.92999267578125,51303100
2021-04-28,392.0642395019531,417.3999938964844,419.010009765625,416.8999938964844,417.80999755859375,51238900
2021-04-29,394.5627746582031,420.05999755859375,420.7200012207031,416.44000244140625,420.32000732421875,78544300
2021-04-30,391.9703369140625,417.29998779296875,418.5400085449219,416.3399963378906,417.6300048828125,85527000
2021-05-03,392.8157653808594,418.20001220703125,419.8399963378906,417.6700134277344,419.42999267578125,68128300
2021-05-04,390.392333984375,415.6199951171875,416.6000061035156,411.6700134277344,416.07000732421875,101591200
2021-05-05,390.514404296875,415.75,417.6300048828125,415.1499938964844,417.3800048828125,60162200
2021-05-06,393.63287353515625,419.07000732421875,419.2099914550781,413.67999267578125,415.8299865722656,74321400
2021-05-07,396.497802734375,422.1199951171875,422.82000732421875,419.1600036621094,419.8900146484375,67733800
2021-05-10,392.5714416503906,417.94000244140625,422.739990234375,417.80999755859375,422.5,81852400
2021-05-11,389.0678405761719,414.2099914550781,415.2699890136719,410.05999755859375,413.1000061035156,116888000
2021-05-12,380.8020324707031,405.4100036621094,412.5899963378906,404.0,411.2300109863281,134811000
2021-05-13,385.3764343261719,410.2799987792969,412.3500061035156,407.0199890136719,407.07000732421875,106394000
2021-05-14,391.2939758300781,416.5799865722656,417.489990234375,413.17999267578125,413.2099914550781,82201600
2021-05-17,390.29833984375,415.5199890136719,416.3900146484375,413.3599853515625,415.3900146484375,65129200
2021-05-18,386.93572998046875,411.94000244140625,416.05999755859375,411.7699890136719,415.79998779296875,59810200
2021-05-19,385.9212341308594,410.8599853515625,411.04998779296875,405.3299865722656,406.9200134277344,106467100
2021-05-20,390.07293701171875,415.2799987792969,416.6300048828125,411.6700134277344,411.79998779296875,78022200
2021-05-21,389.7535400390625,414.94000244140625,418.20001220703125,414.45001220703125,416.8699951171875,76578700
2021-05-24,393.726806640625,419.1700134277344,420.32000732421875,417.0799865722656,417.3399963378906,51376700
2021-05-25,392.8532409667969,418.239990234375,420.7099914550781,417.6199951171875,420.3299865722656,57451400
2021-05-26,393.63287353515625,419.07000732421875,419.6099853515625,417.760009765625,418.8699951171875,43088600
2021-05-27,393.83953857421875,419.2900085449219,420.7200012207031,418.989990234375,420.1700134277344,56707700
2021-05-28,394.5440673828125,420.0400085449219,421.25,419.7900085449219,420.9700012207031,58520200
2021-06-01,394.1965026855469,419.6700134277344,422.7200012207031,419.20001220703125,422.57000732421875,54216600
2021-06-02,394.81640625,420.3299865722656,421.2300109863281,419.2900085449219,420.3699951171875,49097100
2021-06-03,393.35107421875,418.7699890136719,419.989990234375,416.2799987792969,417.8500061035156,58138800
2021-06-04,396.94866943359375,422.6000061035156,422.9200134277344,418.8399963378906,420.75,55938800
2021-06-07,396.56353759765625,422.19000244140625,422.7799987792969,421.19000244140625,422.5899963378906,51555000
2021-06-08,396.6480712890625,422.2799987792969,423.2099914550781,420.32000732421875,423.1099853515625,47134300
2021-06-09,396.0562438964844,421.6499938964844,423.260009765625,421.4100036621094,423.17999267578125,48436300
2021-06-10,397.8973083496094,423.6099853515625,424.6300048828125,421.54998779296875,422.9599914550781,51020100
2021-06-11,398.5548095703125,424.30999755859375,424.42999267578125,422.82000732421875,424.20001220703125,45570800
2021-06-14,399.4471740722656,425.260009765625,425.3699951171875,423.1000061035156,424.42999267578125,42358500
2021-06-15,398.71453857421875,424.4800109863281,425.4599914550781,423.5400085449219,425.4200134277344,51508500
2021-06-16,396.4883728027344,422.1099853515625,424.8699951171875,419.9200134277344,424.6300048828125,80386100
2021-06-17,396.3569030761719,421.9700012207031,423.0199890136719,419.32000732421875,421.6700134277344,90949700
2021-06-18,391.0097961425781,414.9200134277344,417.8299865722656,414.70001220703125,417.0899963378906,118676300
2021-06-21,396.6075439453125,420.8599853515625,421.05999755859375,415.92999267578125,416.79998779296875,72822000
2021-06-22,398.72784423828125,423.1099853515625,424.0,420.0799865722656,420.8500061035156,57700300
2021-06-23,398.2473449707031,422.6000061035156,424.04998779296875,422.510009765625,423.19000244140625,49445400
2021-06-24,400.6031799316406,425.1000061035156,425.54998779296875,424.6199951171875,424.8900146484375,45110300
2021-06-25,402.02618408203125,426.6099853515625,427.0899963378906,425.54998779296875,425.8999938964844,58129500
2021-06-28,402.83660888671875,427.4700012207031,427.6499938964844,425.8900146484375,427.1700134277344,53159600
2021-06-29,403.0533752441406,427.70001220703125,428.55999755859375,427.1300048828125,427.8800048828125,35970500
2021-06-30,403.3925476074219,428.05999755859375,428.7799987792969,427.17999267578125,427.2099914550781,64827900
2021-07-01,405.6260070800781,430.42999267578125,430.6000061035156,428.79998779296875,428.8699951171875,53441000
2021-07-02,408.7264709472656,433.7200012207031,434.1000061035156,430.5199890136719,431.6700134277344,57697700
2021-07-06,407.98199462890625,432.92999267578125,434.010009765625,430.010009765625,433.7799987792969,68710400
2021-07-07,409.42376708984375,434.4599914550781,434.760009765625,431.510009765625,433.6600036621094,63549500
2021-07-08,406.08782958984375,430.9200134277344,431.7300109863281,427.5199890136719,428.7799987792969,97595200
2021-07-09,410.4227294921875,435.5199890136719,435.8399963378906,430.7099914550781,432.5299987792969,76238600
2021-07-12,411.8927917480469,437.0799865722656,437.3500061035156,434.9700012207031,435.42999267578125,52889600
2021-07-13,410.48870849609375,435.5899963378906,437.8399963378906,435.30999755859375,436.239990234375,52911300
2021-07-14,411.10125732421875,436.239990234375,437.9200134277344,434.9100036621094,437.3999938964844,64130400
2021-07-15,409.6970520019531,434.75,435.5299987792969,432.7200012207031,434.80999755859375,55126400
2021-07-16,406.4836120605469,431.3399963378906,436.05999755859375,430.9200134277344,436.010009765625,75874700
2021-07-19,400.480712890625,424.9700012207031,431.4100036621094,421.9700012207031,426.19000244140625,147987000
2021-07-20,406.2197570800781,431.05999755859375,432.4200134277344,424.8299865722656,425.67999267578125,99608200
2021-07-21,409.5086364746094,434.54998779296875,434.70001220703125,431.010009765625,432.3399963378906,64724400
2021-07-22,410.36614990234375,435.4599914550781,435.7200012207031,433.69000244140625,434.739990234375,47878500
2021-07-23,414.5879821777344,439.94000244140625,440.29998779296875,436.7900085449219,437.5199890136719,63766600
2021-07-26,415.6058349609375,441.0199890136719,441.0299987792969,439.260009765625,439.30999755859375,43719200
2021-07-27,413.71160888671875,439.010009765625,439.94000244140625,435.989990234375,439.9100036621094,67397100
2021-07-28,413.5419921875,438.8299865722656,440.29998779296875,437.30999755859375,439.67999267578125,52472400
2021-07-29,415.2571105957031,440.6499938964844,441.79998779296875,439.80999755859375,439.82000732421875,47435300
2021-07-30,413.24041748046875,438.510009765625,440.05999755859375,437.7699890136719,437.9100036621094,68951200
2021-08-02,412.3734436035156,437.5899963378906,440.92999267578125,437.2099914550781,440.3399963378906,58783300
2021-08-03,415.7283020019531,441.1499938964844,441.2799987792969,436.1000061035156,438.44000244140625,58053900
2021-08-04,413.683349609375,438.9800109863281,441.1199951171875,438.7300109863281,439.7799987792969,46732200
2021-08-05,416.30322265625,441.760009765625,441.8500061035156,439.8800048828125,440.2200012207031,38969700
2021-08-06,416.9910583496094,442.489990234375,442.94000244140625,441.79998779296875,442.1000061035156,46930000
2021-08-09,416.65185546875,442.1300048828125,442.79998779296875,441.30999755859375,442.4599914550781,41222600
2021-08-10,417.170166015625,442.67999267578125,443.44000244140625,441.8800048828125,442.6099853515625,43339300
2021-08-11,418.20672607421875,443.7799987792969,443.8800048828125,442.6199951171875,443.82000732421875,44034300
2021-08-12,419.4600830078125,445.1099853515625,445.260009765625,442.6600036621094,443.6199951171875,38909400
2021-08-13,420.2234802246094,445.9200134277344,445.94000244140625,445.07000732421875,445.5899963378906,39470300
2021-08-16,421.21295166015625,446.9700012207031,447.1099853515625,442.8699951171875,444.5299987792969,73740000
2021-08-17,418.4517517089844,444.0400085449219,444.9599914550781,440.8500061035156,444.239990234375,92673900
2021-08-18,413.8717956542969,439.17999267578125,444.6300048828125,438.9200134277344,442.9599914550781,89351900
2021-08-19,414.5126953125,439.8599853515625,441.1400146484375,436.1199951171875,436.2699890136719,92812200
2021-08-20,417.8109436035156,443.3599853515625,443.7099914550781,439.7099914550781,440.2300109863281,72008700
2021-08-23,421.4862365722656,447.260009765625,448.2300109863281,443.44000244140625,445.1600036621094,54973000
2021-08-24,422.15533447265625,447.9700012207031,448.5400085449219,447.4200134277344,447.9700012207031,38744700
2021-08-25,423.0411682128906,448.9100036621094,449.4599914550781,447.7699890136719,448.1700134277344,40529700
2021-08-26,420.54388427734375,446.260009765625,448.8599853515625,446.1600036621094,448.6099853515625,57829600
2021-08-27,424.303955078125,450.25,450.6499938964844,447.05999755859375,447.1199951171875,77235100
2021-08-30,426.1697998046875,452.2300109863281,453.07000732421875,450.7099914550781,450.9700012207031,48357400
2021-08-31,425.5384521484375,451.55999755859375,452.489990234375,450.9200134277344,452.1300048828125,59300200
2021-09-01,425.7646179199219,451.79998779296875,453.1099853515625,451.54998779296875,452.55999755859375,48721400
2021-09-02,427.0744934082031,453.19000244140625,454.04998779296875,451.9100036621094,453.32000732421875,42501000
2021-09-03,426.9708251953125,453.0799865722656,453.6300048828125,451.54998779296875,451.9800109863281,47170500
2021-09-07,425.4441833496094,451.4599914550781,452.80999755859375,450.739990234375,452.7099914550781,51671500
2021-09-08,424.9259033203125,450.9100036621094,451.6700134277344,448.8599853515625,450.8900146484375,56181900
2021-09-09,423.1070861816406,448.9800109863281,452.57000732421875,448.7200012207031,450.70001220703125,57970400
2021-09-10,419.7710876464844,445.44000244140625,451.489990234375,445.30999755859375,451.0400085449219,89948200
2021-09-13,420.84539794921875,446.5799865722656,448.9200134277344,444.1099853515625,448.6400146484375,83738600
2021-09-14,418.57427978515625,444.1700134277344,448.3399963378906,443.2200012207031,448.1199951171875,78197100
2021-09-15,422.07049560546875,447.8800048828125,448.4100036621094,443.44000244140625,444.6199951171875,78792200
2021-09-16,421.4014587402344,447.1700134277344,448.3599853515625,444.0199890136719,447.32000732421875,77786700
2021-09-17,417.2964782714844,441.3999938964844,445.3699951171875,441.0199890136719,444.9200134277344,118425000
2021-09-20,410.3384704589844,434.0400085449219,436.55999755859375,428.8599853515625,434.8800048828125,166445500
2021-09-21,409.9508056640625,433.6300048828125,437.9100036621094,433.07000732421875,436.5299987792969,92526100
2021-09-22,413.9497985839844,437.8599853515625,440.0299987792969,433.75,436.04998779296875,102350100
2021-09-23,418.9793395996094,443.17999267578125,444.8900146484375,439.6000061035156,439.8500061035156,76396000
2021-09-24,419.6694641113281,443.9100036621094,444.6700134277344,441.2099914550781,441.44000244140625,62094800
2021-09-27,418.46881103515625,442.6400146484375,444.04998779296875,441.8999938964844,442.80999755859375,61371100
2021-09-28,410.035888671875,433.7200012207031,440.0400085449219,432.94000244140625,439.69000244140625,130436300
2021-09-29,410.72601318359375,434.45001220703125,437.0400085449219,433.8500061035156,435.19000244140625,82329200
2021-09-30,405.7060241699219,429.1400146484375,436.7699890136719,428.7799987792969,436.0199890136719,140506000
2021-10-01,410.5274658203125,434.239990234375,436.0299987792969,427.2300109863281,430.9800109863281,129240100
2021-10-04,405.2333068847656,428.6400146484375,433.9599914550781,426.3599853515625,433.0,128570000
2021-10-05,409.4498291015625,433.1000061035156,435.489990234375,429.3900146484375,430.239990234375,90682500
2021-10-06,411.15142822265625,434.8999938964844,435.1199951171875,427.5400085449219,429.2699890136719,113032200
2021-10-07,414.7061462402344,438.6600036621094,441.67999267578125,438.20001220703125,438.3900146484375,72437500
2021-10-08,413.9497985839844,437.8599853515625,439.8900146484375,437.19000244140625,439.4800109863281,74557400
2021-10-11,410.9529113769531,434.69000244140625,440.260009765625,434.6199951171875,437.1600036621094,65233300
2021-10-12,409.9413146972656,433.6199951171875,436.1000061035156,432.7799987792969,435.6700134277344,71181200
2021-10-13,411.4161376953125,435.17999267578125,436.04998779296875,431.5400085449219,434.7099914550781,72974000
2021-10-14,418.33648681640625,442.5,442.6600036621094,438.5799865722656,439.0799865722656,70236800
2021-10-15,421.52239990234375,445.8699951171875,446.260009765625,444.0899963378906,444.75,66260200
2021-10-18,422.7703857421875,447.19000244140625,447.54998779296875,443.2699890136719,443.9700012207031,62213200
2021-10-19,426.031982421875,450.6400146484375,450.7099914550781,448.2699890136719,448.9200134277344,46996800
2021-10-20,427.70526123046875,452.4100036621094,452.7300109863281,451.010009765625,451.1300048828125,49571600
2021-10-21,428.8208312988281,453.5899963378906,453.8299865722656,451.30999755859375,451.7699890136719,41305400
2021-10-22,428.37652587890625,453.1199951171875,454.6700134277344,451.04998779296875,453.1300048828125,58845100
2021-10-25,430.673828125,455.54998779296875,455.8999938964844,452.3900146484375,454.2799987792969,45214500
2021-10-26,431.0614013671875,455.9599914550781,458.489990234375,455.55999755859375,457.20001220703125,56075100
2021-10-27,429.1517639160156,453.94000244140625,457.1600036621094,453.8599853515625,456.45001220703125,72438000
2021-10-28,433.2926025390625,458.32000732421875,458.3999938964844,455.45001220703125,455.4599914550781,51437900
2021-10-29,434.1717834472656,459.25,459.55999755859375,455.55999755859375,455.8699951171875,70162400
2021-11-01,434.9186706542969,460.0400085449219,460.70001220703125,458.20001220703125,460.29998779296875,48433600
2021-11-02,436.6770324707031,461.8999938964844,462.2300109863281,460.0799865722656,460.2200012207031,48908400
2021-11-03,439.3431091308594,464.7200012207031,465.1499938964844,460.8299865722656,461.29998779296875,52509800
2021-11-04,441.4135437011719,466.9100036621094,467.0,464.989990234375,465.3599853515625,52847100
2021-11-05,442.9450378417969,468.5299987792969,470.6499938964844,466.9200134277344,469.2799987792969,66390600
2021-11-08,443.32318115234375,468.92999267578125,470.2300109863281,468.20001220703125,469.70001220703125,50405200
2021-11-09,441.85784912109375,467.3800048828125,469.57000732421875,465.8800048828125,469.32000732421875,51149100
2021-11-10,438.3031311035156,463.6199951171875,467.3800048828125,462.0400085449219,465.5799865722656,69429700
2021-11-11,438.4449768066406,463.7699890136719,465.2900085449219,463.75,465.2099914550781,34848500
2021-11-12,441.75384521484375,467.2699890136719,467.8599853515625,464.1099853515625,465.1199951171875,53466700
2021-11-15,441.90509033203125,467.42999267578125,468.80999755859375,466.2300109863281,468.6400146484375,46980500
2021-11-16,443.65411376953125,469.2799987792969,470.489990234375,467.07000732421875,467.1499938964844,48857500
2021-11-17,442.5763244628906,468.1400146484375,469.19000244140625,467.4800109863281,469.0,47858300
2021-11-18,444.0795593261719,469.7300109863281,470.010009765625,466.3399963378906,469.239990234375,50625600
2021-11-19,443.2853698730469,468.8900146484375,470.94000244140625,468.5,469.6099853515625,57315600
2021-11-22,442.0374450683594,467.57000732421875,473.5400085449219,467.3500061035156,470.8900146484375,72762000
2021-11-23,442.62359619140625,468.19000244140625,469.1000061035156,464.45001220703125,467.2200012207031,73206500
2021-11-24,443.80535888671875,469.44000244140625,469.57000732421875,465.19000244140625,466.05999755859375,61858800
2021-11-26,433.9071044921875,458.9700012207031,463.8999938964844,457.7699890136719,462.3399963378906,112669600
2021-11-29,439.2296447753906,464.6000061035156,466.55999755859375,461.7300109863281,464.07000732421875,86268800
2021-11-30,430.6833190917969,455.55999755859375,464.0299987792969,455.29998779296875,462.0,148559600
2021-12-01,425.8995361328125,450.5,464.6700134277344,450.2900085449219,461.6400146484375,131939200
2021-12-02,432.42279052734375,457.3999938964844,459.07000732421875,450.30999755859375,450.7300109863281,127637800
2021-12-03,428.6601867675781,453.4200134277344,460.29998779296875,448.9200134277344,459.1700134277344,137331600
2021-12-06,433.7369079589844,458.7900085449219,460.7900085449219,453.55999755859375,456.1300048828125,98977500
2021-12-07,442.70867919921875,468.2799987792969,468.8800048828125,458.6499938964844,464.4100036621094,95484700
2021-12-08,443.8808898925781,469.5199890136719,470.0,466.8299865722656,468.70001220703125,72238800
2021-12-09,440.8840637207031,466.3500061035156,469.6300048828125,466.1400146484375,468.1499938964844,61272600
2021-12-10,445.0343017578125,470.739990234375,470.8999938964844,466.510009765625,469.2300109863281,77159800
2021-12-13,441.092041015625,466.57000732421875,470.55999755859375,466.2699890136719,470.19000244140625,87724700
2021-12-14,438.05731201171875,463.3599853515625,465.739990234375,460.25,463.0899963378906,97264100
2021-12-15,444.9019775390625,470.6000061035156,470.8599853515625,460.739990234375,463.4200134277344,116899300
2021-12-16,440.9786682128906,466.45001220703125,472.8699951171875,464.79998779296875,472.57000732421875,116568600
2021-12-17,436.2852783203125,459.8699951171875,464.739990234375,458.05999755859375,461.54998779296875,135511600
2021-12-20,431.6461181640625,454.9800109863281,455.3999938964844,451.1400146484375,454.4800109863281,107134800
2021-12-21,439.311767578125,463.05999755859375,463.2099914550781,456.30999755859375,458.6099853515625,69806300
2021-12-22,443.70428466796875,467.69000244140625,467.80999755859375,462.5799865722656,462.7900085449219,58890200
2021-12-23,446.4649963378906,470.6000061035156,472.19000244140625,468.6400146484375,468.75,56439700
2021-12-27,452.783447265625,477.260009765625,477.30999755859375,472.010009765625,472.05999755859375,56808600
2021-12-28,452.41351318359375,476.8699951171875,478.80999755859375,476.05999755859375,477.7200012207031,47274600
2021-12-29,452.9922180175781,477.4800109863281,478.55999755859375,475.9200134277344,476.9800109863281,54503000
2021-12-30,451.73992919921875,476.1600036621094,479.0,475.6700134277344,477.92999267578125,55329000
2021-12-31,450.6014404296875,474.9599914550781,476.8599853515625,474.6700134277344,475.6400146484375,65237400
2022-01-03,453.2103576660156,477.7099914550781,477.8500061035156,473.8500061035156,476.29998779296875,72668200
2022-01-04,453.05859375,477.54998779296875,479.9800109863281,475.5799865722656,479.2200012207031,71178700
2022-01-05,444.35882568359375,468.3800048828125,477.9800109863281,468.2799987792969,477.1600036621094,104538900
2022-01-06,443.9415283203125,467.94000244140625,470.82000732421875,465.42999267578125,467.8900146484375,86858900
2022-01-07,442.1864013671875,466.0899963378906,469.20001220703125,464.6499938964844,467.95001220703125,85111600
2022-01-10,441.6361083984375,465.510009765625,465.739990234375,456.6000061035156,462.70001220703125,119362000
2022-01-11,445.6586608886719,469.75,469.8500061035156,462.04998779296875,465.2300109863281,74303100
2022-01-12,446.86346435546875,471.0199890136719,473.20001220703125,468.94000244140625,471.5899963378906,67605400
2022-01-13,440.7063293457031,464.5299987792969,472.8800048828125,463.44000244140625,472.19000244140625,91173100
2022-01-14,440.8866271972656,464.7200012207031,465.0899963378906,459.8999938964844,461.19000244140625,95890900
2022-01-18,433.0787048339844,456.489990234375,459.9599914550781,455.30999755859375,459.739990234375,109709100
2022-01-19,428.581787109375,451.75,459.6099853515625,451.4599914550781,458.1300048828125,109357600
2022-01-20,423.8382263183594,446.75,458.739990234375,444.5,453.75,122379700
2022-01-21,415.5179443359375,437.9800109863281,448.05999755859375,437.95001220703125,445.55999755859375,202271200
2022-01-24,417.2825927734375,439.8399963378906,440.3800048828125,420.760009765625,432.0299987792969,251783900
2022-01-25,412.18798828125,434.4700012207031,439.7200012207031,427.1499938964844,433.05999755859375,167997300
2022-01-26,411.1539611816406,433.3800048828125,444.0400085449219,428.8599853515625,440.7200012207031,186391100
2022-01-27,409.1236267089844,431.239990234375,441.5899963378906,429.45001220703125,438.260009765625,149878300
2022-01-28,419.28436279296875,441.95001220703125,442.0,427.82000732421875,432.67999267578125,164457400
2022-01-31,426.8361511230469,449.9100036621094,450.2799987792969,439.80999755859375,441.239990234375,152251400
2022-02-01,429.7201843261719,452.95001220703125,453.6300048828125,446.94000244140625,450.67999267578125,123155400
2022-02-02,433.89459228515625,457.3500061035156,458.1199951171875,453.04998779296875,455.5,117361000
2022-02-03,423.6958923339844,446.6000061035156,452.9700012207031,445.7099914550781,450.95001220703125,118024400
2022-02-04,425.6882019042969,448.70001220703125,452.7799987792969,443.8299865722656,446.3500061035156,118454400
2022-02-07,424.32208251953125,447.260009765625,450.989990234375,445.8500061035156,449.510009765625,84472900
2022-02-08,427.8133239746094,450.94000244140625,451.9200134277344,445.2200012207031,446.7300109863281,81012000
2022-02-09,434.0748596191406,457.5400085449219,457.8800048828125,455.010009765625,455.2200012207031,92589900
2022-02-10,426.2764587402344,449.32000732421875,457.7099914550781,447.20001220703125,451.3399963378906,140103700
2022-02-11,417.87078857421875,440.4599914550781,451.6099853515625,438.94000244140625,449.4100036621094,153214600
2022-02-14,416.504638671875,439.0199890136719,441.6000061035156,435.3399963378906,439.9200134277344,123006300
2022-02-15,423.2215576171875,446.1000061035156,446.2799987792969,443.17999267578125,443.7300109863281,88482700
2022-02-16,423.6958923339844,446.6000061035156,448.05999755859375,441.94000244140625,443.92999267578125,84863600
2022-02-17,414.6451416015625,437.05999755859375,446.57000732421875,436.4200134277344,443.2200012207031,102259100
2022-02-18,411.9602966308594,434.2300109863281,438.6600036621094,431.82000732421875,437.3299865722656,132642900
2022-02-22,407.53936767578125,429.57000732421875,435.5,425.8599853515625,431.8900146484375,124391800
2022-02-23,400.31005859375,421.95001220703125,433.260009765625,421.3500061035156,432.6600036621094,132578000
2022-02-24,406.3343811035156,428.29998779296875,428.760009765625,410.6400146484375,411.0199890136719,213942900
2022-02-25,415.2997741699219,437.75,437.8399963378906,427.8599853515625,429.6099853515625,121804500
2022-02-28,414.2372131347656,436.6300048828125,438.20001220703125,430.70001220703125,432.0299987792969,145615000
2022-03-01,407.92828369140625,429.9800109863281,437.1700134277344,427.1099853515625,435.0400085449219,137785900
2022-03-02,415.4326477050781,437.8900146484375,439.7200012207031,431.57000732421875,432.3699951171875,117726500
2022-03-03,413.36444091796875,435.7099914550781,441.1099853515625,433.79998779296875,440.4700012207031,105501700
2022-03-04,410.0059814453125,432.1700134277344,433.3699951171875,427.8800048828125,431.75,113978200
2022-03-07,397.9193420410156,419.42999267578125,432.29998779296875,419.3599853515625,431.54998779296875,137896600
2022-03-08,394.90240478515625,416.25,427.2099914550781,415.1199951171875,419.6199951171875,164772700
2022-03-09,405.4900817871094,427.4100036621094,429.510009765625,422.82000732421875,425.1400146484375,116990800
2022-03-10,403.65899658203125,425.4800109863281,426.42999267578125,420.44000244140625,422.5199890136719,93972700
2022-03-11,398.5265197753906,420.07000732421875,428.7699890136719,419.5299987792969,428.1199951171875,95636300
2022-03-14,395.6139221191406,417.0,424.54998779296875,415.7900085449219,420.8900146484375,95729200
2022-03-15,404.31365966796875,426.1700134277344,426.8399963378906,418.4200134277344,419.7699890136719,106219100
2022-03-16,413.2789611816406,435.6199951171875,435.67999267578125,424.79998779296875,429.8900146484375,144954800
2022-03-17,418.4495544433594,441.07000732421875,441.07000732421875,433.19000244140625,433.5899963378906,102676900
2022-03-18,423.0326843261719,444.5199890136719,444.8599853515625,437.2200012207031,438.0,106345500
2022-03-21,422.9090270996094,444.3900146484375,446.4599914550781,440.67999267578125,444.3399963378906,88349800
2022-03-22,427.85760498046875,449.5899963378906,450.5799865722656,445.8599853515625,445.8599853515625,74650400
2022-03-23,422.3475036621094,443.79998779296875,448.489990234375,443.7099914550781,446.9100036621094,79426100
2022-03-24,428.7141418457031,450.489990234375,450.5,444.760009765625,445.94000244140625,64736900
2022-03-25,430.80780029296875,452.69000244140625,452.9800109863281,448.42999267578125,451.1600036621094,77101300
2022-03-28,433.87213134765625,455.9100036621094,455.9100036621094,450.05999755859375,452.05999755859375,68529800
2022-03-29,439.239501953125,461.54998779296875,462.07000732421875,457.17999267578125,460.0199890136719,86581500
2022-03-30,436.5272216796875,458.70001220703125,461.20001220703125,456.4700012207031,460.3399963378906,79666900
2022-03-31,429.8085632324219,451.6400146484375,458.760009765625,451.1600036621094,457.8900146484375,121699900
2022-04-01,431.02667236328125,452.9200134277344,453.4599914550781,449.1400146484375,453.30999755859375,89048800
2022-04-04,434.7190856933594,456.79998779296875,456.9100036621094,452.260009765625,453.1300048828125,59601000
2022-04-05,429.22796630859375,451.0299987792969,457.8299865722656,449.82000732421875,455.2200012207031,74214500
2022-04-06,424.93603515625,446.5199890136719,448.92999267578125,443.4700012207031,446.8900146484375,106898000
2022-04-07,427.0772705078125,448.7699890136719,450.69000244140625,443.5299987792969,445.5899963378906,78097200
2022-04-08,425.9353332519531,447.57000732421875,450.6300048828125,445.94000244140625,447.9700012207031,79272700
2022-04-11,418.6551208496094,439.9200134277344,445.0,439.3900146484375,444.1099853515625,89770500
2022-04-12,417.10382080078125,438.2900085449219,445.75,436.6499938964844,443.0799865722656,84363600
2022-04-13,421.8811950683594,443.30999755859375,444.1099853515625,437.8399963378906,438.0299987792969,74070400
2022-04-14,416.6280212402344,437.7900085449219,444.7300109863281,437.67999267578125,443.54998779296875,97869500
2022-04-18,416.7992858886719,437.9700012207031,439.75,435.6099853515625,436.80999755859375,66002500
2022-04-19,423.5275573730469,445.0400085449219,445.79998779296875,437.67999267578125,437.8599853515625,77821000
2022-04-20,423.2135009765625,444.7099914550781,447.57000732421875,443.4800109863281,446.9200134277344,65224400
2022-04-21,416.885009765625,438.05999755859375,450.010009765625,437.1000061035156,448.5400085449219,85417300
2022-04-22,405.44598388671875,426.0400085449219,438.0799865722656,425.44000244140625,436.9100036621094,132471800
2022-04-25,407.79656982421875,428.510009765625,428.69000244140625,418.8399963378906,423.6700134277344,119647700
2022-04-26,395.9864807128906,416.1000061035156,426.0400085449219,416.07000732421875,425.8299865722656,103996300
2022-04-27,397.0998840332031,417.2699890136719,422.9200134277344,415.010009765625,417.239990234375,122030000
2022-04-28,407.13043212890625,427.80999755859375,429.6400146484375,417.6000061035156,422.2900085449219,105449100
2022-04-29,392.0846252441406,412.0,425.8699951171875,411.2099914550781,423.5899963378906,145491100
2022-05-02,394.44482421875,414.4800109863281,415.9200134277344,405.0199890136719,412.07000732421875,158312500
2022-05-03,396.2529296875,416.3800048828125,418.92999267578125,413.3599853515625,415.010009765625,100028200
2022-05-04,408.3199768066406,429.05999755859375,429.6600036621094,413.7099914550781,417.0799865722656,144247900
2022-05-05,393.8071594238281,413.80999755859375,425.0,409.44000244140625,424.54998779296875,172929100
2022-05-06,391.4565124511719,411.3399963378906,414.79998779296875,405.7300109863281,411.1000061035156,151770800
2022-05-09,378.9231872558594,398.1700134277344,406.4100036621094,396.5,405.1000061035156,155586100
2022-05-10,379.7987060546875,399.0899963378906,406.0799865722656,394.82000732421875,404.489990234375,132497200
2022-05-11,373.7651672363281,392.75,404.0400085449219,391.9599914550781,398.07000732421875,142361000
2022-05-12,373.375,392.3399963378906,395.79998779296875,385.1499938964844,389.3699951171875,125090800
2022-05-13,382.30157470703125,401.7200012207031,403.17999267578125,395.6099853515625,396.7099914550781,104174400
2022-05-16,380.7503356933594,400.0899963378906,403.9700012207031,397.6000061035156,399.9800109863281,78622400
2022-05-17,388.58251953125,408.32000732421875,408.57000732421875,402.5799865722656,406.5299987792969,83029700
2022-05-18,372.9181213378906,391.8599853515625,403.79998779296875,390.54998779296875,403.5,117674500
2022-05-19,370.6341552734375,389.4599914550781,394.1400146484375,387.1099853515625,388.6199951171875,98510700
2022-05-20,370.7959899902344,389.6300048828125,397.0299987792969,380.5400085449219,393.25,131432200
2022-05-23,377.7336730957031,396.9200134277344,397.7300109863281,390.3800048828125,392.8299865722656,76414900
2022-05-24,374.85009765625,393.8900146484375,395.1499938964844,386.9599914550781,392.55999755859375,91448800
2022-05-25,378.161865234375,397.3699951171875,399.45001220703125,391.8900146484375,392.30999755859375,91472900
2022-05-26,385.718017578125,405.30999755859375,407.0400085449219,398.45001220703125,398.6700134277344,82168300
2022-05-27,395.18707275390625,415.260009765625,415.3800048828125,407.70001220703125,407.9100036621094,84768700
2022-05-31,392.9696960449219,412.92999267578125,416.4599914550781,410.0299987792969,413.54998779296875,95937000
2022-06-01,389.79119873046875,409.5899963378906,416.239990234375,406.92999267578125,415.1700134277344,86585800
2022-06-02,397.2141418457031,417.3900146484375,417.44000244140625,407.0400085449219,409.4200134277344,79609600
2022-06-03,390.69525146484375,410.5400085449219,414.0400085449219,409.510009765625,412.3999938964844,71874300
2022-06-06,391.8847961425781,411.7900085449219,416.6099853515625,410.54998779296875,414.7799987792969,57508900
2022-06-07,395.643798828125,415.739990234375,416.2200012207031,407.6099853515625,408.1000061035156,59272400
2022-06-08,391.34234619140625,411.2200012207031,415.82000732421875,410.3800048828125,413.92999267578125,64350000
2022-06-09,382.0351257324219,401.44000244140625,411.739990234375,401.44000244140625,409.3399963378906,86289800
2022-06-10,370.9577331542969,389.79998779296875,395.7799987792969,389.75,394.8800048828125,132893900
2022-06-13,356.8731689453125,375.0,381.80999755859375,373.29998779296875,379.8500061035156,170004900
2022-06-14,355.79779052734375,373.8699951171875,377.94000244140625,370.5899963378906,376.8500061035156,104011800
2022-06-15,360.8701171875,379.20001220703125,383.8999938964844,372.1199951171875,377.3599853515625,125666800
2022-06-16,348.9268493652344,366.6499938964844,370.94000244140625,364.0799865722656,370.510009765625,134473300
2022-06-17,349.678955078125,365.8599853515625,369.3800048828125,362.1700134277344,365.510009765625,111113900
2022-06-21,358.48162841796875,375.07000732421875,376.5299987792969,371.80999755859375,371.8900146484375,76811900
2022-06-22,357.831787109375,374.3900146484375,378.7200012207031,370.17999267578125,370.6199951171875,90059400
2022-06-23,361.33941650390625,378.05999755859375,378.8299865722656,372.8900146484375,376.6400146484375,79292100
2022-06-24,372.8277893066406,390.0799865722656,390.0899963378906,381.3699951171875,381.3999938964844,98050300
2022-06-27,371.4036865234375,388.5899963378906,391.3599853515625,387.44000244140625,391.04998779296875,66009600
2022-06-28,363.81488037109375,380.6499938964844,393.1600036621094,380.5299987792969,390.2300109863281,86548900
2022-06-29,363.5185546875,380.3399963378906,382.2699890136719,378.4200134277344,381.2300109863281,65676000
2022-06-30,360.56524658203125,377.25,380.6600036621094,372.55999755859375,376.239990234375,112508300
2022-07-01,364.3787536621094,381.239990234375,381.70001220703125,373.79998779296875,376.55999755859375,74839700
2022-07-05,365.06689453125,381.9599914550781,381.9800109863281,372.8999938964844,375.8800048828125,81438000
2022-07-06,366.2998962402344,383.25,385.8699951171875,379.6000061035156,382.1099853515625,70426200
2022-07-07,371.7860412597656,388.989990234375,389.8299865722656,383.2699890136719,385.1199951171875,64525900
2022-07-08,371.4801330566406,388.6700134277344,390.6400146484375,385.6600036621094,387.2699890136719,72397800
2022-07-11,367.23651123046875,384.2300109863281,386.8699951171875,383.5,385.8500061035156,58366900
2022-07-12,363.98687744140625,380.8299865722656,386.1600036621094,378.989990234375,383.6499938964844,62219200
2022-07-13,362.07537841796875,378.8299865722656,381.9200134277344,374.6600036621094,375.1000061035156,84224600
2022-07-14,361.1960754394531,377.9100036621094,379.04998779296875,371.0400085449219,373.6099853515625,89704800
2022-07-15,368.0967102050781,385.1300048828125,385.25,380.5400085449219,382.54998779296875,79060400
2022-07-18,365.0574035644531,381.95001220703125,389.0899963378906,380.6600036621094,388.3800048828125,63203600
2022-07-19,374.92095947265625,392.2699890136719,392.8699951171875,385.3900146484375,386.0799865722656,78506000
2022-07-20,377.3104248046875,394.7699890136719,396.260009765625,391.0299987792969,392.4700012207031,71843800
2022-07-21,381.1525573730469,398.7900085449219,398.8399963378906,391.6300048828125,394.1600036621094,64903900
2022-07-22,377.6162109375,395.0899963378906,400.17999267578125,392.75,398.9200134277344,72197300
2022-07-25,378.07501220703125,395.57000732421875,396.4700012207031,393.2099914550781,395.75,53631500
2022-07-26,373.6020202636719,390.8900146484375,394.05999755859375,389.95001220703125,393.8399963378906,52946400
2022-07-27,383.3030700683594,401.0400085449219,402.8800048828125,394.04998779296875,394.3599853515625,82342100
2022-07-28,388.1106262207031,406.07000732421875,406.79998779296875,398.1499938964844,401.8900146484375,73966600
2022-07-29,393.7687683105469,411.989990234375,413.0299987792969,406.7699890136719,407.5799865722656,87003700
2022-08-01,392.60272216796875,410.7699890136719,413.4100036621094,408.3999938964844,409.1499938964844,69997500
2022-08-02,390.0125732421875,408.05999755859375,413.0,406.82000732421875,409.1199951171875,63435400
2022-08-03,396.1200256347656,414.45001220703125,415.67999267578125,410.0,410.29998779296875,67820600
2022-08-04,395.8524475097656,414.1700134277344,415.0899963378906,412.44000244140625,414.3699951171875,45656600
2022-08-05,395.1833190917969,413.4700012207031,414.1499938964844,409.6000061035156,409.6600036621094,56814900
2022-08-08,394.7245788574219,412.989990234375,417.6199951171875,411.8299865722656,415.25,53886100
2022-08-09,393.1571350097656,411.3500061035156,412.75,410.2200012207031,412.2200012207031,44931800
2022-08-10,401.4149475097656,419.989990234375,420.1400146484375,416.7200012207031,418.7799987792969,68665700
2022-08-11,401.4149475097656,419.989990234375,424.95001220703125,419.2099914550781,422.989990234375,59489700
2022-08-12,408.2106018066406,427.1000061035156,427.2099914550781,421.0299987792969,422.0299987792969,61694500
2022-08-15,409.8926696777344,428.8599853515625,429.4100036621094,424.7099914550781,424.7699890136719,54048300
2022-08-16,410.695556640625,429.70001220703125,431.7300109863281,426.8800048828125,427.7300109863281,59289000
2022-08-17,407.7804870605469,426.6499938964844,429.5,424.5400085449219,425.9100036621094,63563400
2022-08-18,408.965576171875,427.8900146484375,428.6099853515625,425.5,426.8599853515625,49023200
2022-08-19,403.4698791503906,422.1400146484375,425.260009765625,421.2200012207031,424.9800109863281,68016900
2022-08-22,395.06866455078125,413.3500061035156,417.2300109863281,412.3999938964844,417.04998779296875,77695600
2022-08-23,394.11285400390625,412.3500061035156,415.4200134277344,411.7699890136719,412.8999938964844,49105200
2022-08-24,395.3745422363281,413.6700134277344,415.1099853515625,411.3900146484375,412.1099853515625,49177800
2022-08-25,400.9562683105469,419.510009765625,419.55999755859375,414.0899963378906,415.239990234375,50942300
2022-08-26,387.38421630859375,405.30999755859375,419.9599914550781,405.25,419.3900146484375,103087000
2022-08-29,384.8227844238281,402.6300048828125,405.8399963378906,401.20001220703125,402.20001220703125,65370800
2022-08-30,380.59820556640625,398.2099914550781,404.1000061035156,396.0,403.8500061035156,85652400
2022-08-31,377.7022399902344,395.17999267578125,401.239990234375,395.0400085449219,399.92999267578125,76029700
2022-09-01,378.887451171875,396.4200134277344,396.7799987792969,390.0400085449219,392.8900146484375,78740100
2022-09-02,374.89227294921875,392.239990234375,401.55999755859375,390.3299865722656,400.2799987792969,99632100
2022-09-06,373.4777526855469,390.760009765625,394.1199951171875,388.4200134277344,393.1300048828125,76637400
2022-09-07,380.187255859375,397.7799987792969,398.5899963378906,390.20001220703125,390.42999267578125,70964200
2022-09-08,382.6722717285156,400.3800048828125,400.8599853515625,394.1199951171875,395.3900146484375,80821700
2022-09-09,388.6171875,406.6000061035156,407.510009765625,402.4599914550781,402.739990234375,76706900
2022-09-12,392.7939453125,410.9700012207031,411.7300109863281,408.4599914550781,408.7799987792969,69256300
2022-09-13,375.71429443359375,393.1000061035156,403.1000061035156,391.9200134277344,401.8299865722656,122947100
2022-09-14,377.14788818359375,394.6000061035156,396.20001220703125,391.1199951171875,394.4700012207031,85023700
2022-09-15,372.8660583496094,390.1199951171875,395.9599914550781,388.7799987792969,392.9599914550781,87633800
2022-09-16,370.0215148925781,385.55999755859375,386.25,382.1099853515625,384.1400146484375,103084800
2022-09-19,372.8910217285156,388.54998779296875,388.54998779296875,382.17999267578125,382.260009765625,73278500
2022-09-20,368.6107177734375,384.0899963378906,386.1199951171875,381.20001220703125,385.05999755859375,77274900
2022-09-21,362.1808166503906,377.3900146484375,389.30999755859375,377.3800048828125,386.1099853515625,106746600
2022-09-22,359.1385803222656,374.2200012207031,378.29998779296875,373.44000244140625,376.5799865722656,89472600
2022-09-23,353.1211853027344,367.95001220703125,370.6199951171875,363.2900085449219,370.5799865722656,122346900
2022-09-26,349.6278991699219,364.30999755859375,370.2099914550781,363.0299987792969,366.4100036621094,92581200
2022-09-27,348.7353210449219,363.3800048828125,370.3999938964844,360.8699951171875,368.0199890136719,108294100
2022-09-28,355.59716796875,370.5299987792969,372.29998779296875,362.6000061035156,364.3800048828125,110802200
2022-09-29,348.16912841796875,362.7900085449219,367.1099853515625,359.70001220703125,366.80999755859375,112952300
2022-09-30,342.7852478027344,357.17999267578125,365.9100036621094,357.0400085449219,361.79998779296875,153711200
2022-10-03,351.835205078125,366.6099853515625,368.54998779296875,359.2099914550781,361.0799865722656,89756500
2022-10-04,362.7374267578125,377.9700012207031,378.0,366.57000732421875,372.3999938964844,103602800
2022-10-05,361.8928527832031,377.0899963378906,379.4599914550781,370.95001220703125,373.3900146484375,88065700
2022-10-06,358.15966796875,373.20001220703125,378.7200012207031,372.67999267578125,375.6199951171875,82333500
2022-10-07,348.16912841796875,362.7900085449219,373.2900085449219,360.94000244140625,368.9700012207031,107789500
2022-10-10,345.51068115234375,360.0199890136719,364.2099914550781,357.6700134277344,363.9599914550781,76042800
2022-10-11,343.3226013183594,357.739990234375,363.0299987792969,355.7099914550781,358.239990234375,92482800
2022-10-12,342.190185546875,356.55999755859375,359.82000732421875,356.29998779296875,358.1700134277344,76991800
2022-10-13,351.220947265625,365.9700012207031,367.510009765625,348.1099853515625,349.2099914550781,147254500
2022-10-14,343.2170715332031,357.6300048828125,370.260009765625,356.9599914550781,368.54998779296875,123737000
2022-10-17,352.0367126464844,366.82000732421875,367.9800109863281,357.2799987792969,364.010009765625,93168200
2022-10-18,356.17303466796875,371.1300048828125,375.45001220703125,367.5199890136719,375.1300048828125,97162900
2022-10-19,353.64898681640625,368.5,371.8500061035156,365.54998779296875,368.989990234375,79746900
2022-10-20,350.68353271484375,365.4100036621094,372.6700134277344,364.6099853515625,368.0299987792969,88283100
2022-10-21,359.2056884765625,374.2900085449219,374.79998779296875,363.5400085449219,365.1199951171875,131038400
2022-10-24,363.60113525390625,378.8699951171875,380.05999755859375,373.1099853515625,375.8900146484375,85436900
2022-10-25,369.4072570800781,384.9200134277344,385.25,378.6700134277344,378.7900085449219,78846300
2022-10-26,366.62408447265625,382.0199890136719,387.5799865722656,381.3500061035156,381.6199951171875,104087300
2022-10-27,364.6664123535156,379.9800109863281,385.0,379.3299865722656,383.07000732421875,81971800
2022-10-28,373.342041015625,389.0199890136719,389.5199890136719,379.67999267578125,379.8699951171875,100302000
2022-10-31,370.645263671875,386.2099914550781,388.3999938964844,385.260009765625,386.44000244140625,96631300
2022-11-01,369.02337646484375,384.5199890136719,390.3900146484375,383.2900085449219,390.1400146484375,85407600
2022-11-02,359.7623291015625,374.8699951171875,388.6300048828125,374.760009765625,383.8999938964844,126990400
2022-11-03,356.057861328125,371.010009765625,374.20001220703125,368.7900085449219,371.4700012207031,87100100
2022-11-04,361.18267822265625,376.3500061035156,378.8699951171875,370.0,377.0,103505200
2022-11-07,364.63763427734375,379.95001220703125,380.57000732421875,375.5299987792969,377.7099914550781,68286900
2022-11-08,366.6049499511719,382.0,385.1199951171875,377.7200012207031,381.1099853515625,84641100
2022-11-09,359.0520935058594,374.1300048828125,381.1400146484375,373.6099853515625,379.92999267578125,78495500
2022-11-10,378.7835693359375,394.69000244140625,395.0400085449219,385.6400146484375,388.04998779296875,141455800
2022-11-11,382.4495849609375,398.510009765625,399.3500061035156,393.6099853515625,395.5899963378906,93839900
2022-11-14,379.1962585449219,395.1199951171875,400.17999267578125,394.8299865722656,396.6600036621094,71903500
2022-11-15,382.43035888671875,398.489990234375,402.30999755859375,394.489990234375,401.1499938964844,93194500
2022-11-16,379.512939453125,395.45001220703125,397.7799987792969,394.7900085449219,396.7799987792969,68508500
2022-11-17,378.3516845703125,394.239990234375,394.95001220703125,390.1400146484375,390.4599914550781,74496300
2022-11-18,380.0695495605469,396.0299987792969,397.80999755859375,393.0400085449219,397.739990234375,92922500
2022-11-21,378.68756103515625,394.5899963378906,395.82000732421875,392.6600036621094,394.6400146484375,51243200
2022-11-22,383.78363037109375,399.8999938964844,400.07000732421875,395.1499938964844,396.6300048828125,60429000
2022-11-23,386.2020263671875,402.4200134277344,402.92999267578125,399.30999755859375,399.54998779296875,68261600
2022-11-25,386.1156005859375,402.3299865722656,402.9100036621094,401.5400085449219,401.8299865722656,30545400
2022-11-28,379.9543762207031,395.9100036621094,400.80999755859375,395.1099853515625,399.0899963378906,67881600
2022-11-29,379.3017883300781,395.2300109863281,397.29998779296875,393.29998779296875,396.04998779296875,52310000
2022-11-30,391.25,407.67999267578125,407.67999267578125,393.4800109863281,395.489990234375,144566700
2022-12-01,390.962158203125,407.3800048828125,410.0,404.75,408.7699890136719,76398200
2022-12-02,390.5110168457031,406.9100036621094,407.8599853515625,402.1400146484375,402.25,85342700
2022-12-05,383.4859619140625,399.5899963378906,404.92999267578125,398.1700134277344,403.95001220703125,77289800
2022-12-06,377.9581298828125,393.8299865722656,399.989990234375,391.6400146484375,399.4200134277344,77972200
2022-12-07,377.31524658203125,393.1600036621094,395.6400146484375,391.9700012207031,392.94000244140625,65927900
2022-12-08,380.2711181640625,396.239990234375,397.3599853515625,393.2699890136719,395.1400146484375,60737900
2022-12-09,377.4303283691406,393.2799987792969,397.6199951171875,393.1499938964844,394.94000244140625,81447700
2022-12-12,382.8718566894531,398.95001220703125,398.95001220703125,393.4100036621094,394.1099853515625,75405800
2022-12-13,385.7701721191406,401.9700012207031,410.489990234375,399.07000732421875,410.2200012207031,123782500
2022-12-14,383.3037414550781,399.3999938964844,405.5,396.30999755859375,401.6099853515625,108111300
2022-12-15,373.927490234375,389.6300048828125,395.25,387.8900146484375,394.29998779296875,117705900
2022-12-16,369.5127868652344,383.2699890136719,386.5799865722656,381.0400085449219,385.17999267578125,119858000
2022-12-19,366.3794860839844,380.0199890136719,383.82000732421875,378.2799987792969,383.4700012207031,79878100
2022-12-20,366.880859375,380.5400085449219,382.2300109863281,377.8500061035156,379.2300109863281,74427200
2022-12-21,372.3665771484375,386.2300109863281,387.4100036621094,382.69000244140625,383.25,78167400
2022-12-22,367.0543518066406,380.7200012207031,386.2099914550781,374.7699890136719,383.04998779296875,100120900
2022-12-23,369.1657409667969,382.9100036621094,383.05999755859375,378.0299987792969,379.6499938964844,59857300
2022-12-27,367.70989990234375,381.3999938964844,383.1499938964844,379.6499938964844,382.7900085449219,51638200
2022-12-28,363.1401062011719,376.6600036621094,383.3900146484375,376.4200134277344,381.3299865722656,70911500
2022-12-29,369.6767272949219,383.44000244140625,384.3500061035156,379.0799865722656,379.6300048828125,66970900
2022-12-30,368.70294189453125,382.42999267578125,382.5799865722656,378.42999267578125,380.6400146484375,84022200
2023-01-03,367.1507873535156,380.82000732421875,386.42999267578125,377.8299865722656,384.3699951171875,74850700
2023-01-04,369.9852600097656,383.760009765625,385.8800048828125,380.0,383.17999267578125,85934100
2023-01-05,365.7624816894531,379.3800048828125,381.8399963378906,378.760009765625,381.7200012207031,76970500
2023-01-06,374.1501770019531,388.0799865722656,389.25,379.4100036621094,382.6099853515625,104189600
2023-01-09,373.93804931640625,387.8599853515625,393.70001220703125,387.6700134277344,390.3699951171875,73978100
2023-01-10,376.5604248046875,390.5799865722656,390.6499938964844,386.2699890136719,387.25,65358100
2023-01-11,381.3230895996094,395.5199890136719,395.6000061035156,391.3800048828125,392.2300109863281,68881100
2023-01-12,382.71148681640625,396.9599914550781,398.489990234375,392.4200134277344,396.6700134277344,90157700
2023-01-13,384.19610595703125,398.5,399.1000061035156,393.3399963378906,393.6199951171875,63903900
2023-01-17,383.4923400878906,397.7699890136719,400.2300109863281,397.05999755859375,398.4800109863281,62677300
2023-01-18,377.43780517578125,391.489990234375,400.1199951171875,391.2799987792969,399.010009765625,99632300
2023-01-19,374.6900939941406,388.6400146484375,391.0799865722656,387.260009765625,389.3599853515625,86958900
2023-01-20,381.6701965332031,395.8800048828125,396.0400085449219,388.3800048828125,390.1000061035156,91806400
2023-01-23,386.24969482421875,400.6300048828125,402.6499938964844,395.7200012207031,396.7200012207031,84178800
2023-01-24,385.8351135253906,400.20001220703125,401.1499938964844,397.6400146484375,398.8800048828125,59524900
2023-01-25,385.9797668457031,400.3500061035156,400.70001220703125,393.55999755859375,395.95001220703125,84800300
2023-01-26,390.2217712402344,404.75,404.9200134277344,400.0299987792969,403.1300048828125,72287400
2023-01-27,391.118408203125,405.67999267578125,408.1600036621094,403.44000244140625,403.6600036621094,68346200
2023-01-30,386.2111511230469,400.5899963378906,405.1300048828125,400.2799987792969,402.79998779296875,74202000
2023-01-31,391.88970947265625,406.4800109863281,406.5299987792969,400.7699890136719,401.1300048828125,86811800
2023-02-01,396.0546569824219,410.79998779296875,413.6700134277344,402.3500061035156,405.2099914550781,101459200
2023-02-02,401.8200378417969,416.7799987792969,418.30999755859375,412.8800048828125,414.8599853515625,101654500
2023-02-03,397.54901123046875,412.3500061035156,416.9700012207031,411.0899963378906,411.5899963378906,94736800
2023-02-06,395.1194763183594,409.8299865722656,411.2900085449219,408.1000061035156,409.7900085449219,60295300
2023-02-07,400.2870788574219,415.19000244140625,416.489990234375,407.57000732421875,408.8699951171875,90990700
2023-02-08,395.9100341796875,410.6499938964844,414.5299987792969,409.92999267578125,413.1300048828125,76227500
2023-02-09,392.47784423828125,407.0899963378906,414.57000732421875,405.80999755859375,414.4100036621094,78694900
2023-02-10,393.3937683105469,408.0400085449219,408.44000244140625,405.010009765625,405.8599853515625,70769700
2023-02-13,398.0117492675781,412.8299865722656,412.9700012207031,408.239990234375,408.7200012207031,64913500
2023-02-14,397.82861328125,412.6400146484375,415.04998779296875,408.510009765625,411.239990234375,88389300
2023-02-15,399.1205139160156,413.9800109863281,414.05999755859375,409.4700012207031,410.3500061035156,61555700
2023-02-16,393.6250915527344,408.2799987792969,412.9100036621094,408.1400146484375,408.7900085449219,76431500
2023-02-17,392.6417236328125,407.260009765625,407.510009765625,404.04998779296875,406.05999755859375,89257800
2023-02-21,384.76495361328125,399.0899963378906,404.1600036621094,398.82000732421875,403.05999755859375,82655900
2023-02-22,384.23480224609375,398.5400085449219,401.1300048828125,397.0199890136719,399.5199890136719,83742300
2023-02-23,386.2786560058594,400.6600036621094,402.20001220703125,396.25,401.55999755859375,96242400
2023-02-24,382.1521911621094,396.3800048828125,397.25,393.6400146484375,395.4200134277344,108194400
2023-02-27,383.4538879394531,397.7300109863281,401.2900085449219,396.75,399.8699951171875,80444700
2023-02-28,382.03662109375,396.260009765625,399.2799987792969,396.1499938964844,397.2300109863281,96438600
2023-03-01,380.5711364746094,394.739990234375,396.69000244140625,393.3800048828125,395.4100036621094,99706800
2023-03-02,383.5308837890625,397.80999755859375,398.69000244140625,392.3299865722656,392.67999267578125,85127800
2023-03-03,389.6819763183594,404.19000244140625,404.45001220703125,399.0299987792969,399.7099914550781,90120000
2023-03-06,389.951904296875,404.4700012207031,407.45001220703125,404.010009765625,405.04998779296875,72795900
2023-03-07,383.97442626953125,398.2699890136719,404.6700134277344,397.6300048828125,404.4200134277344,108310600
2023-03-08,384.60107421875,398.9200134277344,399.7099914550781,396.5899963378906,398.3900146484375,74746600
2023-03-09,377.50531005859375,391.55999755859375,401.4800109863281,390.5299987792969,399.739990234375,111945300
2023-03-10,372.0580749511719,385.9100036621094,393.1600036621094,384.32000732421875,390.989990234375,189253000
2023-03-13,371.52777099609375,385.3599853515625,390.3900146484375,380.6499938964844,381.80999755859375,157790000
2023-03-14,377.6691589355469,391.7300109863281,393.45001220703125,387.04998779296875,390.5,149752400
2023-03-15,375.3070983886719,389.2799987792969,389.489990234375,383.7099914550781,385.8900146484375,172996900
2023-03-16,381.8919372558594,396.1099853515625,396.4700012207031,386.2900085449219,386.82000732421875,143254200
2023-03-17,377.42657470703125,389.989990234375,394.3999938964844,388.54998779296875,393.2200012207031,140553400
2023-03-20,381.0557556152344,393.739990234375,394.1700134277344,390.07000732421875,390.79998779296875,93055800
2023-03-21,386.0592346191406,398.9100036621094,399.4100036621094,395.5799865722656,397.239990234375,91524200
2023-03-22,379.478271484375,392.1099853515625,402.489990234375,392.07000732421875,398.7300109863281,111746600
2023-03-23,380.504150390625,393.1700134277344,399.2900085449219,390.3500061035156,395.0899963378906,119351300
2023-03-24,383.0010681152344,395.75,395.8399963378906,389.3999938964844,391.8399963378906,107682400
2023-03-27,383.7171936035156,396.489990234375,398.9200134277344,395.55999755859375,398.1199951171875,74010400
2023-03-28,382.85589599609375,395.6000061035156,396.489990234375,393.69000244140625,395.7699890136719,62871700
2023-03-29,388.42059326171875,401.3500061035156,401.6000061035156,398.67999267578125,399.92999267578125,77497900
2023-03-30,390.6949157714844,403.70001220703125,404.3500061035156,401.760009765625,404.0899963378906,69840000
2023-03-31,396.2016296386719,409.3900146484375,409.70001220703125,404.54998779296875,404.6600036621094,112062600
2023-04-03,397.71142578125,410.95001220703125,411.3699951171875,408.44000244140625,408.8500061035156,67391100
2023-04-04,395.5048522949219,408.6700134277344,411.9200134277344,407.239990234375,411.6199951171875,66601500
2023-04-05,394.4692687988281,407.6000061035156,408.70001220703125,405.8800048828125,407.9100036621094,65200200
2023-04-06,396.0080871582031,409.19000244140625,409.4800109863281,405.67999267578125,406.7699890136719,63743300
2023-04-10,396.41455078125,409.6099853515625,409.69000244140625,405.9700012207031,406.6099853515625,63681000
2023-04-11,396.5209655761719,409.7200012207031,411.17999267578125,408.9200134277344,410.260009765625,59297900
2023-04-12,394.90478515625,408.04998779296875,412.1700134277344,407.44000244140625,411.8699951171875,86420400
2023-04-13,400.1501770019531,413.4700012207031,413.8399963378906,407.989990234375,409.17999267578125,85814800
2023-04-14,399.1727294921875,412.4599914550781,415.0899963378906,410.05999755859375,412.80999755859375,78161500
2023-04-17,400.6051025390625,413.94000244140625,413.9599914550781,411.0899963378906,412.3699951171875,66436400
2023-04-18,400.86639404296875,414.2099914550781,415.7200012207031,412.7799987792969,415.5799865722656,63560000
2023-04-19,400.79864501953125,414.1400146484375,415.0799865722656,412.1600036621094,412.2200012207031,55227300
2023-04-20,398.6114196777344,411.8800048828125,413.70001220703125,410.2699890136719,411.2099914550781,75840400
2023-04-21,398.921142578125,412.20001220703125,412.67999267578125,410.1700134277344,412.19000244140625,73457400
2023-04-24,399.3372497558594,412.6300048828125,413.07000732421875,410.6000061035156,411.989990234375,64332100
2023-04-25,392.9982604980469,406.0799865722656,411.1600036621094,406.0199890136719,410.5799865722656,97766700
2023-04-26,391.333740234375,404.3599853515625,407.8399963378906,403.7799987792969,406.7200012207031,80447000
2023-04-27,399.1243591308594,412.4100036621094,412.69000244140625,406.739990234375,407.0,92968400
2023-04-28,402.53094482421875,415.92999267578125,415.94000244140625,411.42999267578125,411.489990234375,89433100
2023-05-01,402.12451171875,415.510009765625,417.6199951171875,415.2699890136719,415.4700012207031,62122300
2023-05-02,397.60491943359375,410.8399963378906,414.82000732421875,407.82000732421875,414.7699890136719,103998500
2023-05-03,394.8757629394531,408.0199890136719,413.8699951171875,407.7699890136719,411.3599853515625,91531800
2023-05-04,392.0788879394531,405.1300048828125,407.2699890136719,403.739990234375,406.92999267578125,94901900
2023-05-05,399.3372497558594,412.6300048828125,413.7200012207031,408.6400146484375,408.9100036621094,87891800
2023-05-08,399.4436950683594,412.739990234375,413.239990234375,411.2799987792969,412.9700012207031,50046800
2023-05-09,397.69207763671875,410.92999267578125,412.0899963378906,410.69000244140625,411.1300048828125,49220100
2023-05-10,399.5501708984375,412.8500061035156,414.5400085449219,408.8699951171875,413.8800048828125,96142900
2023-05-11,398.8533935546875,412.1300048828125,412.42999267578125,409.9700012207031,411.95001220703125,70157100
2023-05-12,398.33074951171875,411.5899963378906,413.6400146484375,409.07000732421875,413.4200134277344,70481500
2023-05-15,399.7049560546875,413.010009765625,413.42999267578125,410.2300109863281,412.2200012207031,54289400
2023-05-16,397.0339050292969,410.25,412.82000732421875,410.239990234375,411.8599853515625,57705500
2023-05-17,401.85345458984375,415.2300109863281,415.8599853515625,410.6400146484375,412.3500061035156,87287000
2023-05-18,405.7246398925781,419.2300109863281,419.6700134277344,414.6700134277344,414.8999938964844,97177200
2023-05-19,405.13427734375,418.6199951171875,420.7200012207031,417.3500061035156,420.1700134277344,103793300
2023-05-22,405.2987976074219,418.7900085449219,420.3900146484375,417.3500061035156,418.6400146484375,60745400
2023-05-23,400.7502136230469,414.0899963378906,418.7200012207031,413.67999267578125,417.0799865722656,86383500
2023-05-24,397.84686279296875,411.0899963378906,412.82000732421875,409.8800048828125,412.4200134277344,89213700
2023-05-25,401.29217529296875,414.6499938964844,416.1600036621094,412.4100036621094,414.739990234375,90961600
2023-05-26,406.48919677734375,420.0199890136719,420.7699890136719,415.25,415.3299865722656,93830000
2023-05-30,406.6440124511719,420.17999267578125,422.5799865722656,418.739990234375,422.0299987792969,72216000
2023-05-31,404.38909912109375,417.8500061035156,419.2200012207031,416.2200012207031,418.2799987792969,110811800
2023-06-01,408.231201171875,421.82000732421875,422.9200134277344,416.7900085449219,418.0899963378906,88865000
2023-06-02,414.13470458984375,427.9200134277344,428.739990234375,423.95001220703125,424.5,91426200
2023-06-05,413.3411560058594,427.1000061035156,429.6199951171875,426.3699951171875,428.2799987792969,65460200
2023-06-06,414.2411193847656,428.0299987792969,428.5799865722656,425.989990234375,426.6700134277344,64022200
2023-06-07,412.8088073730469,426.54998779296875,429.6199951171875,426.1099853515625,428.44000244140625,85373300
2023-06-08,415.30572509765625,429.1300048828125,429.6000061035156,425.82000732421875,426.6199951171875,61952800
2023-06-09,416.05084228515625,429.8999938964844,431.989990234375,428.8699951171875,429.9599914550781,85742800
2023-06-12,419.8252258300781,433.79998779296875,433.8800048828125,430.1700134277344,430.9200134277344,76104300
2023-06-13,422.5931396484375,436.6600036621094,437.3299865722656,434.6300048828125,435.32000732421875,95899700
2023-06-14,423.09637451171875,437.17999267578125,439.05999755859375,433.5899963378906,437.010009765625,100612100
2023-06-15,428.34173583984375,442.6000061035156,443.8999938964844,436.2300109863281,436.3299865722656,110303100
2023-06-16,426.8827819824219,439.4599914550781,443.6099853515625,438.9700012207031,443.0199890136719,114165800
2023-06-20,424.66796875,437.17999267578125,438.3699951171875,435.0299987792969,437.45001220703125,76160400
2023-06-21,422.4921569824219,434.94000244140625,436.989990234375,434.3299865722656,436.1600036621094,76982300
2023-06-22,424.0172424316406,436.510009765625,436.6199951171875,433.6000061035156,433.95001220703125,70637200
2023-06-23,420.81158447265625,433.2099914550781,435.05999755859375,432.4700012207031,432.92999267578125,92074500
2023-06-26,419.09228515625,431.44000244140625,434.6099853515625,431.19000244140625,432.6199951171875,72823600
2023-06-27,423.68695068359375,436.1700134277344,436.80999755859375,431.8800048828125,432.3500061035156,72813700
2023-06-28,423.900634765625,436.3900146484375,437.44000244140625,434.4100036621094,435.04998779296875,75636000
2023-06-29,425.5713806152344,438.1099853515625,438.2799987792969,435.5400085449219,435.9599914550781,67882300
2023-06-30,430.59344482421875,443.2799987792969,444.29998779296875,441.1099853515625,441.44000244140625,104964000
2023-07-03,431.0888671875,443.7900085449219,444.0799865722656,442.6300048828125,442.9200134277344,32793400
2023-07-05,430.4477233886719,443.1300048828125,443.8900146484375,441.8999938964844,441.9100036621094,58418400
2023-07-06,427.0770568847656,439.6600036621094,440.1000061035156,437.05999755859375,439.4200134277344,80658300
2023-07-07,425.998779296875,438.54998779296875,442.6400146484375,438.29998779296875,438.6300048828125,86134200
2023-07-10,427.0770568847656,439.6600036621094,439.8399963378906,437.5899963378906,438.17999267578125,62443500
2023-07-11,429.7969055175781,442.4599914550781,442.9700012207031,439.44000244140625,440.45001220703125,64463800
2023-07-12,433.2549743652344,446.0199890136719,447.4800109863281,444.9100036621094,446.3900146484375,91924500
2023-07-13,436.6936950683594,449.55999755859375,450.3800048828125,447.45001220703125,447.8999938964844,72425200
2023-07-14,436.4217529296875,449.2799987792969,451.3599853515625,448.489990234375,450.4800109863281,69815800
2023-07-17,437.93707275390625,450.8399963378906,451.92999267578125,449.0799865722656,449.1300048828125,52680200
2023-07-18,441.1911926269531,454.19000244140625,454.8599853515625,450.04998779296875,450.5,80668200
2023-07-19,442.1722717285156,455.20001220703125,456.42999267578125,454.1099853515625,455.010009765625,65891700
2023-07-20,439.23870849609375,452.17999267578125,455.1000061035156,451.44000244140625,454.1700134277344,70591600
2023-07-21,439.23870849609375,452.17999267578125,454.1700134277344,452.1700134277344,453.9599914550781,71275600
2023-07-24,441.200927734375,454.20001220703125,455.0400085449219,452.29998779296875,453.3699951171875,54023400
2023-07-25,442.40545654296875,455.44000244140625,456.739990234375,453.8699951171875,453.9200134277344,55191200
2023-07-26,442.4734802246094,455.510009765625,456.989990234375,453.3800048828125,454.4700012207031,71052900
2023-07-27,439.53985595703125,452.489990234375,459.44000244140625,451.54998779296875,459.0199890136719,92194400
2023-07-28,443.843017578125,456.9200134277344,457.7799987792969,452.489990234375,455.8800048828125,80011800
2023-07-31,444.6882019042969,457.7900085449219,458.1600036621094,456.04998779296875,457.4100036621094,62040400
2023-08-01,443.4156494140625,456.4800109863281,457.25,455.489990234375,456.2699890136719,55291500
2023-08-02,437.2474060058594,450.1300048828125,453.5199890136719,449.3500061035156,453.25,93933400
2023-08-03,435.99432373046875,448.8399963378906,450.7900085449219,447.3699951171875,448.0400085449219,64276100
2023-08-04,434.02239990234375,446.80999755859375,452.8999938964844,446.2699890136719,450.7200012207031,100128900
2023-08-07,437.8107604980469,450.7099914550781,450.8699951171875,447.989990234375,448.7099914550781,58357500
2023-08-08,435.9069519042969,448.75,450.70001220703125,445.2699890136719,448.0799865722656,71361300
2023-08-09,432.9927978515625,445.75,449.20001220703125,444.9599914550781,449.0299987792969,78789600
2023-08-10,433.14813232421875,445.9100036621094,451.70001220703125,444.70001220703125,448.19000244140625,93005500
2023-08-11,432.89556884765625,445.6499938964844,446.70001220703125,443.3500061035156,443.9700012207031,68690900
2023-08-14,435.28521728515625,448.1099853515625,448.1099853515625,444.3800048828125,444.70001220703125,47867400
2023-08-15,430.2146301269531,442.8900146484375,446.6400146484375,442.29998779296875,446.2699890136719,75707500
2023-08-16,427.0576171875,439.6400146484375,444.17999267578125,439.5299987792969,442.4599914550781,80107200
2023-08-17,423.80352783203125,436.2900085449219,441.42999267578125,435.75,441.1600036621094,95711300
2023-08-18,424.00750732421875,436.5,437.57000732421875,433.010009765625,433.3699951171875,98852000
2023-08-21,426.7662048339844,439.3399963378906,440.1099853515625,435.32000732421875,437.54998779296875,68719000
2023-08-22,425.6102600097656,438.1499938964844,441.17999267578125,437.57000732421875,441.17999267578125,64994200
2023-08-23,430.3506164550781,443.0299987792969,443.6700134277344,439.1000061035156,439.25,68441000
2023-08-24,424.3863525390625,436.8900146484375,445.2200012207031,436.8599853515625,444.69000244140625,88517300
2023-08-25,427.3781433105469,439.9700012207031,441.29998779296875,435.0,438.67999267578125,102325100
2023-08-28,430.08831787109375,442.760009765625,443.3999938964844,439.9700012207031,442.239990234375,61595400
2023-08-29,436.3052062988281,449.1600036621094,449.45001220703125,442.4599914550781,442.6499938964844,83081900
2023-08-30,438.1021728515625,451.010009765625,451.6700134277344,448.7799987792969,449.510009765625,69053900
2023-08-31,437.4610900878906,450.3500061035156,452.8299865722656,450.1600036621094,451.6499938964844,66084600
2023-09-01,438.2770690917969,451.19000244140625,453.6700134277344,449.67999267578125,453.1700134277344,58944100
2023-09-05,436.38287353515625,449.239990234375,451.05999755859375,449.1700134277344,450.7300109863281,55166200
2023-09-06,433.44927978515625,446.2200012207031,448.510009765625,443.80999755859375,448.3999938964844,70758500
2023-09-07,432.1184387207031,444.8500061035156,445.54998779296875,442.75,443.1099853515625,70355400
2023-09-08,432.7693176269531,445.5199890136719,447.1099853515625,444.5299987792969,444.8999938964844,61659700
2023-09-11,435.615478515625,448.45001220703125,448.7699890136719,446.4700012207031,448.239990234375,60180100
2023-09-12,433.225830078125,445.989990234375,448.5299987792969,445.3900146484375,446.95001220703125,67565400
2023-09-13,433.7309875488281,446.510009765625,447.7099914550781,445.0799865722656,446.2200012207031,60199300
2023-09-14,437.4707946777344,450.3599853515625,451.0799865722656,447.7200012207031,449.07000732421875,83430800
2023-09-15,432.20001220703125,443.3699951171875,447.4800109863281,442.9200134277344,447.1400146484375,111848900
2023-09-18,432.4534912109375,443.6300048828125,444.9700012207031,442.55999755859375,443.04998779296875,55752200
2023-09-19,431.556640625,442.7099914550781,443.2900085449219,439.94000244140625,442.67999267578125,66514600
2023-09-20,427.5892333984375,438.6400146484375,444.44000244140625,438.42999267578125,444.010009765625,82562600
2023-09-21,420.5218505859375,431.3900146484375,435.9700012207031,431.2300109863281,435.70001220703125,104095800
2023-09-22,419.5762634277344,430.4200134277344,434.1000061035156,429.989990234375,432.45001220703125,100829700
2023-09-25,421.3406982421875,432.2300109863281,432.2699890136719,428.7200012207031,429.1700134277344,70874500
2023-09-26,415.150634765625,425.8800048828125,429.82000732421875,425.0199890136719,429.0899963378906,96168400
2023-09-27,415.31634521484375,426.04998779296875,427.6700134277344,422.2900085449219,427.0899963378906,104705800
2023-09-28,417.72412109375,428.5199890136719,430.25,424.8699951171875,425.4800109863281,92258300
2023-09-29,416.7103271484375,427.4800109863281,431.8500061035156,425.9100036621094,431.6700134277344,115111300
2023-10-02,416.5446472167969,427.30999755859375,428.6000061035156,424.4599914550781,426.6199951171875,83798600
2023-10-03,410.9687194824219,421.5899963378906,427.3699951171875,420.17999267578125,425.05999755859375,103760600
2023-10-04,413.96136474609375,424.6600036621094,425.42999267578125,420.55999755859375,422.07000732421875,87453000
2023-10-05,413.8053894042969,424.5,425.3699951171875,421.1700134277344,424.3599853515625,70142700
2023-10-06,418.71844482421875,429.5400085449219,431.1300048828125,420.6000061035156,421.9700012207031,113273300
2023-10-09,421.3992004394531,432.2900085449219,432.8800048828125,427.010009765625,427.5799865722656,80374400
2023-10-10,423.5924987792969,434.5400085449219,437.2200012207031,432.5299987792969,432.94000244140625,78607300
2023-10-11,425.32763671875,436.32000732421875,436.5799865722656,433.17999267578125,435.6400146484375,62451700
2023-10-12,422.73468017578125,433.6600036621094,437.3399963378906,431.2300109863281,436.95001220703125,81154200
2023-10-13,420.6290588378906,431.5,436.45001220703125,429.8800048828125,435.2099914550781,95143100
2023-10-16,425.0546875,436.0400085449219,437.1400146484375,433.57000732421875,433.82000732421875,75433200
2023-10-17,425.0351867675781,436.0199890136719,438.1400146484375,432.45001220703125,432.80999755859375,75324700
2023-10-18,419.3715515136719,430.2099914550781,435.17999267578125,429.0899963378906,434.19000244140625,93559800
2023-10-19,415.68682861328125,426.42999267578125,432.82000732421875,425.7300109863281,430.95001220703125,121323000
2023-10-20,410.578857421875,421.19000244140625,426.5400085449219,421.0799865722656,425.9800109863281,123919900
2023-10-23,409.8672180175781,420.4599914550781,424.45001220703125,417.79998779296875,419.6099853515625,92035100
2023-10-24,412.9573669433594,423.6300048828125,424.82000732421875,420.739990234375,422.6499938964844,78564200
2023-10-25,407.030517578125,417.54998779296875,421.9200134277344,417.0199890136719,421.8900146484375,94223200
2023-10-26,402.1565246582031,412.54998779296875,417.3299865722656,411.6000061035156,416.45001220703125,115156800
2023-10-27,400.33355712890625,410.67999267578125,414.6000061035156,409.2099914550781,414.19000244140625,107367700
2023-10-30,405.1199035644531,415.5899963378906,416.67999267578125,412.2200012207031,413.55999755859375,86562700
2023-10-31,407.6641540527344,418.20001220703125,418.5299987792969,414.2099914550781,416.17999267578125,79665200
2023-11-01,412.01177978515625,422.6600036621094,423.5,418.6499938964844,419.20001220703125,98068100
2023-11-02,419.9076843261719,430.760009765625,430.9200134277344,426.55999755859375,426.5799865722656,94938900
2023-11-03,423.73870849609375,434.69000244140625,436.2900085449219,433.010009765625,433.1400146484375,100167800
2023-11-06,424.71356201171875,435.69000244140625,436.1499938964844,433.67999267578125,435.4700012207031,67831700
2023-11-07,425.9222412109375,436.92999267578125,437.5899963378906,434.510009765625,435.69000244140625,64256100
2023-11-08,426.23419189453125,437.25,438.0899963378906,434.8699951171875,437.54998779296875,61746000
2023-11-09,422.91009521484375,433.8399963378906,438.4700012207031,433.3999938964844,438.42999267578125,83174400
2023-11-10,429.5095520019531,440.6099853515625,440.92999267578125,433.8299865722656,435.9800109863281,89462200
2023-11-13,429.1001281738281,440.19000244140625,441.3299865722656,438.4200134277344,439.2300109863281,52236100
2023-11-14,437.42498779296875,448.7300109863281,450.05999755859375,446.0899963378906,446.32000732421875,97176900
2023-11-15,438.3510437011719,449.67999267578125,451.3800048828125,448.79998779296875,450.1099853515625,77327600
2023-11-16,438.8871765136719,450.2300109863281,450.55999755859375,448.1199951171875,449.2200012207031,66665800
2023-11-17,439.43304443359375,450.7900085449219,451.4200134277344,449.2900085449219,450.239990234375,83133200
2023-11-20,442.8157043457031,454.260009765625,455.1300048828125,450.5199890136719,450.5299987792969,69936200
2023-11-21,441.8506164550781,453.2699890136719,454.1300048828125,451.9599914550781,453.17999267578125,49244600
2023-11-22,443.5564880371094,455.0199890136719,456.3800048828125,453.8900146484375,454.9800109863281,59394900
2023-11-24,443.8294372558594,455.29998779296875,455.5,454.7300109863281,455.07000732421875,29737400
2023-11-27,443.0301513671875,454.4800109863281,455.489990234375,454.0799865722656,454.6499938964844,50506000
2023-11-28,443.4687805175781,454.92999267578125,456.2699890136719,453.5,454.0799865722656,62115000
2023-11-29,443.1568298339844,454.6099853515625,458.32000732421875,454.20001220703125,457.1499938964844,63146000
2023-11-30,444.9017639160156,456.3999938964844,456.760009765625,453.3399963378906,455.4800109863281,79752700
2023-12-01,447.53375244140625,459.1000061035156,459.6499938964844,455.1600036621094,455.7699890136719,89183400
2023-12-04,445.1844787597656,456.69000244140625,459.1199951171875,454.3399963378906,455.6000061035156,72430900
2023-12-05,445.0967102050781,456.6000061035156,457.5899963378906,454.8699951171875,455.260009765625,69793500
2023-12-06,443.3030090332031,454.760009765625,458.8399963378906,454.30999755859375,458.80999755859375,69124700
2023-12-07,446.6856384277344,458.2300109863281,458.8999938964844,456.2900085449219,456.9100036621094,66995400
2023-12-08,448.6060485839844,460.20001220703125,460.75,457.2099914550781,457.4599914550781,83194400
2023-12-11,450.3509216308594,461.989990234375,462.1700134277344,459.4700012207031,459.69000244140625,65002200
2023-12-12,452.4077453613281,464.1000061035156,464.20001220703125,460.6000061035156,461.6300048828125,68327600
2023-12-13,458.64654541015625,470.5,470.760009765625,464.1199951171875,464.489990234375,93278000
2023-12-14,460.1184997558594,472.010009765625,473.7300109863281,469.25,472.5,119026000
2023-12-15,459.3608703613281,469.3299865722656,470.70001220703125,467.42999267578125,469.489990234375,141553700
2023-12-18,461.94482421875,471.9700012207031,472.9800109863281,469.8900146484375,470.9800109863281,70375300
2023-12-19,464.7538757324219,474.8399963378906,474.9200134277344,472.45001220703125,472.5299987792969,55761800
2023-12-20,458.31365966796875,468.260009765625,475.8999938964844,467.82000732421875,473.9599914550781,102921000
2023-12-21,462.65936279296875,472.70001220703125,472.9800109863281,468.8399963378906,471.3299865722656,86667500
2023-12-22,463.58917236328125,473.6499938964844,475.3800048828125,471.70001220703125,473.8599853515625,67160400
2023-12-26,465.54669189453125,475.6499938964844,476.5799865722656,473.989990234375,474.07000732421875,55387000
2023-12-27,466.388427734375,476.510009765625,476.6600036621094,474.8900146484375,475.44000244140625,68000300
2023-12-28,466.5645751953125,476.69000244140625,477.54998779296875,476.260009765625,476.8800048828125,77158100
2023-12-29,465.2138977050781,475.30999755859375,477.0299987792969,473.29998779296875,476.489990234375,122283100
2024-01-02,462.61041259765625,472.6499938964844,473.6700134277344,470.489990234375,472.1600036621094,123623700
2024-01-03,458.8323669433594,468.7900085449219,471.19000244140625,468.1700134277344,470.42999267578125,103585900
2024-01-04,457.35443115234375,467.2799987792969,470.9599914550781,467.04998779296875,468.29998779296875,84232200
2024-01-05,457.9808654785156,467.9200134277344,470.44000244140625,466.42999267578125,467.489990234375,86118900
2024-01-08,464.5190124511719,474.6000061035156,474.75,468.29998779296875,468.42999267578125,74879100
2024-01-09,463.8143005371094,473.8800048828125,474.92999267578125,471.3500061035156,471.8699951171875,65931400
2024-01-10,466.4373474121094,476.55999755859375,477.45001220703125,473.8699951171875,474.1600036621094,67310600
2024-01-11,466.2318115234375,476.3500061035156,478.1199951171875,472.260009765625,477.5899963378906,77940700
2024-01-12,466.5547790527344,476.67999267578125,478.6000061035156,475.2300109863281,477.8399963378906,58026400
2024-01-16,464.84197998046875,474.92999267578125,476.6099853515625,473.05999755859375,475.260009765625,85014900
2024-01-17,462.258056640625,472.2900085449219,472.7900085449219,469.8699951171875,471.82000732421875,68843900
2024-01-18,466.36883544921875,476.489990234375,477.05999755859375,472.4200134277344,474.010009765625,91856200
2024-01-19,472.1826477050781,482.42999267578125,482.7200012207031,476.5400085449219,477.6499938964844,110834500
2024-01-22,473.1809997558594,483.45001220703125,485.2200012207031,482.7799987792969,484.010009765625,75844900
2024-01-23,474.56103515625,484.8599853515625,485.1099853515625,482.8900146484375,484.010009765625,49945300
2024-01-24,475.07977294921875,485.3900146484375,488.7699890136719,484.8800048828125,487.80999755859375,81765000
2024-01-25,477.6637268066406,488.0299987792969,488.30999755859375,485.3900146484375,487.5799865722656,72525000
2024-01-26,477.056884765625,487.4100036621094,489.1199951171875,486.5400085449219,487.5899963378906,76641600
2024-01-29,480.83489990234375,491.2699890136719,491.4200134277344,487.1700134277344,487.7300109863281,61322800
2024-01-30,480.4629821777344,490.8900146484375,491.6199951171875,490.1099853515625,490.55999755859375,58618400
2024-01-31,472.6230773925781,482.8800048828125,489.0799865722656,482.8599853515625,488.6199951171875,126011100
2024-02-01,478.8088684082031,489.20001220703125,489.2300109863281,483.79998779296875,484.6300048828125,91891600
2024-02-02,483.8494567871094,494.3500061035156,496.04998779296875,489.29998779296875,489.6499938964844,99228200
2024-02-05,482.0876770019531,492.54998779296875,494.3800048828125,490.2300109863281,493.70001220703125,75757100
2024-02-06,483.4873046875,493.9800109863281,494.32000732421875,492.04998779296875,493.5199890136719,55918600
2024-02-07,487.51983642578125,498.1000061035156,498.5299987792969,495.3599853515625,496.2900085449219,70556500
2024-02-08,487.7351379394531,498.32000732421875,498.7099914550781,497.260009765625,498.1000061035156,52343600
2024-02-09,490.553955078125,501.20001220703125,501.6499938964844,498.489990234375,498.8399963378906,63979400
2024-02-12,490.3386535644531,500.9800109863281,503.5,500.239990234375,501.1700134277344,56502300
2024-02-13,483.5851745605469,494.0799865722656,497.0899963378906,490.7200012207031,494.5299987792969,113099200
2024-02-14,487.9798583984375,498.57000732421875,499.07000732421875,494.3999938964844,496.7900085449219,68387800
2024-02-15,491.34674072265625,502.010009765625,502.20001220703125,498.79998779296875,499.2900085449219,61683000
2024-02-16,488.8998718261719,499.510009765625,502.8699951171875,498.75,501.70001220703125,75532900
2024-02-20,486.20831298828125,496.760009765625,498.4100036621094,494.45001220703125,497.7200012207031,71736700
2024-02-21,486.6487731933594,497.2099914550781,497.3699951171875,493.55999755859375,495.4200134277344,59293400
2024-02-22,496.7201232910156,507.5,508.489990234375,503.0199890136719,504.010009765625,76402500
2024-02-23,497.062744140625,507.8500061035156,510.1300048828125,507.1000061035156,509.2699890136719,61321800
2024-02-26,495.2422180175781,505.989990234375,508.75,505.8599853515625,508.29998779296875,50386700
2024-02-27,496.1622009277344,506.92999267578125,507.1600036621094,504.75,506.70001220703125,48854500
2024-02-28,495.5065002441406,506.260009765625,506.8599853515625,504.9599914550781,505.3299865722656,56506600
2024-02-29,497.28778076171875,508.0799865722656,509.739990234375,505.3500061035156,508.07000732421875,83924800
2024-03-01,501.9564514160156,512.8499755859375,513.2899780273438,508.55999755859375,508.9800109863281,76844800
2024-03-04,501.4181823730469,512.2999877929688,514.2000122070312,512.0,512.030029296875,49799300
2024-03-05,496.4069519042969,507.17999267578125,510.70001220703125,504.9100036621094,510.239990234375,72855600
2024-03-06,498.9223327636719,509.75,512.0700073242188,508.4200134277344,510.54998779296875,68382400
2024-03-07,503.8748474121094,514.8099975585938,515.8900146484375,509.80999755859375,513.1400146484375,58652100
2024-03-08,500.85052490234375,511.7200012207031,518.219970703125,511.1300048828125,515.4600219726562,86532500
2024-03-11,500.41986083984375,511.2799987792969,511.8800048828125,508.5,510.4800109863281,62557200
2024-03-12,505.80303955078125,516.780029296875,517.3800048828125,510.8599853515625,513.4500122070312,73114400
2024-03-13,505.01019287109375,515.969970703125,517.2899780273438,514.489990234375,517.1099853515625,55104100
2024-03-14,504.0119323730469,514.9500122070312,517.1300048828125,511.82000732421875,516.969970703125,110171800
2024-03-15,500.551025390625,509.8299865722656,511.70001220703125,508.1199951171875,510.2099914550781,107646300
2024-03-18,503.5258483886719,512.8599853515625,515.47998046875,512.4400024414062,514.0,88893300
2024-03-19,506.3241271972656,515.7100219726562,516.0,511.1199951171875,512.1500244140625,60755300
2024-03-20,511.0071716308594,520.47998046875,520.6199951171875,515.0800170898438,515.77001953125,69594600
2024-03-21,512.6959838867188,522.2000122070312,524.1099853515625,521.9099731445312,523.3900146484375,60256100
2024-03-22,511.7239685058594,521.2100219726562,522.6099853515625,520.969970703125,522.1099853515625,79070800
2024-03-25,510.3101501464844,519.77001953125,520.9500122070312,519.6099853515625,519.7999877929688,48512100
2024-03-26,509.3675842285156,518.8099975585938,521.5800170898438,518.4000244140625,521.22998046875,65463700
2024-03-27,513.6483154296875,523.1699829101562,523.2100219726562,519.489990234375,521.7100219726562,82999800
2024-03-28,513.5501098632812,523.0700073242188,524.6099853515625,522.780029296875,523.2100219726562,96294900
2024-04-01,512.6566772460938,522.1599731445312,524.3800048828125,520.969970703125,523.8300170898438,62477500
2024-04-02,509.39715576171875,518.8400268554688,518.97998046875,516.47998046875,518.239990234375,74230300
2024-04-03,509.9566345214844,519.4099731445312,520.9500122070312,517.6699829101562,517.719970703125,59155800
2024-04-04,503.7320861816406,513.0700073242188,523.8699951171875,512.760009765625,523.52001953125,96858100
2024-04-05,508.99456787109375,518.4299926757812,520.4400024414062,514.010009765625,514.4600219726562,74546500
2024-04-08,509.2792053222656,518.719970703125,520.1799926757812,517.8900146484375,519.1500244140625,48401800
2024-04-09,509.8683166503906,519.3200073242188,520.75,514.3499755859375,520.5,68049200
2024-04-10,504.76300048828125,514.1199951171875,516.1599731445312,512.0900268554688,513.47998046875,82652800
2024-04-11,508.57232666015625,518.0,519.47998046875,512.0800170898438,515.6799926757812,70099000
2024-04-12,501.55255126953125,510.8500061035156,515.8200073242188,509.0799865722656,514.3699951171875,92561100
2024-04-15,495.26898193359375,504.45001220703125,515.2999877929688,503.5799865722656,515.1300048828125,92101400
2024-04-16,494.3656921386719,503.5299987792969,506.5,502.2099914550781,504.94000244140625,73484000
2024-04-17,491.43994140625,500.54998779296875,506.2200012207031,499.1199951171875,506.04998779296875,75910300
2024-04-18,490.4287109375,499.5199890136719,504.1300048828125,498.55999755859375,501.9800109863281,74548100
2024-04-19,486.1481018066406,495.1600036621094,500.4599914550781,493.8599853515625,499.44000244140625,102212600
2024-04-22,490.6250915527344,499.7200012207031,502.3800048828125,495.42999267578125,497.8299865722656,67961000
2024-04-23,496.4471435546875,505.6499938964844,506.0899963378906,499.5299987792969,501.7799987792969,64633600
2024-04-24,496.2115478515625,505.4100036621094,507.3699951171875,503.1300048828125,506.55999755859375,55928100
2024-04-25,494.3264465332031,503.489990234375,504.2699890136719,497.489990234375,499.17999267578125,69122400
2024-04-26,499.0096740722656,508.260009765625,509.8800048828125,505.70001220703125,506.3500061035156,64306100
2024-04-29,500.77691650390625,510.05999755859375,510.75,507.25,510.0899963378906,46415400
2024-04-30,492.8439636230469,501.9800109863281,509.55999755859375,501.9800109863281,508.55999755859375,77483600
2024-05-01,491.24365234375,500.3500061035156,508.19000244140625,499.8699951171875,501.3800048828125,80242800
2024-05-02,495.83843994140625,505.0299987792969,505.8900146484375,499.54998779296875,504.1499938964844,62550200
2024-05-03,501.9844970703125,511.2900085449219,512.5499877929688,508.55999755859375,511.1600036621094,72756700
2024-05-06,507.1683349609375,516.5700073242188,516.6099853515625,513.2999877929688,513.75,47264700
2024-05-07,507.72796630859375,517.1400146484375,518.5700073242188,516.4500122070312,517.5599975585938,52561300
2024-05-08,507.77716064453125,517.1900024414062,517.739990234375,515.1400146484375,515.260009765625,42047200
2024-05-09,510.702880859375,520.1699829101562,520.2100219726562,516.7100219726562,517.3800048828125,43643700
2024-05-10,511.3607177734375,520.8400268554688,522.6400146484375,519.5900268554688,521.8099975585938,52233200
2024-05-13,511.4293518066406,520.9099731445312,522.6699829101562,519.739990234375,522.5599975585938,36716400
2024-05-14,513.7760009765625,523.2999877929688,523.8300170898438,520.5599975585938,521.1099853515625,57535900
2024-05-15,520.137939453125,529.780029296875,530.0800170898438,525.1799926757812,525.8300170898438,59504900
2024-05-16,519.06787109375,528.6900024414062,531.52001953125,528.5399780273438,529.8800048828125,50244800
2024-05-17,519.8140258789062,529.4500122070312,529.52001953125,527.3200073242188,528.8099975585938,59187600
2024-05-20,520.4129028320312,530.0599975585938,531.5599975585938,529.1699829101562,529.5700073242188,37764200
2024-05-21,521.689208984375,531.3599853515625,531.52001953125,529.0700073242188,529.280029296875,33437000
2024-05-22,520.1870727539062,529.8300170898438,531.3800048828125,527.5999755859375,530.6500244140625,48390000
2024-05-23,516.3875122070312,525.9600219726562,533.0700073242188,524.719970703125,532.9600219726562,57211200
2024-05-24,519.80419921875,529.4400024414062,530.27001953125,526.8800048828125,527.8499755859375,41291100
2024-05-28,520.1674194335938,529.8099975585938,530.510009765625,527.1099853515625,530.27001953125,36269600
2024-05-29,516.52490234375,526.0999755859375,527.3099975585938,525.3699951171875,525.6799926757812,45190300
2024-05-30,513.0985107421875,522.6099853515625,525.2000122070312,521.3300170898438,524.52001953125,46377600
2024-05-31,517.7718505859375,527.3699951171875,527.5,518.3599853515625,523.5900268554688,90785800
2024-06-03,518.1940307617188,527.7999877929688,529.3099975585938,522.5999755859375,529.02001953125,46835700
2024-06-04,518.7732543945312,528.3900146484375,529.1500244140625,524.9600219726562,526.4600219726562,34632700
2024-06-05,524.9390258789062,534.6699829101562,534.6900024414062,528.72998046875,530.77001953125,47610400
2024-06-06,524.9291381835938,534.6599731445312,535.4199829101562,532.6799926757812,534.97998046875,30808500
2024-06-07,524.2909545898438,534.010009765625,536.8900146484375,532.5399780273438,533.6599731445312,43224500
2024-06-10,525.9109497070312,535.6599731445312,535.989990234375,532.5700073242188,533.1799926757812,35686100
2024-06-11,527.1774291992188,536.9500122070312,537.010009765625,532.0499877929688,534.0700073242188,36383400
2024-06-12,531.5072021484375,541.3599853515625,544.1199951171875,540.2999877929688,541.6300048828125,63251300
2024-06-13,532.5774536132812,542.4500122070312,543.3300170898438,539.5900268554688,543.1500244140625,44760900
2024-06-14,532.9014282226562,542.780029296875,542.8099975585938,539.8499755859375,540.8800048828125,40089900
2024-06-17,537.1427001953125,547.0999755859375,548.530029296875,541.6099853515625,542.0800170898438,55839500
2024-06-18,538.5075073242188,548.489990234375,548.6199951171875,546.72998046875,547.1599731445312,41376400
2024-06-20,537.0445556640625,547.0,550.1199951171875,545.1799926757812,549.4400024414062,70328200
2024-06-21,536.3245849609375,544.510009765625,545.6500244140625,543.02001953125,544.4000244140625,64338600
2024-06-24,534.5811767578125,542.739990234375,546.9500122070312,542.6199951171875,544.3300170898438,45528700
2024-06-25,536.6398315429688,544.8300170898438,545.2000122070312,542.4400024414062,543.989990234375,37936200
2024-06-26,537.3095092773438,545.510009765625,546.239990234375,543.030029296875,543.6900024414062,38550600
2024-06-27,538.1566162109375,546.3699951171875,546.9600219726562,544.6099853515625,545.3699951171875,35041500
2024-06-28,536.0388793945312,544.219970703125,550.280029296875,542.9500122070312,547.1599731445312,76144500
2024-07-01,537.14208984375,545.3400268554688,545.8800048828125,542.52001953125,545.6300048828125,40297800
2024-07-02,540.7569580078125,549.010009765625,549.010009765625,543.6500244140625,543.7000122070312,40434800
2024-07-03,543.1701049804688,551.4600219726562,551.8300170898438,548.6500244140625,548.6900024414062,32789900
2024-07-05,546.3023071289062,554.6400146484375,555.0499877929688,551.1199951171875,551.77001953125,41488400
2024-07-08,546.9326782226562,555.280029296875,556.25,554.1900024414062,555.4400024414062,36110500
2024-07-09,547.464599609375,555.8200073242188,557.1799926757812,555.52001953125,556.260009765625,27289700
2024-07-10,552.8818359375,561.3200073242188,561.6699829101562,556.77001953125,557.0700073242188,38701200
2024-07-11,548.1146240234375,556.47998046875,562.3300170898438,555.8300170898438,561.4400024414062,53054200
2024-07-12,551.5718383789062,559.989990234375,563.6699829101562,557.1500244140625,557.6300048828125,53084400
2024-07-15,553.0887451171875,561.530029296875,564.8400268554688,559.6300048828125,562.030029296875,40584300
2024-07-16,556.36865234375,564.8599853515625,565.1599731445312,562.0999755859375,562.8699951171875,36475300
2024-07-17,548.5676879882812,556.9400024414062,560.510009765625,556.6099853515625,558.7999877929688,57119000
2024-07-18,544.3519897460938,552.6599731445312,559.52001953125,550.4299926757812,558.510009765625,56270400
2024-07-19,540.7372436523438,548.989990234375,554.0800170898438,547.9099731445312,552.4199829101562,65509100
2024-07-22,546.3121337890625,554.6500244140625,555.27001953125,551.02001953125,553.0,43346700
2024-07-23,545.4552612304688,553.780029296875,556.739990234375,553.280029296875,554.5399780273438,34439600
2024-07-24,533.0938720703125,541.22998046875,549.1699829101562,540.2899780273438,548.8599853515625,74515300
2024-07-25,530.3162231445312,538.4099731445312,547.4600219726562,537.4500122070312,541.3499755859375,61158300
2024-07-26,536.2555541992188,544.4400024414062,547.1900024414062,541.489990234375,542.280029296875,53763800
2024-07-29,536.57080078125,544.760009765625,547.0499877929688,542.719970703125,546.02001953125,39515800
2024-07-30,533.852294921875,542.0,547.3400268554688,538.52001953125,546.260009765625,46853600
2024-07-31,542.5299072265625,550.8099975585938,553.5,547.5800170898438,548.97998046875,65663400
2024-08-01,534.84716796875,543.010009765625,554.8699951171875,539.4299926757812,552.5700073242188,76428700
2024-08-02,524.88916015625,532.9000244140625,536.989990234375,528.5999755859375,535.75,82789100
2024-08-05,509.6024169921875,517.3800048828125,523.5800170898438,510.2699890136719,511.6400146484375,146267400
2024-08-06,514.3007202148438,522.1500244140625,529.75,517.8699951171875,519.219970703125,84826300
2024-08-07,510.8631591796875,518.6599731445312,531.5900268554688,518.0499877929688,528.469970703125,70698300
2024-08-08,522.6729125976562,530.6500244140625,531.2899780273438,521.8400268554688,523.9099731445312,63276600
2024-08-09,524.977783203125,532.989990234375,534.510009765625,528.5599975585938,529.8099975585938,45619600
2024-08-12,525.2535400390625,533.27001953125,535.72998046875,530.9500122070312,534.2100219726562,42542100
2024-08-13,533.8917236328125,542.0399780273438,542.280029296875,536.280029296875,536.530029296875,52333100
2024-08-14,535.5759887695312,543.75,544.9600219726562,540.1199951171875,542.8499755859375,42446900
2024-08-15,544.7559204101562,553.0700073242188,553.3599853515625,548.8800048828125,549.5,60846800
2024-08-16,545.9772338867188,554.3099975585938,555.02001953125,551.260009765625,551.4199829101562,44430700
2024-08-19,551.1975708007812,559.6099853515625,559.6099853515625,553.8599853515625,554.72998046875,39121800
2024-08-20,550.30126953125,558.7000122070312,560.8400268554688,557.3300170898438,559.1500244140625,33732300
2024-08-21,552.1923828125,560.6199951171875,562.1099853515625,554.72998046875,559.77001953125,41514600
2024-08-22,547.8585205078125,556.219970703125,563.1799926757812,554.97998046875,562.5599975585938,56121500
2024-08-23,553.6796875,562.1300048828125,563.0900268554688,557.2899780273438,559.530029296875,50639400
2024-08-26,552.3599243164062,560.7899780273438,563.9099731445312,559.0499877929688,563.1799926757812,35788600
2024-08-27,553.1182250976562,561.5599975585938,562.0599975585938,558.3200073242188,559.489990234375,32693900
2024-08-28,549.9072875976562,558.2999877929688,561.6500244140625,555.0399780273438,561.2100219726562,41066000
2024-08-29,549.9564208984375,558.3499755859375,563.6799926757812,557.1799926757812,560.3099975585938,38715200
2024-08-30,555.2064208984375,563.6799926757812,564.2000122070312,557.1400146484375,560.77001953125,62700100
2024-09-03,543.7808837890625,552.0800170898438,560.8099975585938,549.510009765625,560.469970703125,60600100
2024-09-04,542.6677856445312,550.9500122070312,554.4299926757812,549.4600219726562,550.2000122070312,47224900
2024-09-05,541.347900390625,549.6099853515625,553.7999877929688,547.0999755859375,550.8900146484375,44264300
2024-09-06,532.2369384765625,540.3599853515625,551.5999755859375,539.4400024414062,549.9400024414062,68493800
2024-09-09,538.1959228515625,546.4099731445312,547.7100219726562,542.6799926757812,544.6500244140625,40445800
2024-09-10,540.5402221679688,548.7899780273438,549.1500244140625,543.3800048828125,548.3599853515625,36394600
2024-09-11,546.0856323242188,554.4199829101562,555.3599853515625,539.9600219726562,548.7000122070312,75248600
2024-09-12,550.6854248046875,559.0900268554688,559.4000244140625,552.739990234375,555.010009765625,51819600
2024-09-13,553.5615844726562,562.010009765625,563.030029296875,559.4500122070312,559.7100219726562,39310500
2024-09-16,554.3790283203125,562.8400268554688,563.1099853515625,559.9000244140625,561.739990234375,36656100
2024-09-17,554.6055908203125,563.0700073242188,566.5800170898438,560.7899780273438,565.0999755859375,49321000
2024-09-18,552.960693359375,561.4000244140625,568.6900024414062,560.8300170898438,563.739990234375,59044900
2024-09-19,562.3966064453125,570.97998046875,572.8800048828125,568.0800170898438,571.010009765625,75315500
2024-09-20,561.4244995117188,568.25,569.3099975585938,565.1699829101562,567.8400268554688,77503100
2024-09-23,562.827392578125,569.6699829101562,570.3300170898438,568.0999755859375,569.3400268554688,44116900
2024-09-24,564.4378051757812,571.2999877929688,571.3599853515625,567.5999755859375,570.47998046875,46805700
2024-09-25,563.1929321289062,570.0399780273438,571.8900146484375,568.9099731445312,571.1400146484375,38428600
2024-09-26,565.42578125,572.2999877929688,574.7100219726562,569.9000244140625,574.3800048828125,48336000
2024-09-27,564.6057739257812,571.469970703125,574.219970703125,570.4199829101562,573.3900146484375,42100900
2024-09-30,566.8682861328125,573.760009765625,574.3800048828125,568.0800170898438,570.4199829101562,63557400
2024-10-01,561.7900390625,568.6199951171875,574.0599975585938,566.0,573.4000244140625,72668800
2024-10-02,562.027099609375,568.8599853515625,569.9000244140625,565.27001953125,567.7100219726562,38097800
2024-10-03,560.9996337890625,567.8200073242188,569.7999877929688,565.489990234375,567.3599853515625,40846500
2024-10-04,566.0977172851562,572.97998046875,573.3599853515625,568.0999755859375,572.3499755859375,42939100
2024-10-07,560.9798583984375,567.7999877929688,571.9600219726562,566.6300048828125,571.2999877929688,49964700
2024-10-08,566.2853393554688,573.1699829101562,573.780029296875,569.530029296875,570.4199829101562,37398700
2024-10-09,570.207763671875,577.1400146484375,577.7100219726562,572.5499877929688,573.1599731445312,37912200
2024-10-10,569.2098388671875,576.1300048828125,577.5800170898438,574.489990234375,575.77001953125,44138100
2024-10-11,572.618408203125,579.5800170898438,580.3300170898438,575.9099731445312,576.0499877929688,42268000
2024-10-14,577.3013916015625,584.3200073242188,585.27001953125,580.72998046875,581.219970703125,36217200
2024-10-15,572.8159790039062,579.780029296875,584.9000244140625,578.5399780273438,584.5900268554688,54203600
2024-10-16,575.3057250976562,582.2999877929688,582.8300170898438,578.9600219726562,579.780029296875,30725400
2024-10-17,575.3550415039062,582.3499755859375,586.1199951171875,582.1599731445312,585.9099731445312,34393700
2024-10-18,577.5681762695312,584.5900268554688,585.3900146484375,582.5800170898438,584.0700073242188,37416800
2024-10-21,576.6197509765625,583.6300048828125,584.8499755859375,580.5999755859375,583.8499755859375,36439000
2024-10-22,576.3134155273438,583.3200073242188,584.5,580.3800048828125,581.0499877929688,34183800
2024-10-23,571.0474243164062,577.989990234375,581.7100219726562,574.4199829101562,581.260009765625,49314600
2024-10-24,572.282470703125,579.239990234375,580.0599975585938,576.5700073242188,579.97998046875,34979900
2024-10-25,572.0848999023438,579.0399780273438,584.4600219726562,578.0800170898438,581.510009765625,47268200
2024-10-28,573.8533935546875,580.8300170898438,582.7100219726562,580.52001953125,582.5800170898438,30174700
2024-10-29,574.7821044921875,581.77001953125,582.9099731445312,578.4299926757812,579.8499755859375,42899700
2024-10-30,573.0431518554688,580.010009765625,583.3200073242188,579.2899780273438,581.2899780273438,41435800
2024-10-31,561.8097534179688,568.6400146484375,575.6300048828125,568.4400024414062,575.5599975585938,60182500
2024-11-01,564.180908203125,571.0399780273438,575.5499877929688,570.6199951171875,571.3200073242188,45667500
2024-11-04,562.9656982421875,569.8099975585938,572.5,567.8900146484375,571.1799926757812,38217000
2024-11-05,569.7730102539062,576.7000122070312,576.739990234375,570.52001953125,570.739990234375,39478300
2024-11-06,583.940673828125,591.0399780273438,591.9299926757812,585.3900146484375,589.2000122070312,68182000
2024-11-07,588.4558715820312,595.6099853515625,596.6500244140625,593.0,593.0800170898438,47233200
2024-11-08,591.0048217773438,598.1900024414062,599.6400146484375,596.1699829101562,596.1699829101562,46444900
2024-11-11,591.5680541992188,598.760009765625,600.1699829101562,597.0,599.8099975585938,37586800
2024-11-12,589.7303466796875,596.9000244140625,599.2899780273438,594.3699951171875,598.6799926757812,43006100
2024-11-13,590.016845703125,597.1900024414062,599.22998046875,594.9600219726562,597.3699951171875,47388600
2024-11-14,586.2229614257812,593.3499755859375,597.8099975585938,592.6500244140625,597.3200073242188,38904100
2024-11-15,578.7142944335938,585.75,590.2000122070312,583.8599853515625,589.719970703125,75988800
2024-11-18,581.08544921875,588.1500244140625,589.489990234375,585.3400268554688,586.219970703125,37001700
2024-11-19,583.2095947265625,590.2999877929688,591.0399780273438,584.030029296875,584.7100219726562,49412000
2024-11-20,583.4072265625,590.5,590.7899780273438,584.6300048828125,590.3800048828125,50032600
2024-11-21,586.5391845703125,593.6699829101562,595.1199951171875,587.4500122070312,593.4000244140625,46750300
2024-11-22,588.3569946289062,595.510009765625,596.1500244140625,593.1500244140625,593.6599731445312,38226400
2024-11-25,590.352783203125,597.530029296875,600.8599853515625,595.2000122070312,599.52001953125,42441400
2024-11-26,593.435302734375,600.6500244140625,601.3300170898438,598.0700073242188,598.7999877929688,45621300
2024-11-27,591.6371459960938,598.8300170898438,600.8499755859375,597.280029296875,600.4600219726562,34000200
2024-11-29,595.3124389648438,602.5499877929688,603.3499755859375,599.3800048828125,599.6599731445312,30177400
2024-12-02,596.3794555664062,603.6300048828125,604.3200073242188,602.469970703125,602.969970703125,31746000
2024-12-03,596.6561889648438,603.9099731445312,604.1599731445312,602.3400268554688,603.3900146484375,26906600
2024-12-04,600.3610229492188,607.6599731445312,607.9099731445312,604.9500122070312,605.6300048828125,42787600
2024-12-05,599.3731079101562,606.6599731445312,608.47998046875,606.2999877929688,607.6599731445312,28762200
2024-12-06,600.50927734375,607.8099975585938,609.0700073242188,607.02001953125,607.4400024414062,31241500
2024-12-09,597.4169311523438,604.6799926757812,607.8599853515625,604.0800170898438,607.6900024414062,34742700
2024-12-10,595.5595092773438,602.7999877929688,605.7999877929688,602.1300048828125,605.3699951171875,37234500
2024-12-11,600.1635131835938,607.4600219726562,608.4299926757812,605.5,605.780029296875,28677700
2024-12-12,597.0711059570312,604.3300170898438,607.1599731445312,604.3300170898438,606.5800170898438,31543800
2024-12-13,596.9525146484375,604.2100219726562,607.1300048828125,602.8099975585938,606.4000244140625,35904700
2024-12-16,599.5015258789062,606.7899780273438,607.780029296875,605.2100219726562,606.0,43695200
2024-12-17,597.0315551757812,604.2899780273438,605.1699829101562,602.8900146484375,604.1900024414062,55773500
2024-12-18,579.2379150390625,586.280029296875,606.4099731445312,585.8900146484375,603.97998046875,108248700
2024-12-19,579.06005859375,586.0999755859375,593.0,585.8499755859375,591.3599853515625,85919500
2024-12-20,586.01513671875,591.1500244140625,595.75,580.9099731445312,581.77001953125,125716700
2024-12-23,589.5244140625,594.6900024414062,595.2999877929688,587.6599731445312,590.8900146484375,57635800
2024-12-24,596.0769653320312,601.2999877929688,601.3400268554688,595.469970703125,596.0599975585938,33160100
2024-12-26,596.1166381835938,601.3400268554688,602.47998046875,598.0800170898438,599.5,41219100
2024-12-27,589.8416137695312,595.010009765625,597.780029296875,590.760009765625,597.5399780273438,64969300
2024-12-30,583.110595703125,588.219970703125,591.739990234375,584.4099731445312,587.8900146484375,56578800
2024-12-31,580.9891357421875,586.0800170898438,590.6400146484375,584.4199829101562,589.9099731445312,57052700
2025-01-02,579.5617065429688,584.6400146484375,591.1300048828125,580.5,589.3900146484375,50204000
2025-01-03,586.8081665039062,591.9500122070312,592.5999755859375,586.4299926757812,587.530029296875,37888500
2025-01-06,590.1885375976562,595.3599853515625,599.7000122070312,593.5999755859375,596.27001953125,47679400
2025-01-07,583.5170288085938,588.6300048828125,597.75,586.780029296875,597.4199829101562,60393100
2025-01-08,584.3695068359375,589.489990234375,590.5800170898438,585.2000122070312,588.7000122070312,47304700
2025-01-10,575.4476928710938,580.489990234375,585.9500122070312,578.5499877929688,585.8800048828125,73105000
2025-01-13,576.3399047851562,581.3900146484375,581.75,575.3499755859375,575.77001953125,47910100
2025-01-14,577.1329345703125,582.1900024414062,585.0,578.3499755859375,584.3599853515625,48420600
2025-01-15,587.6310424804688,592.780029296875,593.9400024414062,589.2000122070312,590.3300170898438,56900200
2025-01-16,586.5008544921875,591.6400146484375,594.3499755859375,590.9299926757812,594.1699829101562,43319700
2025-01-17,592.3892822265625,597.5800170898438,599.3599853515625,595.6099853515625,596.9600219726562,58070600
2025-01-21,597.811767578125,603.0499877929688,603.0599975585938,598.6699829101562,600.6699829101562,42532900
2025-01-22,601.1723022460938,606.4400024414062,607.8200073242188,605.3599853515625,605.9199829101562,48196000
2025-01-23,604.4535522460938,609.75,609.75,605.52001953125,605.7999877929688,41152100
2025-01-24,602.68896484375,607.969970703125,610.780029296875,606.7999877929688,609.8099975585938,34604700
2025-01-27,594.1636962890625,599.3699951171875,599.6900024414062,594.6400146484375,594.8099975585938,70361100
2025-01-28,599.26904296875,604.52001953125,605.3699951171875,597.25,600.6199951171875,44433300
2025-01-29,596.58251953125,601.8099975585938,604.1300048828125,599.219970703125,603.719970703125,37177400
2025-01-30,599.784423828125,605.0399780273438,606.5999755859375,600.719970703125,603.9600219726562,39281300
2025-01-31,596.5924682617188,601.8200073242188,609.9600219726562,601.0499877929688,607.5,66566900
2025-02-03,592.57763671875,597.77001953125,600.2899780273438,590.489990234375,592.6699829101562,65857200
2025-02-04,596.5527954101562,601.780029296875,602.2999877929688,597.280029296875,597.8300170898438,33457800
2025-02-05,598.9714965820312,604.219970703125,604.3699951171875,598.5800170898438,600.6400146484375,30653100
2025-02-06,601.0533447265625,606.3200073242188,606.4500122070312,602.6300048828125,605.989990234375,35771500
2025-02-07,595.5515747070312,600.77001953125,608.1300048828125,600.0499877929688,606.8900146484375,50788500
2025-02-10,599.5960693359375,604.8499755859375,605.5,602.739990234375,604.030029296875,26048700
2025-02-11,600.0521240234375,605.3099975585938,605.8599853515625,602.4299926757812,602.5499877929688,30056700
2025-02-12,598.1190795898438,603.3599853515625,604.5499877929688,598.510009765625,599.2000122070312,45076100
2025-02-13,604.4337158203125,609.72998046875,609.9400024414062,603.2000122070312,604.47998046875,40921300
2025-02-14,604.4039916992188,609.7000122070312,610.989990234375,609.0700073242188,609.9400024414062,26910400
2025-02-18,606.1784057617188,611.489990234375,611.489990234375,608.3800048828125,610.8800048828125,26749000
2025-02-19,607.6058959960938,612.9299926757812,613.22998046875,609.5599975585938,610.0800170898438,31011100
2025-02-20,605.078125,610.3800048828125,611.6799926757812,607.02001953125,611.5399780273438,36554000
2025-02-21,594.7288208007812,599.9400024414062,610.2999877929688,599.469970703125,610.1599731445312,76519800
2025-02-24,592.0225219726562,597.2100219726562,603.030029296875,596.489990234375,602.02001953125,50737200
2025-02-25,589.0783081054688,594.239990234375,597.8900146484375,589.5599975585938,597.1500244140625,58266500
2025-02-26,589.3756103515625,594.5399780273438,599.5800170898438,591.8599853515625,595.9299926757812,43321600
2025-02-27,579.9680786132812,585.0499877929688,598.02001953125,584.6500244140625,596.8499755859375,74196700
2025-02-28,589.018798828125,594.1799926757812,594.719970703125,582.4400024414062,585.5599975585938,88744100
2025-03-03,578.69921875,583.77001953125,597.3400268554688,579.9000244140625,596.1799926757812,74249200
2025-03-04,571.8492431640625,576.8599853515625,585.3900146484375,572.25,579.7100219726562,109648200
2025-03-05,577.995361328125,583.0599975585938,584.8800048828125,573.0800170898438,576.6900024414062,71230500
2025-03-06,567.7352905273438,572.7100219726562,580.1699829101562,570.1199951171875,575.47998046875,80094900
2025-03-07,570.9173583984375,575.9199829101562,577.3900146484375,565.6300048828125,570.9000244140625,81158800
2025-03-10,555.710693359375,560.5800170898438,569.5399780273438,555.5900268554688,567.5900268554688,99326600
2025-03-11,551.0911254882812,555.9199829101562,564.02001953125,552.02001953125,559.4000244140625,88102100
2025-03-12,554.0155029296875,558.8699951171875,563.1099853515625,553.6900024414062,562.1699829101562,69588200
2025-03-13,546.6302490234375,551.4199829101562,559.1099853515625,549.6799926757812,558.489990234375,74079400
2025-03-14,557.9212646484375,562.8099975585938,563.8300170898438,551.489990234375,556.1099853515625,62660300
2025-03-17,562.2235717773438,567.1500244140625,569.7100219726562,562.3499755859375,562.7899780273438,49008700
2025-03-18,556.1468505859375,561.02001953125,565.02001953125,559.0599975585938,564.7999877929688,66041400
2025-03-19,562.2037353515625,567.1300048828125,570.9500122070312,561.6300048828125,562.8300170898438,66556000
2025-03-20,560.5780029296875,565.489990234375,570.5700073242188,562.5999755859375,563.3300170898438,62958200
2025-03-21,560.762939453125,563.97998046875,564.8900146484375,558.030029296875,559.280029296875,83763000
2025-03-24,570.8053588867188,574.0800170898438,575.1500244140625,570.2000122070312,570.7999877929688,58766800
2025-03-25,572.177490234375,575.4600219726562,576.4099731445312,573.6900024414062,575.2999877929688,38355700
2025-03-26,565.3466796875,568.5900268554688,576.3300170898438,567.1900024414062,575.1900024414062,51848300
2025-03-27,563.8452758789062,567.0800170898438,570.9000244140625,564.9400024414062,567.1799926757812,42164200
2025-03-28,552.4904174804688,555.6599731445312,566.27001953125,555.0700073242188,565.530029296875,71662700
2025-03-31,556.1991577148438,559.3900146484375,560.7100219726562,546.8699951171875,549.8300170898438,95328200
2025-04-01,557.7700805664062,560.969970703125,562.9400024414062,553.6799926757812,557.4500122070312,54609600
2025-04-02,561.2998657226562,564.52001953125,567.4199829101562,554.8099975585938,555.0499877929688,76014500
2025-04-03,533.6386108398438,536.7000122070312,547.969970703125,536.7000122070312,545.1099853515625,125986000
2025-04-04,502.3977966308594,505.2799987792969,525.8699951171875,505.05999755859375,523.6699829101562,217965100
2025-04-07,501.5029296875,504.3800048828125,523.1699829101562,481.79998779296875,489.19000244140625,256611400
2025-04-08,493.64801025390625,496.4800109863281,524.97998046875,489.1600036621094,521.8599853515625,165816600
2025-04-09,545.4906005859375,548.6199951171875,548.6199951171875,493.04998779296875,493.44000244140625,241867300
2025-04-10,521.5877685546875,524.5800170898438,533.5,509.32000732421875,532.1699829101562,162331200
2025-04-11,530.8943481445312,533.9400024414062,536.4299926757812,520.0700073242188,523.010009765625,97866300
2025-04-14,536.0447387695312,539.1199951171875,544.280029296875,533.8599853515625,544.0499877929688,68034000
2025-04-15,534.5433349609375,537.6099853515625,543.22998046875,536.8099975585938,539.6699829101562,56892900
2025-04-16,522.6615600585938,525.6599731445312,537.8900146484375,520.2899780273438,531.6799926757812,83484800
2025-04-17,523.4072265625,526.4099731445312,531.1699829101562,523.9099731445312,527.6400146484375,79868100
2025-04-21,510.94873046875,513.8800048828125,521.7000122070312,508.4599914550781,521.1599731445312,69368100
2025-04-22,524.2424926757812,527.25,529.2999877929688,519.1900024414062,520.1400146484375,75948100
2025-04-23,532.3658447265625,535.4199829101562,545.4299926757812,533.8800048828125,540.4299926757812,90590700
2025-04-24,543.5715942382812,546.6900024414062,547.4299926757812,535.4500122070312,536.719970703125,64150400
2025-04-25,547.4990234375,550.6400146484375,551.0499877929688,543.6900024414062,546.6500244140625,61119600
2025-04-28,547.7078247070312,550.8499755859375,553.5499877929688,545.02001953125,551.3900146484375,47613800
2025-04-29,551.1580200195312,554.3200073242188,555.4500122070312,548.5499877929688,548.9099731445312,47775100
2025-04-30,551.3768310546875,554.5399780273438,556.52001953125,541.52001953125,547.5700073242188,93101500
2025-05-01,555.2843627929688,558.469970703125,564.0700073242188,557.8599853515625,560.3699951171875,63186100
2025-05-02,563.527099609375,566.760009765625,568.3800048828125,562.3800048828125,564.72998046875,60717300
2025-05-05,560.295654296875,563.510009765625,566.6500244140625,561.7000122070312,562.5700073242188,38659200
2025-05-06,555.6124877929688,558.7999877929688,563.3499755859375,556.9600219726562,557.9299926757812,48264700
2025-05-07,557.9490966796875,561.1500244140625,563.8200073242188,556.0399780273438,560.1500244140625,55588000
2025-05-08,561.8367919921875,565.0599975585938,570.3099975585938,561.7000122070312,565.239990234375,65130800
2025-05-09,561.1209716796875,564.3400268554688,567.5,562.760009765625,566.47998046875,37603400
2025-05-12,579.66455078125,582.989990234375,583.0,577.0399780273438,581.469970703125,78993600
2025-05-13,583.4925537109375,586.8400268554688,589.0800170898438,582.8400268554688,583.4099731445312,67947200
2025-05-14,584.23828125,587.5900268554688,588.97998046875,585.5399780273438,587.8099975585938,66283500
2025-05-15,587.0919189453125,590.4600219726562,590.969970703125,585.0999755859375,585.5599975585938,71268100
2025-05-16,590.8106079101562,594.2000122070312,594.5,589.280029296875,591.25,76052100
2025-05-19,591.4568481445312,594.8499755859375,595.5399780273438,588.0999755859375,588.0999755859375,68168500
2025-05-20,589.46826171875,592.8499755859375,594.0499877929688,589.5999755859375,593.0900268554688,60614500
2025-05-21,579.5352783203125,582.8599853515625,592.5800170898438,581.8200073242188,588.4400024414062,95197700
2025-05-22,579.7639770507812,583.0900268554688,586.6199951171875,581.4099731445312,582.6599731445312,70860400
2025-05-23,575.806640625,579.1099853515625,581.8099975585938,575.5999755859375,575.97998046875,76029000
2025-05-27,587.7780151367188,591.1500244140625,591.3099975585938,578.4299926757812,586.0700073242188,72588500
2025-05-28,584.37744140625,587.72998046875,592.77001953125,586.989990234375,591.5599975585938,68445500
2025-05-29,586.6842651367188,590.0499877929688,593.2000122070312,586.0700073242188,593.0599975585938,69973300
2025-05-30,586.0280151367188,589.3900146484375,591.1300048828125,583.239990234375,588.9299926757812,90601200
2025-06-02,589.3291015625,592.7100219726562,592.7899780273438,585.0599975585938,587.760009765625,61630500
2025-06-03,592.6898193359375,596.0900268554688,597.0800170898438,591.8499755859375,592.3400268554688,63606200
2025-06-04,592.5307006835938,595.9299926757812,597.9500122070312,595.489990234375,596.9600219726562,57314200
2025-06-05,589.6671142578125,593.0499877929688,599.0,591.0499877929688,597.6300048828125,92278700
2025-06-06,595.722412109375,599.1400146484375,600.8300170898438,596.8599853515625,598.6599731445312,66588700
2025-06-09,596.2593383789062,599.6799926757812,601.25,598.489990234375,599.719970703125,53016400
2025-06-10,599.6399536132812,603.0800170898438,603.469970703125,599.0900268554688,600.219970703125,66247000
2025-06-11,597.9297485351562,601.3599853515625,605.0599975585938,599.27001953125,604.1900024414062,73658200
2025-06-12,600.3060913085938,603.75,603.75,599.52001953125,600.010009765625,64129000
2025-06-13,593.5946044921875,597.0,601.8499755859375,595.47998046875,598.5,89506000
2025-06-16,599.2421875,602.6799926757812,604.4500122070312,600.219970703125,600.4000244140625,79984100
2025-06-17,594.12158203125,597.530029296875,601.75,596.760009765625,600.2100219726562,82209400
2025-06-18,594.0321044921875,597.4400024414062,601.219970703125,596.469970703125,598.4400024414062,76605000
2025-06-20,592.636962890625,594.280029296875,599.4600219726562,592.8599853515625,598.3800048828125,94051400
2025-06-23,598.49072265625,600.1500244140625,600.5399780273438,591.8900146484375,595.0399780273438,87426000
2025-06-24,605.1024169921875,606.780029296875,607.8499755859375,603.4099731445312,604.3300170898438,67735300
2025-06-25,605.4414672851562,607.1199951171875,608.6099853515625,605.5399780273438,607.9099731445312,62114800
2025-06-26,610.1783447265625,611.8699951171875,612.3099975585938,608.3699951171875,608.989990234375,78548400
2025-06-27,613.2098999023438,614.9099731445312,616.3900146484375,610.8300170898438,612.8800048828125,86258400
2025-06-30,616.1417846679688,617.8499755859375,619.219970703125,615.0399780273438,617.3800048828125,92502500
2025-07-01,615.9423828125,617.6500244140625,618.8300170898438,615.52001953125,616.3599853515625,70030100
2025-07-02,618.734619140625,620.4500122070312,620.489990234375,616.6099853515625,617.239990234375,66510400
2025-07-03,623.611083984375,625.3400268554688,626.280029296875,622.4299926757812,622.4500122070312,51065800
2025-07-07,618.9639892578125,620.6799926757812,624.030029296875,617.8699951171875,623.3599853515625,74814500
2025-07-08,618.6249389648438,620.3400268554688,622.1099853515625,619.52001953125,621.3499755859375,59024600
2025-07-09,622.3345947265625,624.0599975585938,624.719970703125,620.9099731445312,622.77001953125,66113300
2025-07-10,624.0897827148438,625.8200073242188,626.8699951171875,623.010009765625,624.2000122070312,57529000
2025-07-11,621.8958129882812,623.6199951171875,624.8599853515625,621.530029296875,622.739990234375,63670200
2025-07-14,623.08251953125,624.8099975585938,625.1599731445312,621.7999877929688,623.1599731445312,51898500
2025-07-15,620.419921875,622.1400146484375,627.8599853515625,622.0599975585938,627.52001953125,74317300
2025-07-16,622.494140625,624.219970703125,624.72998046875,618.0499877929688,623.739990234375,88987500
2025-07-17,626.3035888671875,628.0399780273438,628.4000244140625,624.1799926757812,624.4000244140625,68885700
2025-07-18,625.8449096679688,627.5800170898438,629.469970703125,626.4600219726562,629.2999877929688,65621600
2025-07-21,627.0316162109375,628.77001953125,631.5399780273438,628.3400268554688,628.77001953125,63375000
2025-07-22,627.121337890625,628.8599853515625,629.72998046875,626.1900024414062,629.0999755859375,60046300
2025-07-23,632.4566040039062,634.2100219726562,634.2100219726562,629.72998046875,631.5499877929688,70511000
2025-07-24,632.6659545898438,634.4199829101562,636.1500244140625,633.989990234375,634.5999755859375,71307100
2025-07-25,635.3385620117188,637.0999755859375,637.5800170898438,634.8400268554688,635.0900268554688,56865400
2025-07-28,635.1790161132812,636.9400024414062,638.0399780273438,635.5399780273438,637.47998046875,54917100
2025-07-29,633.503662109375,635.260009765625,638.6699829101562,634.3400268554688,638.3499755859375,60556300
2025-07-30,632.7058715820312,634.4600219726562,637.6799926757812,631.5399780273438,635.9199829101562,80418900
2025-07-31,630.3324584960938,632.0800170898438,639.8499755859375,630.77001953125,639.4600219726562,103385200
2025-08-01,620.0010375976562,621.719970703125,626.3400268554688,619.2899780273438,626.2999877929688,140103600
2025-08-04,629.4249267578125,631.1699829101562,631.219970703125,625.5800170898438,625.6699829101562,73218000
2025-08-05,626.2337646484375,627.969970703125,632.6099853515625,627.0399780273438,631.7899780273438,68051400
2025-08-06,631.030517578125,632.780029296875,633.4400024414062,628.1300048828125,629.0499877929688,64357500
2025-08-07,630.501953125,632.25,636.97998046875,629.1099853515625,636.239990234375,74205800
2025-08-08,635.4183349609375,637.1799926757812,637.6500244140625,633.739990234375,634.0599975585938,64051600
2025-08-11,634.1618041992188,635.9199829101562,638.9500122070312,634.6599731445312,637.4600219726562,58742300
2025-08-12,640.9131469726562,642.6900024414062,642.8499755859375,636.7899780273438,638.2899780273438,64730800
2025-08-13,643.1070556640625,644.8900146484375,646.1900024414062,642.6799926757812,644.9099731445312,60092800
2025-08-14,643.1668701171875,644.9500122070312,645.6199951171875,642.3400268554688,642.7899780273438,59327500
2025-08-15,641.6610717773438,643.4400024414062,646.0900268554688,642.52001953125,645.989990234375,68592500
2025-08-18,641.5214233398438,643.2999877929688,644.0,642.1799926757812,642.8599853515625,43804900
2025-08-19,638.0410766601562,639.8099975585938,644.1099853515625,638.47998046875,643.1199951171875,69750700
2025-08-20,636.3457641601562,638.1099853515625,639.6599731445312,632.9500122070312,639.4000244140625,88890300
2025-08-21,633.7928466796875,635.5499877929688,637.969970703125,633.8099975585938,636.280029296875,54805800
2025-08-22,643.52587890625,645.3099975585938,646.5,637.25,637.760009765625,84083200
2025-08-25,640.6936645507812,642.469970703125,645.2899780273438,642.3499755859375,644.0399780273438,51274300
2025-08-26,643.3762817382812,645.1599731445312,645.510009765625,641.5700073242188,642.2000122070312,51581600
2025-08-27,644.8422241210938,646.6300048828125,647.3699951171875,644.4199829101562,644.5700073242188,48341100
2025-08-28,647.1258544921875,648.9199829101562,649.47998046875,645.3400268554688,647.239990234375,61519500
2025-08-29,643.2666015625,645.0499877929688,647.8400268554688,643.1400146484375,647.469970703125,74522200
2025-09-02,638.4998168945312,640.27001953125,640.489990234375,634.9199829101562,637.5,81983500
2025-09-03,641.960205078125,643.739990234375,644.2100219726562,640.4600219726562,642.6699829101562,70820900
2025-09-04,647.3253173828125,649.1199951171875,649.1500244140625,643.510009765625,644.4199829101562,65219200
2025-09-05,645.4505004882812,647.239990234375,652.2100219726562,643.3300170898438,651.47998046875,85178900
2025-09-08,647.0361328125,648.8300170898438,649.8400268554688,647.22998046875,648.6199951171875,63133100
2025-09-09,648.531982421875,650.3300170898438,650.8599853515625,647.219970703125,648.969970703125,66133900
2025-09-10,650.4067993164062,652.2100219726562,654.5499877929688,650.6300048828125,653.6199951171875,78034500
2025-09-11,655.8118286132812,657.6300048828125,658.3300170898438,653.5900268554688,654.1799926757812,69934400
2025-09-12,655.5924072265625,657.4099731445312,659.1099853515625,656.9000244140625,657.5999755859375,72780100
2025-09-15,659.0827026367188,660.9099731445312,661.0399780273438,659.3400268554688,659.6400146484375,63772400
2025-09-16,658.1752319335938,660.0,661.780029296875,659.2100219726562,661.469970703125,61169000
2025-09-17,657.3575439453125,659.1799926757812,661.719970703125,654.2999877929688,660.010009765625,101952200
2025-09-18,660.4290161132812,662.260009765625,664.8900146484375,660.27001953125,661.8900146484375,90459200
2025-09-19,663.7000122070312,663.7000122070312,664.5499877929688,660.3699951171875,662.3300170898438,97945600
2025-09-22,666.8400268554688,666.8400268554688,667.2899780273438,662.1699829101562,662.2000122070312,69452200
2025-09-23,663.2100219726562,663.2100219726562,667.3400268554688,661.97998046875,666.719970703125,81708900
2025-09-24,661.0999755859375,661.0999755859375,664.6099853515625,659.6699829101562,664.510009765625,68082200
2025-09-25,658.0499877929688,658.0499877929688,659.4099731445312,654.4099731445312,657.9400024414062,89622100
2025-09-26,661.8200073242188,661.8200073242188,662.3699951171875,657.8800048828125,659.510009765625,69179200
2025-09-29,663.6799926757812,663.6799926757812,665.280029296875,661.8599853515625,664.3599853515625,73499000
2025-09-30,666.1799926757812,666.1799926757812,666.6500244140625,661.6099853515625,662.9299926757812,86288000
2025-10-01,668.4500122070312,668.4500122070312,669.3699951171875,663.0599975585938,663.1699829101562,72545400
2025-10-02,669.219970703125,669.219970703125,670.5700073242188,666.780029296875,670.4500122070312,56896000
2025-10-03,669.2100219726562,669.2100219726562,672.6799926757812,668.1599731445312,669.989990234375,70494400
2025-10-06,671.6099853515625,671.6099853515625,672.510009765625,669.4600219726562,671.6199951171875,54623300
2025-10-07,669.1199951171875,669.1199951171875,672.989990234375,667.6699829101562,672.5399780273438,72020100
2025-10-08,673.1099853515625,673.1099853515625,673.2100219726562,669.4199829101562,670.25,60702200
2025-10-09,671.1599731445312,671.1599731445312,673.9400024414062,669.2100219726562,673.530029296875,66501900
2025-10-10,653.02001953125,653.02001953125,673.9500122070312,652.8400268554688,672.1300048828125,159422600
2025-10-13,663.0399780273438,663.0399780273438,665.1300048828125,659.77001953125,660.6500244140625,79560500
2025-10-14,662.22998046875,662.22998046875,665.8300170898438,653.1699829101562,657.1699829101562,88779600
2025-10-15,665.1699829101562,665.1699829101562,670.22998046875,658.9299926757812,666.8200073242188,81702600
2025-10-16,660.6400146484375,660.6400146484375,668.7100219726562,657.1099853515625,666.8200073242188,110563300
2025-10-17,664.3900146484375,664.3900146484375,665.760009765625,658.1400146484375,659.5,96500900
2025-10-20,671.2999877929688,671.2999877929688,672.2100219726562,667.27001953125,667.3200073242188,60493400
2025-10-21,671.2899780273438,671.2899780273438,672.989990234375,669.97998046875,671.4400024414062,56249000
2025-10-22,667.7999877929688,667.7999877929688,672.0,663.2999877929688,672.0,80564000
2025-10-23,671.760009765625,671.760009765625,672.7100219726562,667.7999877929688,668.1199951171875,65604500
2025-10-24,677.25,677.25,678.469970703125,675.6500244140625,676.4600219726562,74356500
2025-10-27,685.239990234375,685.239990234375,685.5399780273438,682.1199951171875,682.72998046875,63339800
2025-10-28,687.0599975585938,687.0599975585938,688.9099731445312,684.8300170898438,687.0499877929688,61738100
2025-10-29,687.3900146484375,687.3900146484375,689.7000122070312,682.8699951171875,688.719970703125,85657100
2025-10-30,679.8300170898438,679.8300170898438,685.9400024414062,679.8300170898438,683.9000244140625,76335800
2025-10-31,682.0599975585938,682.0599975585938,685.0800170898438,679.239990234375,685.0399780273438,87164100
2025-11-03,683.3400268554688,683.3400268554688,685.7999877929688,679.9400024414062,685.6699829101562,57315000
2025-11-04,675.239990234375,675.239990234375,679.9600219726562,674.5800170898438,676.1099853515625,78427000
2025-11-05,677.5800170898438,677.5800170898438,680.8599853515625,674.1699829101562,674.97998046875,74402400
2025-11-06,670.3099975585938,670.3099975585938,677.3800048828125,668.719970703125,676.469970703125,85035300
2025-11-07,670.969970703125,670.969970703125,671.0800170898438,661.2100219726562,667.9099731445312,100592400
2025-11-10,681.4400024414062,681.4400024414062,682.1799926757812,675.030029296875,677.239990234375,75842900
2025-11-11,683.0,683.0,683.5700073242188,678.72998046875,679.9500122070312,58953400
2025-11-12,683.3800048828125,683.3800048828125,684.9600219726562,680.9500122070312,684.7899780273438,62312500
2025-11-13,672.0399780273438,672.0399780273438,680.8599853515625,670.52001953125,680.5,103457800
2025-11-14,671.9299926757812,671.9299926757812,675.6599731445312,663.27001953125,665.3800048828125,96733700
